dt,open,high,low,close,volume
2026-09-07 09:21:00,299.0,299.0,299.0,299.0,0.0
2026-09-07 09:22:00,296.8,296.8,294.8,294.8,4.0
2026-09-07 09:23:00,297.85,297.85,297.85,297.85,1.0
2026-09-07 09:25:00,290.0,290.0,290.0,290.0,2.0
2026-09-07 09:26:00,290.0,290.3,287.25,290.3,14.0
2026-09-07 09:27:00,288.55,288.55,288.2,288.2,2.0
2026-09-07 09:28:00,287.1,287.1,287.1,287.1,1.0
2026-09-07 09:29:00,288.8,288.8,288.8,288.8,1.0
2026-09-07 09:33:00,288.4,288.4,288.4,288.4,1.0
2026-09-07 09:34:00,291.65,291.65,291.65,291.65,1.0
2026-09-07 09:38:00,292.1,292.1,292.05,292.05,2.0
2026-09-07 09:42:00,292.35,292.35,292.35,292.35,1.0
2026-09-07 09:44:00,292.5,292.5,292.5,292.5,1.0
2026-09-07 09:46:00,293.9,293.9,293.9,293.9,1.0
2026-09-07 09:48:00,290.0,290.0,290.0,290.0,1.0
2026-09-07 09:54:00,284.0,284.0,284.0,284.0,1.0
2026-09-07 09:55:00,286.3,286.3,286.0,286.0,3.0
2026-09-07 09:56:00,286.0,286.0,286.0,286.0,1.0
2026-09-07 09:59:00,287.0,287.0,287.0,287.0,1.0
2026-09-07 10:01:00,285.05,285.05,285.0,285.0,2.0
2026-09-07 10:02:00,285.6,285.6,285.6,285.6,1.0
2026-09-07 10:05:00,287.25,287.6,287.25,287.6,5.0
2026-09-07 10:10:00,285.6,285.6,285.6,285.6,1.0
2026-09-07 10:11:00,285.6,285.6,285.6,285.6,2.0
2026-09-07 10:15:00,284.0,284.0,284.0,284.0,1.0
2026-09-07 10:17:00,277.75,278.9,276.0,277.55,11.0
2026-09-07 10:18:00,278.85,280.15,278.85,280.15,3.0
2026-09-07 10:19:00,280.05,280.05,279.5,279.5,6.0
2026-09-07 10:20:00,279.5,279.5,279.5,279.5,7.0
2026-09-07 10:21:00,280.6,280.7,280.6,280.7,3.0
2026-09-07 10:25:00,283.45,286.3,283.45,286.3,20.0
2026-09-07 10:30:00,283.4,283.4,283.4,283.4,3.0
2026-09-07 10:34:00,284.0,284.0,284.0,284.0,1.0
2026-09-07 10:37:00,280.2,280.2,280.2,280.2,1.0
2026-09-07 10:40:00,280.85,282.15,280.85,282.15,3.0
2026-09-07 10:41:00,282.15,282.15,282.15,282.15,1.0
2026-09-07 10:45:00,282.0,282.0,282.0,282.0,1.0
2026-09-07 10:50:00,281.15,281.15,281.15,281.15,1.0
2026-09-07 10:53:00,278.05,278.9,278.0,278.0,4.0
2026-09-07 10:55:00,276.35,276.35,275.0,275.65,10.0
2026-09-07 10:58:00,277.4,277.65,277.4,277.65,7.0
2026-09-07 10:59:00,277.5,277.85,277.0,277.85,12.0
2026-09-07 11:03:00,274.95,274.95,272.6,272.6,4.0
2026-09-07 11:04:00,271.25,271.25,267.95,269.1,18.0
2026-09-07 11:05:00,268.65,270.75,268.3,270.75,11.0
2026-09-07 11:06:00,269.8,270.2,269.4,269.55,14.0
2026-09-07 11:07:00,269.5,269.85,267.05,267.75,11.0
2026-09-07 11:08:00,269.25,269.35,269.25,269.35,2.0
2026-09-07 11:09:00,269.35,269.75,269.35,269.5,4.0
2026-09-07 11:11:00,269.55,269.55,269.5,269.5,8.0
2026-09-07 11:12:00,271.25,271.25,270.35,270.35,2.0
2026-09-07 11:13:00,270.65,270.65,266.0,266.0,19.0
2026-09-07 11:14:00,267.65,267.65,267.35,267.35,2.0
2026-09-07 11:15:00,268.35,268.35,265.0,265.0,3.0
2026-09-07 11:16:00,266.7,268.4,266.7,268.4,2.0
2026-09-07 11:17:00,268.0,269.4,268.0,269.4,2.0
2026-09-07 11:18:00,269.5,270.45,269.5,270.15,8.0
2026-09-07 11:19:00,267.45,267.7,267.45,267.7,2.0
2026-09-07 11:20:00,267.55,267.55,267.55,267.55,1.0
2026-09-07 11:21:00,270.5,270.65,270.0,270.2,10.0
2026-09-07 11:23:00,271.05,272.45,271.05,272.45,2.0
2026-09-07 11:24:00,268.3,268.3,268.3,268.3,1.0
2026-09-07 11:25:00,268.05,268.05,268.05,268.05,1.0
2026-09-07 11:26:00,267.7,268.9,267.7,268.9,7.0
2026-09-07 11:27:00,268.3,268.3,267.05,267.05,3.0
2026-09-07 11:28:00,267.55,269.0,267.0,269.0,18.0
2026-09-07 11:29:00,270.0,270.0,268.7,268.85,26.0
2026-09-07 11:30:00,267.35,268.0,267.35,268.0,2.0
2026-09-07 11:31:00,268.0,268.1,268.0,268.1,2.0
2026-09-07 11:32:00,269.7,270.0,269.7,270.0,3.0
2026-09-07 11:33:00,270.2,270.2,270.2,270.2,1.0
2026-09-07 11:35:00,268.05,268.05,268.0,268.0,3.0
2026-09-07 11:36:00,267.0,267.0,267.0,267.0,1.0
2026-09-07 11:37:00,267.7,267.75,267.7,267.75,2.0
2026-09-07 11:38:00,267.95,268.95,267.7,267.7,4.0
2026-09-07 11:39:00,267.05,268.2,267.0,268.2,3.0
2026-09-07 11:40:00,266.3,266.3,264.25,264.25,13.0
2026-09-07 11:42:00,267.95,270.6,267.95,270.6,8.0
2026-09-07 11:43:00,268.7,270.85,268.2,270.85,13.0
2026-09-07 11:44:00,271.55,271.55,271.55,271.55,2.0
2026-09-07 11:45:00,273.85,273.85,272.65,272.65,6.0
2026-09-07 11:46:00,270.15,272.25,270.1,272.0,4.0
2026-09-07 11:47:00,273.25,273.25,272.1,272.1,2.0
2026-09-07 11:48:00,272.0,272.0,272.0,272.0,2.0
2026-09-07 11:50:00,272.45,272.45,272.45,272.45,1.0
2026-09-07 11:51:00,270.9,270.9,270.9,270.9,1.0
2026-09-07 11:52:00,273.6,273.65,273.6,273.65,2.0
2026-09-07 11:53:00,272.0,272.0,272.0,272.0,1.0
2026-09-07 11:54:00,275.35,276.1,273.05,273.05,14.0
2026-09-07 11:56:00,274.95,274.95,274.0,274.0,2.0
2026-09-07 11:57:00,274.45,274.45,274.45,274.45,1.0
2026-09-07 11:59:00,273.1,273.1,273.1,273.1,1.0
2026-09-07 12:00:00,273.0,273.0,273.0,273.0,1.0
2026-09-07 12:03:00,274.55,274.55,274.55,274.55,1.0
2026-09-07 12:05:00,272.6,272.6,272.55,272.55,2.0
2026-09-07 12:08:00,275.0,275.0,275.0,275.0,2.0
2026-09-07 12:09:00,278.2,278.2,278.2,278.2,1.0
2026-09-07 12:12:00,278.0,279.85,277.05,277.05,16.0
2026-09-07 12:15:00,277.45,277.45,277.1,277.1,4.0
2026-09-07 12:16:00,277.6,277.6,275.0,275.0,3.0
2026-09-07 12:17:00,274.95,276.8,274.95,276.8,3.0
2026-09-07 12:19:00,272.0,272.1,271.55,272.1,17.0
2026-09-07 12:20:00,269.5,270.0,269.5,270.0,5.0
2026-09-07 12:21:00,272.0,272.0,270.25,270.25,4.0
2026-09-07 12:22:00,268.25,268.25,267.8,268.2,14.0
2026-09-07 12:23:00,266.55,266.55,265.0,265.0,7.0
2026-09-07 12:25:00,269.85,272.15,269.75,270.3,10.0
2026-09-07 12:27:00,269.95,270.0,268.0,268.0,3.0
2026-09-07 12:28:00,267.0,267.0,267.0,267.0,1.0
2026-09-07 12:29:00,266.3,266.3,260.9,266.0,35.0
2026-09-07 12:30:00,265.0,265.0,263.15,263.15,6.0
2026-09-07 12:31:00,265.25,265.25,262.55,263.0,19.0
2026-09-07 12:33:00,265.9,265.9,265.9,265.9,1.0
2026-09-07 12:34:00,266.95,269.05,266.95,269.05,6.0
2026-09-07 12:35:00,265.9,265.9,262.85,262.85,8.0
2026-09-07 12:38:00,269.8,270.45,269.35,270.45,7.0
2026-09-07 12:39:00,269.3,269.75,269.3,269.75,5.0
2026-09-07 12:42:00,267.9,267.9,267.0,267.0,5.0
2026-09-07 12:43:00,268.4,268.4,268.4,268.4,1.0
2026-09-07 12:45:00,267.3,267.3,267.3,267.3,1.0
2026-09-07 12:47:00,265.65,265.65,265.65,265.65,1.0
2026-09-07 12:48:00,265.0,265.0,264.0,264.0,23.0
2026-09-07 12:49:00,263.4,263.95,263.4,263.95,2.0
2026-09-07 12:50:00,264.6,264.6,258.75,260.1,8.0
2026-09-07 12:51:00,258.8,258.8,258.75,258.75,7.0
2026-09-07 12:52:00,258.65,259.85,258.0,258.0,7.0
2026-09-07 12:53:00,258.5,258.85,257.1,258.85,5.0
2026-09-07 12:54:00,257.15,258.35,253.85,255.8,42.0
2026-09-07 12:55:00,257.35,257.95,257.35,257.8,4.0
2026-09-07 12:56:00,258.05,259.1,258.05,259.1,9.0
2026-09-07 12:57:00,258.1,259.75,258.1,259.75,6.0
2026-09-07 12:58:00,260.65,260.65,260.35,260.35,11.0
2026-09-07 12:59:00,261.1,261.1,261.1,261.1,1.0
2026-09-07 13:00:00,262.4,262.45,262.4,262.4,12.0
2026-09-07 13:01:00,261.5,262.5,261.5,262.5,7.0
2026-09-07 13:02:00,264.7,265.6,264.65,265.6,9.0
2026-09-07 13:03:00,265.0,265.35,265.0,265.05,11.0
2026-09-07 13:04:00,264.0,264.0,264.0,264.0,2.0
2026-09-07 13:05:00,264.05,266.0,264.05,266.0,8.0
2026-09-07 13:06:00,266.05,266.05,266.0,266.0,8.0
2026-09-07 13:07:00,266.5,266.5,266.0,266.0,2.0
2026-09-07 13:09:00,266.4,266.4,266.4,266.4,2.0
2026-09-07 13:10:00,265.1,265.1,265.1,265.1,1.0
2026-09-07 13:11:00,265.1,265.1,265.1,265.1,1.0
2026-09-07 13:14:00,266.55,267.0,264.25,264.25,6.0
2026-09-07 13:15:00,263.8,263.8,263.8,263.8,1.0
2026-09-07 13:18:00,263.0,263.0,263.0,263.0,1.0
2026-09-07 13:20:00,266.0,266.0,266.0,266.0,1.0
2026-09-07 13:21:00,266.0,267.15,266.0,267.15,5.0
2026-09-07 13:22:00,267.15,268.65,267.15,268.65,3.0
2026-09-07 13:24:00,267.0,267.0,266.55,266.55,2.0
2026-09-07 13:25:00,266.0,266.0,266.0,266.0,1.0
2026-09-07 13:30:00,266.0,266.0,266.0,266.0,1.0
2026-09-07 13:31:00,266.05,266.05,266.05,266.05,1.0
2026-09-07 13:32:00,266.0,266.65,265.0,266.65,19.0
2026-09-07 13:33:00,264.4,268.35,264.4,268.35,2.0
2026-09-07 13:34:00,268.2,268.2,268.2,268.2,1.0
2026-09-07 13:36:00,268.5,268.5,268.2,268.2,2.0
2026-09-07 13:37:00,270.95,271.0,270.95,271.0,4.0
2026-09-07 13:38:00,271.0,271.0,270.45,270.45,3.0
2026-09-07 13:40:00,268.75,268.75,268.75,268.75,1.0
2026-09-07 13:42:00,268.45,269.0,268.3,269.0,5.0
2026-09-07 13:44:00,269.95,271.05,269.95,271.05,14.0
2026-09-07 13:45:00,271.05,271.1,271.05,271.1,2.0
2026-09-07 13:46:00,272.0,273.5,272.0,273.5,2.0
2026-09-07 13:47:00,273.25,273.25,273.25,273.25,1.0
2026-09-07 13:49:00,271.6,271.6,271.6,271.6,1.0
2026-09-07 13:50:00,271.6,271.6,271.6,271.6,1.0
2026-09-07 13:51:00,273.5,273.5,273.5,273.5,2.0
2026-09-07 13:52:00,275.0,275.0,274.0,274.0,11.0
2026-09-07 13:53:00,276.0,281.55,276.0,281.3,55.0
2026-09-07 13:54:00,279.45,279.45,279.0,279.0,49.0
2026-09-07 13:55:00,280.2,280.2,279.05,279.05,8.0
2026-09-07 13:56:00,279.0,279.0,276.95,276.95,29.0
2026-09-07 13:57:00,276.5,276.5,276.5,276.5,1.0
2026-09-07 13:58:00,277.2,279.3,277.2,279.3,2.0
2026-09-07 13:59:00,277.0,277.0,277.0,277.0,1.0
2026-09-07 14:00:00,276.1,276.1,274.45,274.45,2.0
2026-09-07 14:01:00,276.4,276.4,276.4,276.4,1.0
2026-09-07 14:02:00,279.6,279.6,279.6,279.6,1.0
2026-09-07 14:03:00,279.35,282.7,278.95,278.95,9.0
2026-09-07 14:04:00,280.35,280.35,276.5,276.5,2.0
2026-09-07 14:05:00,279.35,280.3,276.05,276.05,8.0
2026-09-07 14:06:00,274.45,274.45,273.15,273.15,8.0
2026-09-07 14:07:00,272.15,275.3,272.15,275.3,8.0
2026-09-07 14:08:00,271.7,271.7,270.5,270.5,3.0
2026-09-07 14:09:00,273.15,273.15,273.15,273.15,1.0
2026-09-07 14:10:00,277.6,277.65,277.6,277.65,2.0
2026-09-07 14:11:00,276.85,276.85,275.0,275.0,4.0
2026-09-07 14:12:00,275.0,275.0,275.0,275.0,2.0
2026-09-07 14:16:00,274.05,274.05,274.0,274.0,7.0
2026-09-07 14:17:00,268.0,268.0,266.75,266.75,4.0
2026-09-07 14:19:00,268.7,268.7,268.65,268.65,2.0
2026-09-07 14:21:00,273.7,273.95,271.7,272.75,15.0
2026-09-07 14:22:00,273.95,273.95,273.95,273.95,9.0
2026-09-07 14:23:00,273.8,275.3,273.8,273.8,7.0
2026-09-07 14:26:00,276.9,277.05,275.45,275.45,5.0
2026-09-07 14:30:00,276.05,276.55,276.05,276.55,2.0
2026-09-07 14:33:00,273.5,276.55,273.5,276.55,10.0
2026-09-07 14:35:00,271.2,271.25,267.2,267.2,7.0
2026-09-07 14:36:00,270.0,270.0,270.0,270.0,2.0
2026-09-07 14:38:00,266.4,266.4,263.85,263.85,5.0
2026-09-07 14:39:00,264.35,264.35,262.5,262.5,2.0
2026-09-07 14:40:00,262.0,262.0,260.0,260.0,36.0
2026-09-07 14:43:00,263.1,263.1,259.05,259.05,2.0
2026-09-07 14:44:00,262.05,262.2,262.05,262.2,3.0
2026-09-07 14:45:00,257.0,259.45,255.1,259.45,5.0
2026-09-07 14:46:00,257.6,261.2,257.6,261.2,6.0
2026-09-07 14:47:00,261.05,261.15,261.05,261.15,2.0
2026-09-07 14:48:00,261.2,261.2,260.3,260.3,2.0
2026-09-07 14:50:00,263.35,263.45,263.35,263.45,5.0
2026-09-07 14:51:00,265.0,267.3,265.0,265.95,16.0
2026-09-07 14:52:00,262.9,262.9,262.45,262.45,8.0
2026-09-07 14:53:00,261.85,261.85,260.25,260.25,21.0
2026-09-07 14:54:00,261.45,261.45,259.0,261.1,3.0
2026-09-07 14:55:00,260.0,260.0,260.0,260.0,1.0
2026-09-07 14:56:00,261.75,261.75,261.75,261.75,1.0
2026-09-07 14:57:00,263.45,263.75,261.0,261.05,13.0
2026-09-07 14:58:00,261.15,262.75,259.4,260.0,17.0
2026-09-07 14:59:00,261.75,262.35,261.75,262.35,8.0
2026-09-07 15:00:00,259.95,259.95,259.5,259.5,2.0
2026-09-07 15:01:00,260.95,263.9,260.95,262.65,7.0
2026-09-07 15:02:00,262.95,265.0,262.95,265.0,12.0
2026-09-07 15:03:00,262.95,262.95,261.0,261.0,10.0
2026-09-07 15:04:00,262.4,262.4,259.05,259.05,9.0
2026-09-07 15:05:00,259.0,259.0,259.0,259.0,10.0
2026-09-07 15:07:00,260.65,260.65,260.0,260.0,3.0
2026-09-07 15:08:00,261.85,261.85,259.4,260.3,3.0
2026-09-07 15:09:00,259.1,259.95,252.6,252.6,18.0
2026-09-07 15:10:00,257.3,257.3,254.8,254.8,3.0
2026-09-07 15:11:00,255.85,258.85,255.85,258.7,4.0
2026-09-07 15:13:00,260.95,260.95,257.4,257.4,5.0
2026-09-07 15:14:00,260.65,261.8,258.05,259.8,43.0
2026-09-07 15:15:00,257.0,257.0,253.7,253.7,5.0
2026-09-07 15:16:00,257.3,257.3,257.3,257.3,1.0
2026-09-07 15:17:00,254.55,256.65,254.55,256.65,3.0
2026-09-07 15:19:00,253.7,253.7,240.2,240.2,44.0
2026-09-07 15:20:00,243.4,254.0,243.4,252.25,27.0
2026-09-07 15:21:00,252.1,252.3,250.6,252.3,11.0
2026-09-07 15:22:00,249.5,249.5,249.05,249.05,11.0
2026-09-07 15:23:00,250.0,250.0,250.0,250.0,1.0
2026-09-07 15:24:00,250.8,250.9,248.0,249.15,11.0
2026-09-07 15:25:00,248.6,250.65,247.75,250.65,4.0
2026-09-07 15:26:00,248.2,248.2,243.0,243.0,18.0
2026-09-07 15:27:00,245.3,245.3,242.05,244.45,16.0
2026-09-07 15:28:00,244.15,246.35,243.4,246.35,7.0
2026-09-07 15:29:00,246.35,246.35,246.35,246.35,1.0
2026-09-08 09:15:00,198.95,198.95,192.1,198.2,26.0
2026-09-08 09:16:00,200.0,200.1,194.05,200.1,83.0
2026-09-08 09:17:00,197.55,200.5,197.55,199.1,18.0
2026-09-08 09:18:00,198.5,199.3,197.3,199.3,28.0
2026-09-08 09:19:00,199.25,199.25,197.45,198.25,10.0
2026-09-08 09:20:00,198.45,199.45,197.0,197.0,23.0
2026-09-08 09:21:00,197.65,198.1,196.45,197.4,23.0
2026-09-08 09:22:00,197.65,199.25,195.6,199.25,39.0
2026-09-08 09:23:00,198.7,199.05,194.9,194.9,21.0
2026-09-08 09:24:00,195.95,196.15,193.5,193.5,26.0
2026-09-08 09:25:00,193.45,195.95,193.45,195.95,18.0
2026-09-08 09:26:00,194.7,195.55,193.35,194.85,30.0
2026-09-08 09:27:00,195.55,195.85,193.1,193.6,10.0
2026-09-08 09:28:00,193.3,194.1,191.15,192.45,11.0
2026-09-08 09:29:00,192.45,193.35,192.1,193.3,7.0
2026-09-08 09:30:00,191.85,192.55,191.85,192.5,6.0
2026-09-08 09:31:00,194.25,195.7,194.25,195.0,5.0
2026-09-08 09:32:00,195.05,195.65,194.5,195.65,18.0
2026-09-08 09:33:00,195.0,195.95,194.95,195.95,10.0
2026-09-08 09:34:00,196.05,196.05,194.4,194.4,6.0
2026-09-08 09:35:00,196.0,198.1,194.35,196.55,40.0
2026-09-08 09:36:00,198.55,201.0,198.55,200.0,85.0
2026-09-08 09:37:00,199.75,199.75,199.0,199.0,6.0
2026-09-08 09:38:00,199.0,199.9,198.75,199.9,12.0
2026-09-08 09:39:00,198.8,199.3,198.25,198.5,7.0
2026-09-08 09:40:00,197.8,197.8,197.0,197.5,14.0
2026-09-08 09:41:00,197.45,198.9,196.8,196.8,37.0
2026-09-08 09:42:00,195.45,195.45,192.65,193.15,25.0
2026-09-08 09:43:00,193.4,193.4,190.0,190.0,29.0
2026-09-08 09:44:00,190.9,190.9,188.9,190.05,10.0
2026-09-08 09:45:00,190.9,191.35,190.5,190.85,35.0
2026-09-08 09:46:00,190.65,194.15,190.6,193.75,22.0
2026-09-08 09:47:00,194.95,195.0,192.75,193.9,12.0
2026-09-08 09:49:00,196.8,197.45,196.8,197.45,5.0
2026-09-08 09:50:00,199.3,200.45,199.3,200.45,5.0
2026-09-08 09:51:00,197.85,200.2,197.85,200.2,4.0
2026-09-08 09:52:00,197.05,197.95,196.35,196.55,6.0
2026-09-08 09:53:00,195.3,196.8,195.0,196.8,8.0
2026-09-08 09:54:00,198.5,198.8,196.1,196.1,14.0
2026-09-08 09:55:00,197.15,197.15,195.85,195.85,2.0
2026-09-08 09:56:00,195.2,195.2,193.55,194.75,8.0
2026-09-08 09:57:00,194.35,194.35,193.15,193.15,11.0
2026-09-08 09:58:00,193.2,193.85,191.3,191.3,19.0
2026-09-08 09:59:00,191.3,191.3,189.65,190.9,14.0
2026-09-08 10:00:00,190.9,193.8,190.9,192.6,13.0
2026-09-08 10:02:00,191.25,192.0,189.3,189.3,12.0
2026-09-08 10:03:00,190.1,190.5,188.0,188.25,42.0
2026-09-08 10:04:00,188.05,188.35,188.05,188.35,4.0
2026-09-08 10:05:00,188.15,188.15,187.4,187.45,8.0
2026-09-08 10:06:00,187.75,189.85,187.75,189.8,12.0
2026-09-08 10:07:00,191.15,193.5,191.15,193.0,7.0
2026-09-08 10:08:00,193.85,195.55,192.6,194.25,13.0
2026-09-08 10:09:00,193.2,195.4,193.2,195.4,4.0
2026-09-08 10:10:00,194.6,195.55,194.05,194.2,26.0
2026-09-08 10:11:00,193.95,193.95,193.95,193.95,12.0
2026-09-08 10:12:00,194.7,194.7,194.7,194.7,1.0
2026-09-08 10:13:00,198.8,202.6,198.8,201.85,12.0
2026-09-08 10:14:00,201.85,205.0,201.85,205.0,8.0
2026-09-08 10:15:00,209.0,209.0,201.8,203.35,28.0
2026-09-08 10:16:00,199.0,201.8,198.45,201.6,6.0
2026-09-08 10:17:00,200.9,201.3,200.25,201.3,13.0
2026-09-08 10:18:00,197.05,197.05,197.05,197.05,4.0
2026-09-08 10:19:00,200.75,201.0,200.75,200.85,5.0
2026-09-08 10:21:00,197.75,197.95,197.0,197.0,12.0
2026-09-08 10:22:00,200.3,200.3,198.35,198.35,2.0
2026-09-08 10:25:00,193.75,194.8,193.75,194.8,1.0
2026-09-08 10:26:00,195.75,196.1,194.45,196.1,15.0
2026-09-08 10:27:00,196.1,199.0,196.1,198.85,21.0
2026-09-08 10:28:00,198.1,198.1,196.7,196.7,3.0
2026-09-08 10:29:00,196.45,196.45,196.45,196.45,1.0
2026-09-08 10:30:00,196.0,196.0,196.0,196.0,1.0
2026-09-08 10:31:00,197.75,197.75,196.1,196.1,2.0
2026-09-08 10:32:00,194.95,194.95,193.1,193.75,3.0
2026-09-08 10:33:00,193.55,194.3,193.3,193.35,47.0
2026-09-08 10:34:00,194.35,194.35,194.35,194.35,1.0
2026-09-08 10:35:00,191.55,192.4,191.55,191.7,4.0
2026-09-08 10:36:00,190.0,190.0,188.2,188.3,12.0
2026-09-08 10:37:00,185.7,187.9,185.7,187.9,13.0
2026-09-08 10:38:00,186.5,187.0,186.5,186.75,30.0
2026-09-08 10:39:00,187.5,188.15,187.35,187.35,17.0
2026-09-08 10:40:00,186.35,187.15,185.7,185.7,3.0
2026-09-08 10:41:00,186.15,186.4,186.15,186.4,6.0
2026-09-08 10:42:00,186.75,187.15,186.75,187.05,8.0
2026-09-08 10:43:00,186.55,186.55,186.55,186.55,1.0
2026-09-08 10:44:00,186.7,186.7,186.05,186.05,4.0
2026-09-08 10:45:00,186.55,188.7,186.55,188.7,5.0
2026-09-08 10:46:00,190.15,190.15,190.15,190.15,1.0
2026-09-08 10:47:00,191.0,193.4,190.0,193.4,30.0
2026-09-08 10:48:00,193.8,193.8,193.25,193.25,10.0
2026-09-08 10:49:00,192.9,192.9,192.9,192.9,1.0
2026-09-08 10:50:00,193.6,196.55,193.6,196.25,10.0
2026-09-08 10:51:00,195.9,195.95,195.9,195.95,3.0
2026-09-08 10:53:00,193.6,193.6,191.9,191.9,2.0
2026-09-08 10:54:00,192.9,192.9,191.7,191.7,4.0
2026-09-08 10:55:00,190.6,191.2,189.15,191.2,11.0
2026-09-08 10:56:00,191.0,191.0,191.0,191.0,3.0
2026-09-08 10:58:00,188.3,188.95,187.75,188.55,37.0
2026-09-08 10:59:00,189.05,189.05,189.0,189.0,2.0
2026-09-08 11:00:00,188.25,189.35,188.15,189.25,8.0
2026-09-08 11:01:00,185.25,188.05,185.25,187.1,16.0
2026-09-08 11:02:00,186.7,187.95,186.7,186.95,5.0
2026-09-08 11:03:00,188.7,188.95,187.75,187.75,7.0
2026-09-08 11:04:00,188.8,188.9,188.8,188.9,5.0
2026-09-08 11:05:00,186.1,187.75,186.1,186.75,3.0
2026-09-08 11:06:00,187.4,187.4,187.4,187.4,1.0
2026-09-08 11:07:00,188.25,190.8,188.25,190.8,5.0
2026-09-08 11:08:00,190.8,191.45,190.7,191.4,14.0
2026-09-08 11:09:00,191.95,191.95,190.05,190.05,3.0
2026-09-08 11:10:00,190.0,190.0,190.0,190.0,3.0
2026-09-08 11:11:00,189.95,190.75,189.95,190.5,50.0
2026-09-08 11:13:00,190.0,190.0,190.0,190.0,1.0
2026-09-08 11:14:00,191.0,191.0,191.0,191.0,1.0
2026-09-08 11:15:00,191.25,191.25,190.7,190.7,6.0
2026-09-08 11:16:00,190.0,190.9,190.0,190.9,2.0
2026-09-08 11:17:00,191.7,191.7,191.2,191.2,6.0
2026-09-08 11:19:00,193.1,193.1,193.1,193.1,3.0
2026-09-08 11:20:00,192.6,192.6,192.6,192.6,1.0
2026-09-08 11:22:00,190.5,190.5,190.0,190.4,5.0
2026-09-08 11:23:00,189.55,190.95,189.55,190.95,12.0
2026-09-08 11:24:00,188.45,188.45,188.45,188.45,1.0
2026-09-08 11:25:00,189.1,189.15,189.1,189.15,8.0
2026-09-08 11:26:00,192.0,193.6,190.75,190.75,9.0
2026-09-08 11:27:00,190.75,191.75,190.35,191.3,6.0
2026-09-08 11:28:00,191.5,191.5,190.45,190.45,7.0
2026-09-08 11:29:00,190.25,190.25,190.25,190.25,1.0
2026-09-08 11:30:00,191.05,191.05,188.5,189.8,19.0
2026-09-08 11:31:00,188.0,188.05,186.9,188.05,25.0
2026-09-08 11:32:00,188.5,188.5,187.8,187.8,2.0
2026-09-08 11:33:00,186.65,186.65,185.8,185.95,14.0
2026-09-08 11:34:00,187.4,188.45,186.5,186.5,28.0
2026-09-08 11:35:00,188.45,189.15,188.45,189.15,11.0
2026-09-08 11:37:00,188.15,188.15,188.15,188.15,1.0
2026-09-08 11:39:00,189.0,189.0,189.0,189.0,1.0
2026-09-08 11:40:00,190.75,190.8,189.6,189.6,13.0
2026-09-08 11:41:00,191.1,191.1,190.0,190.0,4.0
2026-09-08 11:42:00,189.75,189.8,189.75,189.8,3.0
2026-09-08 11:44:00,188.35,188.35,188.35,188.35,1.0
2026-09-08 11:45:00,188.4,188.4,188.4,188.4,2.0
2026-09-08 11:46:00,187.7,188.15,187.7,188.15,2.0
2026-09-08 11:48:00,190.1,190.1,188.9,188.9,2.0
2026-09-08 11:49:00,185.1,185.1,183.45,183.45,19.0
2026-09-08 11:50:00,183.55,183.55,179.75,179.75,53.0
2026-09-08 11:51:00,181.25,182.4,181.25,182.4,4.0
2026-09-08 11:52:00,183.45,183.95,182.0,183.95,7.0
2026-09-08 11:53:00,185.2,185.3,184.3,184.3,4.0
2026-09-08 11:54:00,186.0,186.0,186.0,186.0,3.0
2026-09-08 11:55:00,184.8,186.0,184.8,184.8,6.0
2026-09-08 11:56:00,184.1,184.1,180.95,181.3,18.0
2026-09-08 11:57:00,182.75,182.75,182.75,182.75,1.0
2026-09-08 11:58:00,182.75,183.3,182.75,183.3,5.0
2026-09-08 11:59:00,182.0,182.0,180.8,180.8,7.0
2026-09-08 12:00:00,181.1,181.1,177.75,178.05,21.0
2026-09-08 12:01:00,178.85,180.25,178.2,179.65,27.0
2026-09-08 12:02:00,179.85,181.15,179.75,180.4,16.0
2026-09-08 12:03:00,180.4,181.05,179.65,180.5,26.0
2026-09-08 12:04:00,179.9,179.9,176.75,176.75,56.0
2026-09-08 12:05:00,176.85,178.0,174.25,176.4,86.0
2026-09-08 12:06:00,176.4,176.85,175.5,175.9,18.0
2026-09-08 12:07:00,177.4,177.85,176.9,177.6,5.0
2026-09-08 12:08:00,178.3,178.65,176.05,177.15,36.0
2026-09-08 12:09:00,175.65,178.0,175.65,177.65,34.0
2026-09-08 12:10:00,177.85,180.6,176.3,180.5,24.0
2026-09-08 12:11:00,180.6,180.9,179.15,179.15,22.0
2026-09-08 12:12:00,179.5,180.7,178.55,180.7,28.0
2026-09-08 12:13:00,181.55,181.55,180.15,181.05,52.0
2026-09-08 12:14:00,180.9,181.6,180.65,180.9,67.0
2026-09-08 12:15:00,180.9,180.9,179.35,179.35,12.0
2026-09-08 12:16:00,179.5,181.0,179.4,181.0,13.0
2026-09-08 12:17:00,180.95,180.95,180.95,180.95,1.0
2026-09-08 12:18:00,181.2,181.2,181.2,181.2,1.0
2026-09-08 12:19:00,181.35,181.65,181.1,181.65,10.0
2026-09-08 12:20:00,181.45,182.3,181.0,181.0,11.0
2026-09-08 12:22:00,180.75,181.9,180.75,181.9,5.0
2026-09-08 12:23:00,182.2,183.0,182.2,183.0,6.0
2026-09-08 12:24:00,183.3,183.9,183.3,183.9,2.0
2026-09-08 12:25:00,183.95,183.95,183.95,183.95,1.0
2026-09-08 12:26:00,183.95,183.95,183.95,183.95,1.0
2026-09-08 12:27:00,182.45,182.85,182.45,182.85,6.0
2026-09-08 12:28:00,183.6,183.6,183.6,183.6,1.0
2026-09-08 12:29:00,182.5,184.9,182.5,184.9,13.0
2026-09-08 12:30:00,185.25,185.4,184.5,184.9,6.0
2026-09-08 12:31:00,185.8,187.65,184.7,185.45,12.0
2026-09-08 12:32:00,185.45,186.05,185.45,186.05,4.0
2026-09-08 12:33:00,185.0,186.65,185.0,186.65,3.0
2026-09-08 12:34:00,186.95,187.0,185.95,185.95,4.0
2026-09-08 12:35:00,188.0,188.05,186.95,187.45,17.0
2026-09-08 12:36:00,187.15,188.35,187.15,188.35,4.0
2026-09-08 12:37:00,187.9,189.7,187.85,189.7,18.0
2026-09-08 12:38:00,189.05,189.05,188.1,188.1,7.0
2026-09-08 12:39:00,189.15,189.15,189.15,189.15,1.0
2026-09-08 12:40:00,186.0,186.0,186.0,186.0,3.0
2026-09-08 12:41:00,186.25,187.8,186.25,187.8,8.0
2026-09-08 12:42:00,187.8,187.8,186.35,186.35,14.0
2026-09-08 12:43:00,184.2,184.2,181.75,181.8,10.0
2026-09-08 12:44:00,181.0,181.0,180.55,180.55,3.0
2026-09-08 12:45:00,180.5,180.5,180.5,180.5,1.0
2026-09-08 12:47:00,180.0,180.0,180.0,180.0,1.0
2026-09-08 12:48:00,179.25,179.25,177.85,177.95,4.0
2026-09-08 12:49:00,178.3,178.95,177.85,178.9,9.0
2026-09-08 12:50:00,179.55,179.55,179.4,179.4,3.0
2026-09-08 12:51:00,180.25,180.25,179.7,179.7,4.0
2026-09-08 12:52:00,179.05,179.05,178.35,178.5,14.0
2026-09-08 12:53:00,178.9,180.0,178.8,179.65,30.0
2026-09-08 12:54:00,180.1,180.85,179.95,180.4,19.0
2026-09-08 12:55:00,181.2,182.2,180.95,181.6,27.0
2026-09-08 12:56:00,181.25,182.3,181.25,181.75,13.0
2026-09-08 12:57:00,182.65,182.95,182.5,182.5,14.0
2026-09-08 12:58:00,182.95,182.95,181.9,182.6,11.0
2026-09-08 12:59:00,182.4,182.55,180.1,180.1,21.0
2026-09-08 13:00:00,180.45,180.45,179.35,179.35,18.0
2026-09-08 13:01:00,178.95,180.8,178.85,179.5,33.0
2026-09-08 13:02:00,179.4,182.3,179.4,181.35,30.0
2026-09-08 13:03:00,181.8,181.8,179.2,179.2,15.0
2026-09-08 13:04:00,179.2,179.2,177.45,177.45,17.0
2026-09-08 13:05:00,177.35,178.6,177.3,177.85,29.0
2026-09-08 13:06:00,177.7,179.45,177.4,179.4,20.0
2026-09-08 13:07:00,180.2,180.2,179.45,179.45,4.0
2026-09-08 13:09:00,179.6,179.7,179.2,179.25,10.0
2026-09-08 13:10:00,181.55,181.75,180.4,180.4,10.0
2026-09-08 13:11:00,180.7,181.05,180.7,181.05,4.0
2026-09-08 13:13:00,179.55,180.1,176.45,180.1,32.0
2026-09-08 13:14:00,180.95,181.7,180.95,181.45,11.0
2026-09-08 13:15:00,181.65,183.3,181.35,182.0,26.0
2026-09-08 13:16:00,180.65,180.95,180.65,180.75,13.0
2026-09-08 13:17:00,181.1,181.15,181.1,181.15,5.0
2026-09-08 13:18:00,179.85,179.85,179.85,179.85,2.0
2026-09-08 13:20:00,180.35,180.65,180.35,180.45,9.0
2026-09-08 13:21:00,180.0,180.05,180.0,180.05,5.0
2026-09-08 13:22:00,181.45,181.45,181.45,181.45,2.0
2026-09-08 13:23:00,179.8,179.8,179.6,179.6,3.0
2026-09-08 13:24:00,180.65,180.65,180.3,180.3,4.0
2026-09-08 13:25:00,179.5,180.3,179.1,179.25,7.0
2026-09-08 13:26:00,178.9,178.9,178.9,178.9,1.0
2026-09-08 13:27:00,177.55,178.05,177.55,178.05,8.0
2026-09-08 13:28:00,178.95,179.05,178.5,178.6,13.0
2026-09-08 13:29:00,179.25,179.25,179.05,179.05,3.0
2026-09-08 13:31:00,177.9,178.2,177.9,178.2,3.0
2026-09-08 13:32:00,176.2,176.2,175.0,175.0,15.0
2026-09-08 13:33:00,174.0,174.1,173.55,174.1,7.0
2026-09-08 13:34:00,174.95,175.75,174.95,175.75,4.0
2026-09-08 13:35:00,176.05,178.05,176.0,177.85,10.0
2026-09-08 13:37:00,178.0,178.25,178.0,178.0,14.0
2026-09-08 13:38:00,177.35,177.4,177.35,177.4,3.0
2026-09-08 13:41:00,175.45,175.45,175.45,175.45,1.0
2026-09-08 13:42:00,174.75,174.75,174.75,174.75,2.0
2026-09-08 13:43:00,175.65,175.8,175.0,175.0,6.0
2026-09-08 13:44:00,174.7,174.7,173.0,173.0,11.0
2026-09-08 13:45:00,173.0,173.0,172.3,172.7,17.0
2026-09-08 13:46:00,173.95,174.85,173.95,174.4,14.0
2026-09-08 13:47:00,174.45,174.55,174.45,174.55,2.0
2026-09-08 13:49:00,173.8,173.8,173.55,173.55,2.0
2026-09-08 13:50:00,172.5,172.5,172.0,172.0,6.0
2026-09-08 13:51:00,170.0,170.0,165.7,165.7,6.0
2026-09-08 13:52:00,167.6,168.15,167.5,167.6,7.0
2026-09-08 13:53:00,170.15,170.15,169.65,169.65,2.0
2026-09-08 13:54:00,170.0,170.15,169.95,170.15,5.0
2026-09-08 13:55:00,170.5,170.5,169.8,169.85,9.0
2026-09-08 13:56:00,171.0,171.1,171.0,171.1,8.0
2026-09-08 13:57:00,171.6,171.6,170.5,171.55,12.0
2026-09-08 13:58:00,171.2,171.2,171.2,171.2,1.0
2026-09-08 13:59:00,171.25,171.25,170.8,170.95,19.0
2026-09-08 14:00:00,171.05,171.65,171.0,171.25,10.0
2026-09-08 14:01:00,170.65,171.35,170.5,171.05,18.0
2026-09-08 14:02:00,171.5,171.55,171.5,171.55,4.0
2026-09-08 14:03:00,169.3,172.75,169.3,172.35,4.0
2026-09-08 14:04:00,172.5,173.35,172.4,172.8,7.0
2026-09-08 14:05:00,174.3,174.7,173.9,174.15,7.0
2026-09-08 14:06:00,175.0,175.0,173.25,173.85,15.0
2026-09-08 14:07:00,173.25,173.25,173.25,173.25,1.0
2026-09-08 14:08:00,173.0,173.0,172.9,173.0,9.0
2026-09-08 14:09:00,173.2,173.2,173.2,173.2,1.0
2026-09-08 14:10:00,173.8,173.8,173.55,173.55,12.0
2026-09-08 14:11:00,175.95,176.45,175.95,176.45,8.0
2026-09-08 14:12:00,177.3,177.3,177.3,177.3,1.0
2026-09-08 14:13:00,177.1,177.1,175.9,175.9,2.0
2026-09-08 14:14:00,172.25,172.25,172.25,172.25,1.0
2026-09-08 14:16:00,177.6,177.75,177.6,177.75,3.0
2026-09-08 14:17:00,177.3,177.3,176.0,176.0,9.0
2026-09-08 14:18:00,175.3,175.4,175.1,175.1,5.0
2026-09-08 14:19:00,175.05,175.05,175.0,175.0,18.0
2026-09-08 14:20:00,175.25,175.3,175.1,175.1,3.0
2026-09-08 14:21:00,175.0,175.0,175.0,175.0,4.0
2026-09-08 14:24:00,171.6,172.45,171.6,172.45,2.0
2026-09-08 14:25:00,171.0,171.0,170.2,170.2,3.0
2026-09-08 14:26:00,171.1,171.35,171.1,171.35,7.0
2026-09-08 14:27:00,171.2,172.0,171.2,172.0,2.0
2026-09-08 14:28:00,172.65,173.25,172.2,173.25,5.0
2026-09-08 14:29:00,173.45,173.7,173.45,173.7,5.0
2026-09-08 14:30:00,174.25,174.25,173.6,173.6,3.0
2026-09-08 14:31:00,172.4,174.2,172.4,174.2,7.0
2026-09-08 14:32:00,174.85,174.85,174.85,174.85,1.0
2026-09-08 14:33:00,175.1,175.1,175.1,175.1,2.0
2026-09-08 14:34:00,176.8,176.8,176.05,176.05,3.0
2026-09-08 14:35:00,176.65,176.65,176.2,176.2,4.0
2026-09-08 14:36:00,176.65,176.65,176.4,176.4,6.0
2026-09-08 14:37:00,175.8,175.8,174.5,174.5,2.0
2026-09-08 14:38:00,175.35,175.55,174.5,174.5,4.0
2026-09-08 14:39:00,174.55,174.6,174.55,174.6,2.0
2026-09-08 14:41:00,173.0,175.25,172.95,174.8,31.0
2026-09-08 14:42:00,177.0,177.0,177.0,177.0,4.0
2026-09-08 14:43:00,175.5,177.05,175.5,177.05,2.0
2026-09-08 14:44:00,177.55,177.8,177.55,177.8,8.0
2026-09-08 14:45:00,176.35,176.35,174.55,175.5,7.0
2026-09-08 14:46:00,175.2,175.2,174.05,174.6,11.0
2026-09-08 14:48:00,172.3,173.6,172.3,173.6,4.0
2026-09-08 14:49:00,174.8,174.8,174.8,174.8,1.0
2026-09-08 14:51:00,172.9,173.45,171.95,172.55,9.0
2026-09-08 14:52:00,173.3,173.3,173.3,173.3,1.0
2026-09-08 14:53:00,171.2,171.2,170.55,170.55,3.0
2026-09-08 14:54:00,170.95,174.4,170.95,173.8,22.0
2026-09-08 14:55:00,174.25,174.3,173.0,173.2,14.0
2026-09-08 14:56:00,172.55,172.7,171.35,171.6,80.0
2026-09-08 14:57:00,171.15,172.5,171.15,172.5,11.0
2026-09-08 14:58:00,173.2,175.2,173.15,173.95,50.0
2026-09-08 14:59:00,173.75,173.75,172.05,172.35,37.0
2026-09-08 15:00:00,171.5,172.05,169.95,172.05,30.0
2026-09-08 15:01:00,172.5,174.15,172.15,173.8,12.0
2026-09-08 15:02:00,176.0,176.0,174.6,174.6,5.0
2026-09-08 15:03:00,173.75,174.25,173.75,174.25,12.0
2026-09-08 15:04:00,173.95,174.65,173.1,173.1,13.0
2026-09-08 15:05:00,173.35,173.55,173.35,173.55,4.0
2026-09-08 15:06:00,173.55,173.55,173.25,173.25,3.0
2026-09-08 15:07:00,173.25,173.3,173.25,173.25,3.0
2026-09-08 15:08:00,172.15,172.15,172.05,172.05,5.0
2026-09-08 15:09:00,172.8,173.25,172.8,173.25,9.0
2026-09-08 15:10:00,174.05,178.2,174.05,177.2,42.0
2026-09-08 15:11:00,176.9,177.95,176.9,177.95,15.0
2026-09-08 15:12:00,176.15,177.1,175.7,177.05,14.0
2026-09-08 15:13:00,175.9,176.0,170.9,171.35,21.0
2026-09-08 15:14:00,169.95,172.5,168.95,172.5,7.0
2026-09-08 15:15:00,169.5,169.5,168.0,168.15,18.0
2026-09-08 15:16:00,169.15,169.2,169.15,169.2,2.0
2026-09-08 15:17:00,171.8,172.55,168.95,168.95,7.0
2026-09-08 15:18:00,168.35,170.45,168.35,168.95,11.0
2026-09-08 15:19:00,169.55,169.7,167.85,167.85,8.0
2026-09-08 15:20:00,168.0,168.0,162.7,163.45,15.0
2026-09-08 15:21:00,165.95,166.1,165.95,166.05,13.0
2026-09-08 15:22:00,166.1,166.1,164.15,164.65,21.0
2026-09-08 15:23:00,166.6,166.9,166.0,166.65,15.0
2026-09-08 15:24:00,166.85,167.1,165.15,165.85,11.0
2026-09-08 15:25:00,167.3,169.95,167.2,168.55,31.0
2026-09-08 15:26:00,170.65,170.65,168.6,170.0,8.0
2026-09-08 15:27:00,169.85,169.9,168.9,168.9,12.0
2026-09-08 15:28:00,169.9,171.25,168.95,171.25,18.0
2026-09-08 15:29:00,166.0,166.0,165.05,165.05,4.0
2026-09-09 09:15:00,141.25,141.25,117.4,121.0,278.0
2026-09-09 09:16:00,120.8,120.8,117.25,118.6,121.0
2026-09-09 09:17:00,118.75,119.7,118.1,119.1,138.0
2026-09-09 09:18:00,119.3,121.65,118.9,119.1,88.0
2026-09-09 09:19:00,121.3,121.3,119.5,119.5,36.0
2026-09-09 09:20:00,119.3,121.65,118.8,120.7,64.0
2026-09-09 09:21:00,120.9,122.65,120.75,120.75,53.0
2026-09-09 09:22:00,121.0,121.55,119.2,119.35,17.0
2026-09-09 09:23:00,119.15,120.0,118.8,119.85,69.0
2026-09-09 09:24:00,119.9,122.6,119.15,122.0,36.0
2026-09-09 09:25:00,122.2,123.3,121.15,122.8,92.0
2026-09-09 09:26:00,123.0,124.45,123.0,123.4,37.0
2026-09-09 09:27:00,121.4,123.05,121.4,123.05,20.0
2026-09-09 09:28:00,124.15,124.15,122.6,122.85,23.0
2026-09-09 09:29:00,123.55,123.6,121.45,121.7,12.0
2026-09-09 09:30:00,122.05,122.7,121.5,122.05,41.0
2026-09-09 09:31:00,121.6,124.05,121.1,122.05,22.0
2026-09-09 09:32:00,123.25,123.9,121.85,121.85,9.0
2026-09-09 09:33:00,121.75,122.85,121.75,122.05,18.0
2026-09-09 09:34:00,121.4,124.75,121.05,123.7,33.0
2026-09-09 09:35:00,122.85,122.85,121.75,122.2,8.0
2026-09-09 09:36:00,121.75,122.15,120.55,122.15,31.0
2026-09-09 09:37:00,122.65,123.8,122.65,123.0,24.0
2026-09-09 09:38:00,125.0,125.9,123.9,125.2,25.0
2026-09-09 09:39:00,125.3,127.05,124.35,126.05,31.0
2026-09-09 09:40:00,124.9,128.25,124.9,126.65,28.0
2026-09-09 09:41:00,125.3,125.95,125.2,125.3,11.0
2026-09-09 09:42:00,125.15,126.0,125.15,126.0,3.0
2026-09-09 09:43:00,126.6,127.0,126.25,126.85,23.0
2026-09-09 09:44:00,127.0,127.0,125.55,126.15,8.0
2026-09-09 09:45:00,124.1,125.75,124.0,125.55,19.0
2026-09-09 09:46:00,125.55,126.0,123.55,123.55,18.0
2026-09-09 09:47:00,124.0,124.65,122.4,122.5,34.0
2026-09-09 09:48:00,121.35,121.7,119.9,119.9,23.0
2026-09-09 09:49:00,119.7,120.1,116.2,117.05,59.0
2026-09-09 09:50:00,116.9,117.75,114.2,115.0,39.0
2026-09-09 09:51:00,115.0,116.0,114.85,115.55,21.0
2026-09-09 09:52:00,116.05,118.25,115.2,117.0,31.0
2026-09-09 09:53:00,117.5,118.0,117.0,118.0,20.0
2026-09-09 09:54:00,117.65,118.0,116.0,116.5,25.0
2026-09-09 09:55:00,116.25,116.75,115.5,115.5,24.0
2026-09-09 09:56:00,116.0,116.0,114.55,114.55,7.0
2026-09-09 09:57:00,114.15,115.0,113.75,114.25,11.0
2026-09-09 09:58:00,114.25,114.75,112.1,112.7,31.0
2026-09-09 09:59:00,112.25,113.9,112.0,112.2,39.0
2026-09-09 10:00:00,112.0,112.0,109.1,109.1,78.0
2026-09-09 10:01:00,109.3,109.3,107.3,108.35,67.0
2026-09-09 10:02:00,108.5,109.25,108.5,108.9,49.0
2026-09-09 10:03:00,108.7,110.05,108.5,109.6,162.0
2026-09-09 10:04:00,110.25,110.65,108.8,109.4,36.0
2026-09-09 10:05:00,109.75,110.45,109.6,109.75,31.0
2026-09-09 10:06:00,110.5,110.55,108.8,109.25,15.0
2026-09-09 10:07:00,109.05,109.05,107.5,108.5,52.0
2026-09-09 10:08:00,108.6,108.75,107.5,107.7,58.0
2026-09-09 10:09:00,108.55,109.0,108.0,108.5,29.0
2026-09-09 10:10:00,108.55,108.85,107.6,107.6,74.0
2026-09-09 10:11:00,107.15,109.5,106.85,108.95,61.0
2026-09-09 10:12:00,109.15,110.25,109.1,110.25,12.0
2026-09-09 10:13:00,111.2,111.4,110.8,111.4,34.0
2026-09-09 10:14:00,111.0,111.8,110.7,111.8,20.0
2026-09-09 10:15:00,111.75,112.65,111.75,112.0,10.0
2026-09-09 10:16:00,112.0,113.55,112.0,113.1,24.0
2026-09-09 10:17:00,113.7,114.1,113.6,114.1,8.0
2026-09-09 10:18:00,115.0,117.35,115.0,116.85,51.0
2026-09-09 10:19:00,117.5,119.6,116.75,117.55,39.0
2026-09-09 10:20:00,117.4,120.75,117.25,119.35,33.0
2026-09-09 10:21:00,119.85,121.45,119.85,120.0,35.0
2026-09-09 10:22:00,121.4,121.8,120.7,121.05,38.0
2026-09-09 10:23:00,120.15,125.6,120.15,125.45,92.0
2026-09-09 10:24:00,126.0,130.8,126.0,127.55,117.0
2026-09-09 10:25:00,128.25,128.45,125.35,125.65,57.0
2026-09-09 10:26:00,124.85,127.1,124.85,127.0,18.0
2026-09-09 10:27:00,125.25,126.6,123.95,126.0,29.0
2026-09-09 10:28:00,127.4,128.5,126.15,128.25,40.0
2026-09-09 10:29:00,128.45,128.45,126.55,127.85,32.0
2026-09-09 10:30:00,127.25,130.15,126.8,126.8,58.0
2026-09-09 10:31:00,126.15,126.8,123.35,123.55,52.0
2026-09-09 10:32:00,123.35,125.0,121.95,123.95,61.0
2026-09-09 10:33:00,123.15,125.65,123.15,125.65,19.0
2026-09-09 10:34:00,124.4,124.4,120.95,120.95,16.0
2026-09-09 10:35:00,120.75,122.15,119.15,119.9,24.0
2026-09-09 10:36:00,118.55,120.05,118.55,118.95,10.0
2026-09-09 10:37:00,118.85,118.85,117.0,117.0,8.0
2026-09-09 10:38:00,117.3,117.7,115.0,115.0,32.0
2026-09-09 10:39:00,115.4,116.7,113.4,116.7,25.0
2026-09-09 10:40:00,116.05,116.1,113.6,113.6,7.0
2026-09-09 10:41:00,114.3,114.3,113.15,114.1,17.0
2026-09-09 10:42:00,113.95,113.95,112.4,112.45,29.0
2026-09-09 10:43:00,112.5,113.45,112.5,113.45,11.0
2026-09-09 10:44:00,114.9,115.4,114.9,115.25,10.0
2026-09-09 10:45:00,114.95,116.6,114.95,116.6,10.0
2026-09-09 10:46:00,117.7,117.7,117.4,117.4,5.0
2026-09-09 10:47:00,117.25,118.25,116.75,117.75,11.0
2026-09-09 10:48:00,116.55,117.95,116.0,117.95,12.0
2026-09-09 10:49:00,118.2,118.2,117.3,117.3,2.0
2026-09-09 10:50:00,117.55,118.4,117.55,118.05,3.0
2026-09-09 10:51:00,116.6,116.6,115.25,115.25,4.0
2026-09-09 10:52:00,115.0,115.95,115.0,115.95,13.0
2026-09-09 10:53:00,116.0,118.45,116.0,118.25,6.0
2026-09-09 10:54:00,117.7,119.0,117.35,119.0,5.0
2026-09-09 10:55:00,119.6,120.0,119.4,120.0,3.0
2026-09-09 10:56:00,120.7,120.7,120.0,120.0,11.0
2026-09-09 10:57:00,120.05,120.05,120.05,120.05,5.0
2026-09-09 10:58:00,120.45,120.5,119.25,119.9,21.0
2026-09-09 10:59:00,120.1,122.65,120.1,121.6,13.0
2026-09-09 11:00:00,121.85,124.55,121.85,124.55,4.0
2026-09-09 11:01:00,125.1,126.4,122.85,122.85,27.0
2026-09-09 11:02:00,122.8,125.1,122.8,123.2,7.0
2026-09-09 11:03:00,123.35,124.4,123.0,123.95,29.0
2026-09-09 11:04:00,123.45,123.7,123.45,123.7,3.0
2026-09-09 11:05:00,122.0,122.2,121.7,122.1,8.0
2026-09-09 11:06:00,122.6,123.0,120.35,120.55,26.0
2026-09-09 11:07:00,122.75,122.75,122.75,122.75,1.0
2026-09-09 11:08:00,121.65,122.25,121.65,122.25,4.0
2026-09-09 11:09:00,121.9,122.5,121.65,122.5,26.0
2026-09-09 11:10:00,121.65,121.65,121.0,121.5,4.0
2026-09-09 11:11:00,120.15,121.5,120.15,121.5,3.0
2026-09-09 11:12:00,120.85,120.95,120.0,120.65,19.0
2026-09-09 11:13:00,120.5,120.55,119.3,120.55,8.0
2026-09-09 11:14:00,120.55,120.6,117.25,117.75,61.0
2026-09-09 11:15:00,118.9,120.85,118.9,120.25,7.0
2026-09-09 11:16:00,118.3,118.3,117.4,117.4,14.0
2026-09-09 11:17:00,117.75,119.4,117.0,117.6,17.0
2026-09-09 11:18:00,117.5,117.75,117.2,117.75,7.0
2026-09-09 11:19:00,119.2,120.8,119.2,120.8,16.0
2026-09-09 11:20:00,123.15,123.15,121.5,121.5,5.0
2026-09-09 11:21:00,120.35,120.35,120.35,120.35,2.0
2026-09-09 11:22:00,118.25,118.65,118.25,118.65,4.0
2026-09-09 11:23:00,117.55,117.55,117.0,117.0,3.0
2026-09-09 11:24:00,118.05,118.95,118.05,118.5,10.0
2026-09-09 11:25:00,119.5,120.25,119.25,120.25,8.0
2026-09-09 11:26:00,121.15,121.15,121.15,121.15,1.0
2026-09-09 11:27:00,119.5,119.5,118.3,118.3,10.0
2026-09-09 11:29:00,118.85,119.8,118.85,119.8,2.0
2026-09-09 11:30:00,120.15,120.25,120.0,120.0,8.0
2026-09-09 11:31:00,119.35,119.35,119.35,119.35,1.0
2026-09-09 11:32:00,119.85,119.85,119.35,119.65,4.0
2026-09-09 11:33:00,119.8,119.8,119.8,119.8,1.0
2026-09-09 11:34:00,119.55,119.55,118.35,118.35,5.0
2026-09-09 11:35:00,120.0,120.75,120.0,120.75,5.0
2026-09-09 11:36:00,118.8,118.8,118.8,118.8,1.0
2026-09-09 11:37:00,117.0,117.0,117.0,117.0,1.0
2026-09-09 11:38:00,117.35,118.85,117.35,118.85,28.0
2026-09-09 11:39:00,118.25,118.25,117.3,117.3,12.0
2026-09-09 11:40:00,117.9,118.75,117.9,118.75,5.0
2026-09-09 11:42:00,119.95,120.75,119.8,120.7,35.0
2026-09-09 11:43:00,121.0,121.0,121.0,121.0,10.0
2026-09-09 11:44:00,122.65,123.25,122.6,122.6,9.0
2026-09-09 11:45:00,123.25,123.75,123.05,123.05,7.0
2026-09-09 11:46:00,122.4,122.4,121.05,121.05,11.0
2026-09-09 11:47:00,122.0,122.45,121.4,121.4,16.0
2026-09-09 11:48:00,121.25,121.25,120.0,120.0,14.0
2026-09-09 11:49:00,120.0,120.0,119.1,119.1,5.0
2026-09-09 11:50:00,117.65,117.65,116.8,116.8,5.0
2026-09-09 11:51:00,115.15,115.4,115.0,115.15,25.0
2026-09-09 11:52:00,114.7,114.7,112.0,112.0,12.0
2026-09-09 11:53:00,112.0,112.7,112.0,112.7,15.0
2026-09-09 11:54:00,113.35,113.35,112.0,112.0,5.0
2026-09-09 11:55:00,111.5,111.55,110.0,111.0,47.0
2026-09-09 11:56:00,110.0,110.0,109.45,109.7,14.0
2026-09-09 11:57:00,110.0,110.0,109.0,109.2,14.0
2026-09-09 11:58:00,108.5,108.85,107.65,108.25,30.0
2026-09-09 11:59:00,107.0,107.0,103.65,105.4,62.0
2026-09-09 12:00:00,105.5,105.9,104.25,104.25,20.0
2026-09-09 12:01:00,103.85,104.4,102.25,104.4,28.0
2026-09-09 12:02:00,104.2,104.2,102.75,102.75,19.0
2026-09-09 12:03:00,103.1,104.2,102.7,104.2,18.0
2026-09-09 12:04:00,104.25,104.5,104.0,104.0,9.0
2026-09-09 12:05:00,103.95,103.95,103.45,103.45,7.0
2026-09-09 12:06:00,102.85,103.65,102.5,102.5,73.0
2026-09-09 12:07:00,103.8,103.8,102.1,102.4,22.0
2026-09-09 12:08:00,102.55,103.8,102.5,103.8,25.0
2026-09-09 12:09:00,104.05,104.05,102.85,102.85,7.0
2026-09-09 12:10:00,103.0,103.0,102.75,102.75,5.0
2026-09-09 12:11:00,103.5,104.05,103.5,104.05,12.0
2026-09-09 12:12:00,104.05,105.15,104.05,105.05,11.0
2026-09-09 12:13:00,105.0,105.45,105.0,105.0,5.0
2026-09-09 12:14:00,105.85,106.0,105.1,105.1,4.0
2026-09-09 12:15:00,105.1,105.1,104.95,105.0,6.0
2026-09-09 12:16:00,104.95,104.95,103.75,103.75,2.0
2026-09-09 12:17:00,104.2,105.0,104.1,105.0,7.0
2026-09-09 12:18:00,105.45,105.45,104.0,104.0,6.0
2026-09-09 12:19:00,103.95,103.95,103.6,103.9,7.0
2026-09-09 12:20:00,104.1,105.15,104.0,105.15,5.0
2026-09-09 12:21:00,105.1,105.15,105.1,105.15,2.0
2026-09-09 12:22:00,103.85,103.9,102.8,102.8,191.0
2026-09-09 12:23:00,103.25,104.9,103.25,104.9,96.0
2026-09-09 12:24:00,104.65,105.75,104.65,105.3,37.0
2026-09-09 12:25:00,105.3,106.3,105.3,106.2,29.0
2026-09-09 12:26:00,106.7,108.0,106.7,108.0,19.0
2026-09-09 12:27:00,107.95,108.55,107.65,108.0,45.0
2026-09-09 12:28:00,108.25,109.3,108.1,109.25,31.0
2026-09-09 12:29:00,109.25,112.1,109.25,112.1,109.0
2026-09-09 12:30:00,111.75,113.55,111.55,112.8,70.0
2026-09-09 12:31:00,113.0,114.95,112.4,114.95,272.0
2026-09-09 12:32:00,114.2,117.0,114.2,117.0,19.0
2026-09-09 12:33:00,116.7,128.0,116.7,124.35,174.0
2026-09-09 12:34:00,123.55,128.05,123.15,125.05,87.0
2026-09-09 12:35:00,125.9,135.05,125.9,132.3,249.0
2026-09-09 12:36:00,132.3,133.95,131.0,131.0,51.0
2026-09-09 12:37:00,131.25,134.7,131.1,132.2,76.0
2026-09-09 12:38:00,134.4,134.55,132.1,132.1,40.0
2026-09-09 12:39:00,132.4,133.95,132.0,133.4,13.0
2026-09-09 12:40:00,133.95,133.95,131.95,131.95,17.0
2026-09-09 12:41:00,130.35,133.7,129.0,133.7,263.0
2026-09-09 12:42:00,135.5,139.25,135.25,138.05,108.0
2026-09-09 12:43:00,139.5,139.65,135.35,136.75,230.0
2026-09-09 12:44:00,136.9,136.9,134.7,135.0,18.0
2026-09-09 12:45:00,135.3,135.3,131.0,133.1,34.0
2026-09-09 12:46:00,132.8,133.85,132.55,133.85,20.0
2026-09-09 12:47:00,133.3,135.0,132.0,134.6,28.0
2026-09-09 12:48:00,135.25,137.75,134.35,137.75,18.0
2026-09-09 12:49:00,138.0,139.25,131.95,131.95,42.0
2026-09-09 12:50:00,131.95,132.95,131.25,132.85,29.0
2026-09-09 12:51:00,131.0,132.6,131.0,132.0,7.0
2026-09-09 12:52:00,134.05,134.5,132.55,132.55,14.0
2026-09-09 12:53:00,133.1,133.1,127.1,127.1,36.0
2026-09-09 12:54:00,127.1,127.85,125.0,125.0,59.0
2026-09-09 12:55:00,125.1,128.0,122.5,128.0,59.0
2026-09-09 12:56:00,127.65,131.55,127.65,131.55,5.0
2026-09-09 12:57:00,130.6,133.35,130.55,132.7,40.0
2026-09-09 12:58:00,133.0,135.5,133.0,134.0,16.0
2026-09-09 12:59:00,134.0,135.95,134.0,135.35,18.0
2026-09-09 13:00:00,137.0,137.15,132.0,132.0,29.0
2026-09-09 13:01:00,131.75,131.75,129.65,129.65,20.0
2026-09-09 13:02:00,129.45,129.45,127.15,127.85,55.0
2026-09-09 13:03:00,127.4,129.1,127.0,128.2,9.0
2026-09-09 13:04:00,126.8,127.45,125.9,126.85,15.0
2026-09-09 13:05:00,126.75,126.75,125.5,126.65,17.0
2026-09-09 13:06:00,127.1,128.4,127.1,128.4,29.0
2026-09-09 13:07:00,127.3,129.3,127.2,129.3,9.0
2026-09-09 13:09:00,127.0,127.0,127.0,127.0,1.0
2026-09-09 13:10:00,125.95,126.0,124.5,125.0,21.0
2026-09-09 13:11:00,125.85,126.0,124.75,124.75,4.0
2026-09-09 13:12:00,123.85,124.65,122.95,124.6,18.0
2026-09-09 13:13:00,123.1,123.75,121.9,123.75,7.0
2026-09-09 13:14:00,124.35,124.75,123.3,124.75,27.0
2026-09-09 13:15:00,123.7,123.7,122.9,122.9,5.0
2026-09-09 13:16:00,122.35,123.55,122.25,123.55,11.0
2026-09-09 13:17:00,122.35,123.0,122.35,123.0,6.0
2026-09-09 13:18:00,123.4,123.8,123.3,123.8,4.0
2026-09-09 13:19:00,122.8,122.8,121.6,122.2,12.0
2026-09-09 13:21:00,126.35,126.35,125.8,125.8,6.0
2026-09-09 13:22:00,125.35,125.35,125.3,125.3,2.0
2026-09-09 13:23:00,123.4,123.4,122.75,122.9,3.0
2026-09-09 13:24:00,123.05,123.05,122.0,122.0,4.0
2026-09-09 13:25:00,123.9,126.0,123.85,125.95,6.0
2026-09-09 13:26:00,126.35,126.35,125.6,125.7,11.0
2026-09-09 13:27:00,127.45,127.5,126.65,127.45,14.0
2026-09-09 13:28:00,127.05,127.7,127.05,127.7,3.0
2026-09-09 13:29:00,129.3,130.6,129.3,130.6,5.0
2026-09-09 13:30:00,130.15,130.25,129.6,130.1,4.0
2026-09-09 13:31:00,130.5,130.5,129.25,129.25,4.0
2026-09-09 13:32:00,127.95,128.25,126.8,126.8,19.0
2026-09-09 13:33:00,124.0,124.0,123.4,123.55,3.0
2026-09-09 13:34:00,124.3,125.1,124.0,125.0,4.0
2026-09-09 13:35:00,124.2,124.2,124.2,124.2,1.0
2026-09-09 13:36:00,124.15,125.8,124.15,125.75,7.0
2026-09-09 13:37:00,126.0,126.0,126.0,126.0,3.0
2026-09-09 13:39:00,127.65,127.65,127.65,127.65,1.0
2026-09-09 13:40:00,128.45,128.45,128.45,128.45,1.0
2026-09-09 13:42:00,130.45,131.35,129.55,129.55,10.0
2026-09-09 13:43:00,129.45,130.2,129.2,130.2,8.0
2026-09-09 13:44:00,129.85,129.85,127.95,128.05,14.0
2026-09-09 13:45:00,126.0,126.0,126.0,126.0,2.0
2026-09-09 13:46:00,125.35,125.35,125.0,125.0,5.0
2026-09-09 13:47:00,125.65,125.65,125.65,125.65,1.0
2026-09-09 13:48:00,125.65,125.65,125.65,125.65,4.0
2026-09-09 13:49:00,125.6,126.6,125.6,126.6,8.0
2026-09-09 13:50:00,127.95,127.95,127.0,127.0,20.0
2026-09-09 13:51:00,127.4,127.8,127.0,127.0,44.0
2026-09-09 13:52:00,127.0,127.0,127.0,127.0,2.0
2026-09-09 13:53:00,129.2,129.3,127.0,127.15,15.0
2026-09-09 13:54:00,121.8,122.2,121.8,122.2,4.0
2026-09-09 13:55:00,121.7,122.3,120.45,121.05,13.0
2026-09-09 13:56:00,121.75,122.65,121.65,121.65,24.0
2026-09-09 13:57:00,122.35,123.65,122.35,123.65,2.0
2026-09-09 13:58:00,124.75,124.85,124.75,124.85,3.0
2026-09-09 13:59:00,125.7,127.4,125.7,127.4,2.0
2026-09-09 14:00:00,129.25,129.75,126.85,126.85,20.0
2026-09-09 14:01:00,131.0,132.15,131.0,131.4,16.0
2026-09-09 14:02:00,131.4,132.25,131.15,131.25,36.0
2026-09-09 14:03:00,131.65,131.65,128.45,128.85,25.0
2026-09-09 14:04:00,127.95,128.85,127.6,128.85,8.0
2026-09-09 14:05:00,128.1,128.3,128.1,128.1,4.0
2026-09-09 14:06:00,129.5,129.5,129.25,129.25,3.0
2026-09-09 14:07:00,127.2,127.5,127.0,127.5,7.0
2026-09-09 14:08:00,126.85,126.85,125.85,126.5,6.0
2026-09-09 14:09:00,127.0,127.0,125.2,125.2,12.0
2026-09-09 14:10:00,123.25,123.25,122.4,122.75,9.0
2026-09-09 14:11:00,122.05,124.65,122.05,124.65,5.0
2026-09-09 14:12:00,124.7,126.15,124.2,125.55,27.0
2026-09-09 14:13:00,124.8,125.55,120.55,120.55,7.0
2026-09-09 14:14:00,120.0,121.4,119.65,121.4,31.0
2026-09-09 14:15:00,121.2,121.5,120.45,120.9,9.0
2026-09-09 14:16:00,120.0,120.25,117.5,118.05,27.0
2026-09-09 14:17:00,120.5,121.45,120.5,121.45,4.0
2026-09-09 14:18:00,119.1,119.55,118.75,119.55,8.0
2026-09-09 14:19:00,119.05,119.05,119.05,119.05,1.0
2026-09-09 14:20:00,118.6,118.6,118.6,118.6,1.0
2026-09-09 14:21:00,120.4,122.25,120.4,122.25,5.0
2026-09-09 14:22:00,121.3,122.35,121.15,122.35,14.0
2026-09-09 14:23:00,122.05,122.05,122.05,122.05,1.0
2026-09-09 14:24:00,122.2,122.7,120.5,122.7,18.0
2026-09-09 14:25:00,120.85,120.85,120.85,120.85,1.0
2026-09-09 14:26:00,121.35,121.35,121.25,121.25,3.0
2026-09-09 14:27:00,120.0,120.15,119.3,119.3,8.0
2026-09-09 14:28:00,122.0,122.5,122.0,122.35,12.0
2026-09-09 14:29:00,121.85,121.85,121.85,121.85,1.0
2026-09-09 14:30:00,119.0,119.0,117.0,117.25,19.0
2026-09-09 14:31:00,118.75,118.75,116.4,116.4,7.0
2026-09-09 14:32:00,116.6,116.6,115.0,115.0,18.0
2026-09-09 14:33:00,114.65,115.65,114.65,114.75,12.0
2026-09-09 14:34:00,113.9,114.3,113.0,113.45,34.0
2026-09-09 14:35:00,112.05,112.05,111.75,111.75,13.0
2026-09-09 14:36:00,112.15,112.15,110.5,111.85,21.0
2026-09-09 14:37:00,111.65,111.75,109.05,110.45,80.0
2026-09-09 14:38:00,111.4,111.4,109.0,109.55,13.0
2026-09-09 14:39:00,109.0,110.25,108.85,110.25,6.0
2026-09-09 14:40:00,109.25,109.25,109.0,109.25,3.0
2026-09-09 14:41:00,109.15,110.45,109.1,110.0,25.0
2026-09-09 14:42:00,110.35,110.7,109.75,109.95,24.0
2026-09-09 14:43:00,109.95,110.45,109.3,109.3,12.0
2026-09-09 14:44:00,109.4,109.4,107.85,109.3,45.0
2026-09-09 14:45:00,108.5,109.35,105.95,106.9,18.0
2026-09-09 14:46:00,107.85,107.85,107.85,107.85,1.0
2026-09-09 14:47:00,107.25,108.95,107.25,108.2,15.0
2026-09-09 14:48:00,108.95,108.95,108.15,108.2,19.0
2026-09-09 14:49:00,108.25,109.15,108.15,108.45,8.0
2026-09-09 14:50:00,108.45,110.0,108.4,109.05,16.0
2026-09-09 14:51:00,109.45,109.85,108.4,108.4,24.0
2026-09-09 14:52:00,109.0,109.55,109.0,109.1,5.0
2026-09-09 14:53:00,108.5,108.7,107.9,108.55,35.0
2026-09-09 14:54:00,108.95,109.55,108.85,109.1,27.0
2026-09-09 14:55:00,109.45,109.5,108.3,108.3,34.0
2026-09-09 14:56:00,108.75,108.9,106.75,107.7,35.0
2026-09-09 14:57:00,108.15,108.85,107.9,108.65,12.0
2026-09-09 14:58:00,108.65,108.7,107.9,108.45,16.0
2026-09-09 14:59:00,108.25,108.35,107.3,107.3,101.0
2026-09-09 15:00:00,107.25,107.95,106.65,106.7,19.0
2026-09-09 15:01:00,108.05,108.05,105.0,105.0,31.0
2026-09-09 15:02:00,104.75,105.9,104.4,104.4,36.0
2026-09-09 15:03:00,104.2,104.2,102.5,103.1,21.0
2026-09-09 15:04:00,102.7,102.85,98.0,98.55,86.0
2026-09-09 15:05:00,98.4,99.55,96.0,99.0,167.0
2026-09-09 15:06:00,98.6,98.6,97.3,97.3,219.0
2026-09-09 15:07:00,97.3,99.5,97.0,99.5,68.0
2026-09-09 15:08:00,100.0,102.35,99.8,102.35,97.0
2026-09-09 15:09:00,102.25,102.45,101.3,102.45,108.0
2026-09-09 15:10:00,102.85,103.25,102.45,102.85,76.0
2026-09-09 15:11:00,103.7,104.0,102.45,102.7,68.0
2026-09-09 15:12:00,102.95,102.95,102.0,102.0,24.0
2026-09-09 15:13:00,102.1,103.0,102.1,102.9,42.0
2026-09-09 15:14:00,103.0,103.0,102.15,102.4,26.0
2026-09-09 15:15:00,102.75,103.0,100.3,101.25,49.0
2026-09-09 15:16:00,101.65,101.65,100.25,100.55,6.0
2026-09-09 15:17:00,100.0,100.45,99.35,100.45,38.0
2026-09-09 15:18:00,100.4,101.55,99.35,99.35,51.0
2026-09-09 15:19:00,99.2,99.9,98.4,99.55,104.0
2026-09-09 15:20:00,99.6,101.8,97.55,99.05,134.0
2026-09-09 15:21:00,99.55,99.55,97.8,98.7,41.0
2026-09-09 15:22:00,99.0,99.0,97.25,98.55,81.0
2026-09-09 15:23:00,96.75,97.25,94.7,97.25,35.0
2026-09-09 15:24:00,98.0,98.5,97.7,98.3,29.0
2026-09-09 15:25:00,98.7,99.0,98.05,98.4,54.0
2026-09-09 15:26:00,97.9,98.0,96.55,96.95,38.0
2026-09-09 15:27:00,97.2,98.1,97.1,97.5,76.0
2026-09-09 15:28:00,97.4,97.7,95.0,95.0,65.0
2026-09-09 15:29:00,95.0,96.05,93.3,95.8,88.0
2026-09-10 09:15:00,82.55,97.35,74.65,89.7,371.0
2026-09-10 09:16:00,89.1,89.1,83.8,84.4,174.0
2026-09-10 09:17:00,84.95,89.7,83.2,89.65,102.0
2026-09-10 09:18:00,90.9,92.3,90.1,91.75,74.0
2026-09-10 09:19:00,91.05,91.45,87.25,88.6,146.0
2026-09-10 09:20:00,88.65,88.65,83.85,84.9,81.0
2026-09-10 09:21:00,85.0,89.25,85.0,86.95,50.0
2026-09-10 09:22:00,87.05,87.05,80.0,80.95,78.0
2026-09-10 09:23:00,79.7,80.65,77.5,79.3,48.0
2026-09-10 09:24:00,79.8,81.05,79.6,80.9,92.0
2026-09-10 09:25:00,80.45,80.45,79.3,79.8,39.0
2026-09-10 09:26:00,80.5,82.6,79.1,82.5,63.0
2026-09-10 09:27:00,82.55,85.0,80.9,80.9,50.0
2026-09-10 09:28:00,84.25,85.0,83.45,84.8,51.0
2026-09-10 09:29:00,83.65,85.0,81.7,82.25,118.0
2026-09-10 09:30:00,82.0,82.6,79.45,79.7,49.0
2026-09-10 09:31:00,79.0,80.55,77.5,78.8,79.0
2026-09-10 09:32:00,78.8,80.0,78.25,78.5,76.0
2026-09-10 09:33:00,79.25,81.95,79.25,81.95,75.0
2026-09-10 09:34:00,81.7,82.2,80.05,80.55,43.0
2026-09-10 09:35:00,79.25,80.05,78.65,79.2,113.0
2026-09-10 09:36:00,79.5,80.55,78.55,80.55,67.0
2026-09-10 09:37:00,80.85,80.85,78.95,79.4,22.0
2026-09-10 09:38:00,79.55,79.65,77.25,77.25,20.0
2026-09-10 09:39:00,77.5,77.6,77.0,77.35,57.0
2026-09-10 09:40:00,76.85,78.75,76.8,78.65,114.0
2026-09-10 09:41:00,78.3,78.4,77.55,77.55,9.0
2026-09-10 09:42:00,78.9,81.0,78.9,80.85,37.0
2026-09-10 09:43:00,81.15,84.0,80.8,80.8,41.0
2026-09-10 09:44:00,80.5,80.5,79.35,79.4,10.0
2026-09-10 09:45:00,79.4,80.6,78.85,79.75,120.0
2026-09-10 09:46:00,78.55,79.0,78.0,79.0,57.0
2026-09-10 09:47:00,78.2,80.05,77.55,79.85,71.0
2026-09-10 09:48:00,81.55,81.9,81.55,81.9,9.0
2026-09-10 09:49:00,80.7,81.7,80.7,81.35,46.0
2026-09-10 09:50:00,81.95,84.0,81.95,82.35,54.0
2026-09-10 09:51:00,84.0,85.1,83.6,83.9,33.0
2026-09-10 09:52:00,85.1,85.1,83.05,83.9,22.0
2026-09-10 09:53:00,84.3,84.3,82.5,82.5,46.0
2026-09-10 09:54:00,82.55,83.05,81.4,81.8,14.0
2026-09-10 09:55:00,82.0,82.0,80.75,81.6,28.0
2026-09-10 09:56:00,81.7,83.65,81.25,82.95,24.0
2026-09-10 09:57:00,82.4,82.45,79.6,79.9,30.0
2026-09-10 09:58:00,79.55,79.55,78.65,78.8,39.0
2026-09-10 09:59:00,78.25,78.8,77.75,77.9,47.0
2026-09-10 10:00:00,79.05,79.3,78.0,78.0,24.0
2026-09-10 10:01:00,77.85,78.0,77.2,77.2,34.0
2026-09-10 10:02:00,77.25,77.55,75.5,75.5,49.0
2026-09-10 10:03:00,75.6,76.75,75.55,76.5,16.0
2026-09-10 10:04:00,77.35,78.65,77.3,77.95,42.0
2026-09-10 10:05:00,78.45,79.4,78.45,78.9,27.0
2026-09-10 10:06:00,78.5,78.75,77.85,77.9,58.0
2026-09-10 10:07:00,78.1,78.45,77.95,78.05,15.0
2026-09-10 10:08:00,77.45,77.95,76.1,76.2,50.0
2026-09-10 10:09:00,76.05,77.75,75.65,77.55,58.0
2026-09-10 10:10:00,77.65,77.7,77.1,77.35,22.0
2026-09-10 10:11:00,77.5,77.75,77.0,77.6,13.0
2026-09-10 10:12:00,77.9,77.9,77.25,77.65,32.0
2026-09-10 10:13:00,77.55,77.55,76.75,76.9,34.0
2026-09-10 10:14:00,77.2,78.3,76.75,78.3,35.0
2026-09-10 10:15:00,78.65,80.05,78.45,80.05,7.0
2026-09-10 10:16:00,80.55,81.75,80.55,81.75,14.0
2026-09-10 10:17:00,81.55,83.15,81.55,81.8,27.0
2026-09-10 10:18:00,82.05,82.05,82.05,82.05,3.0
2026-09-10 10:19:00,80.75,80.75,80.75,80.75,1.0
2026-09-10 10:20:00,81.15,81.45,79.5,79.5,48.0
2026-09-10 10:21:00,79.95,79.95,78.35,78.35,10.0
2026-09-10 10:22:00,77.9,79.45,77.9,79.25,6.0
2026-09-10 10:23:00,79.6,81.65,79.5,81.65,24.0
2026-09-10 10:24:00,81.5,81.5,79.75,79.75,21.0
2026-09-10 10:25:00,80.05,80.95,79.9,80.95,19.0
2026-09-10 10:26:00,81.0,81.0,80.55,80.55,3.0
2026-09-10 10:27:00,80.15,80.15,80.15,80.15,1.0
2026-09-10 10:28:00,79.3,79.3,78.45,78.45,4.0
2026-09-10 10:29:00,79.75,79.75,79.6,79.6,4.0
2026-09-10 10:30:00,79.8,80.7,79.7,80.45,10.0
2026-09-10 10:32:00,79.8,79.8,79.4,79.45,10.0
2026-09-10 10:33:00,79.45,80.35,78.9,80.35,9.0
2026-09-10 10:34:00,79.2,79.65,79.05,79.2,15.0
2026-09-10 10:35:00,79.65,80.3,79.65,80.1,12.0
2026-09-10 10:36:00,80.65,80.65,79.5,79.5,3.0
2026-09-10 10:37:00,79.65,79.65,79.6,79.6,3.0
2026-09-10 10:38:00,81.6,81.7,81.6,81.7,5.0
2026-09-10 10:39:00,81.75,82.15,81.75,82.15,2.0
2026-09-10 10:40:00,82.9,83.65,82.85,82.85,9.0
2026-09-10 10:41:00,82.95,82.95,81.9,81.9,14.0
2026-09-10 10:42:00,81.65,83.15,81.6,83.1,12.0
2026-09-10 10:43:00,83.2,83.35,81.8,81.8,13.0
2026-09-10 10:44:00,82.35,86.0,82.3,85.9,28.0
2026-09-10 10:45:00,85.65,86.35,83.65,83.65,18.0
2026-09-10 10:46:00,83.65,83.65,82.9,82.95,13.0
2026-09-10 10:47:00,81.1,81.95,81.0,81.1,11.0
2026-09-10 10:48:00,80.85,80.85,79.05,79.55,23.0
2026-09-10 10:49:00,79.55,79.55,79.55,79.55,4.0
2026-09-10 10:50:00,78.45,78.45,78.25,78.3,10.0
2026-09-10 10:51:00,78.45,78.95,77.6,78.95,17.0
2026-09-10 10:52:00,78.65,78.65,77.55,77.55,6.0
2026-09-10 10:53:00,78.0,78.0,76.65,76.65,6.0
2026-09-10 10:54:00,76.65,76.65,75.85,76.4,37.0
2026-09-10 10:55:00,76.2,76.45,73.9,74.3,122.0
2026-09-10 10:56:00,74.4,75.3,74.25,74.9,49.0
2026-09-10 10:57:00,74.75,75.9,74.75,75.9,46.0
2026-09-10 10:58:00,75.6,75.65,75.6,75.6,6.0
2026-09-10 10:59:00,76.2,76.2,75.95,75.95,3.0
2026-09-10 11:00:00,76.7,77.9,76.65,77.7,24.0
2026-09-10 11:01:00,77.2,77.8,77.2,77.6,13.0
2026-09-10 11:02:00,78.0,78.0,76.5,77.25,29.0
2026-09-10 11:03:00,77.7,78.35,77.7,77.7,8.0
2026-09-10 11:04:00,78.25,78.25,77.55,77.55,6.0
2026-09-10 11:05:00,77.85,77.85,76.6,76.8,10.0
2026-09-10 11:06:00,78.0,78.0,77.45,77.95,3.0
2026-09-10 11:07:00,77.95,78.0,77.95,78.0,3.0
2026-09-10 11:08:00,78.3,78.3,77.7,78.15,22.0
2026-09-10 11:09:00,78.85,78.85,78.05,78.05,14.0
2026-09-10 11:10:00,78.35,79.1,78.35,79.1,49.0
2026-09-10 11:11:00,79.0,79.2,78.75,79.0,38.0
2026-09-10 11:12:00,78.9,79.55,78.9,79.55,11.0
2026-09-10 11:13:00,80.0,82.2,80.0,81.4,34.0
2026-09-10 11:14:00,82.25,83.3,82.15,83.2,6.0
2026-09-10 11:15:00,83.65,85.3,83.0,83.5,51.0
2026-09-10 11:16:00,83.05,85.0,81.55,81.55,22.0
2026-09-10 11:17:00,81.7,81.7,80.8,81.15,15.0
2026-09-10 11:18:00,81.7,82.75,81.7,82.75,5.0
2026-09-10 11:19:00,82.7,82.85,82.15,82.15,3.0
2026-09-10 11:20:00,81.5,81.5,79.45,79.45,7.0
2026-09-10 11:21:00,80.05,80.05,78.0,78.0,10.0
2026-09-10 11:22:00,78.7,80.0,78.7,80.0,4.0
2026-09-10 11:23:00,80.6,80.6,80.45,80.45,8.0
2026-09-10 11:24:00,80.05,80.05,80.0,80.0,3.0
2026-09-10 11:25:00,79.5,79.5,79.5,79.5,1.0
2026-09-10 11:26:00,79.6,79.6,78.65,79.05,12.0
2026-09-10 11:27:00,78.25,78.25,76.6,77.05,18.0
2026-09-10 11:28:00,76.85,77.75,76.55,77.3,12.0
2026-09-10 11:29:00,77.0,77.0,76.7,76.7,7.0
2026-09-10 11:30:00,76.85,78.8,76.85,78.6,7.0
2026-09-10 11:31:00,80.0,80.5,79.05,79.2,84.0
2026-09-10 11:32:00,77.45,77.45,77.45,77.45,1.0
2026-09-10 11:33:00,76.7,77.05,76.35,76.6,14.0
2026-09-10 11:34:00,76.6,76.85,76.6,76.85,2.0
2026-09-10 11:35:00,76.6,78.2,76.55,77.95,30.0
2026-09-10 11:36:00,77.9,79.0,77.75,78.9,85.0
2026-09-10 11:38:00,78.9,79.05,78.4,79.05,8.0
2026-09-10 11:39:00,78.75,78.75,77.95,77.95,9.0
2026-09-10 11:41:00,76.8,76.95,76.55,76.55,8.0
2026-09-10 11:42:00,76.2,76.2,75.0,75.0,15.0
2026-09-10 11:43:00,76.25,76.8,76.25,76.5,8.0
2026-09-10 11:44:00,77.05,78.65,76.95,78.45,20.0
2026-09-10 11:45:00,78.2,79.55,78.2,79.05,12.0
2026-09-10 11:46:00,79.6,79.6,78.9,78.9,5.0
2026-09-10 11:47:00,79.05,79.9,79.05,79.9,3.0
2026-09-10 11:48:00,79.25,79.85,79.25,79.85,2.0
2026-09-10 11:49:00,80.7,81.4,80.7,81.4,15.0
2026-09-10 11:50:00,81.35,81.35,80.95,80.95,3.0
2026-09-10 11:51:00,81.15,81.15,79.8,80.8,35.0
2026-09-10 11:52:00,80.5,80.95,80.2,80.35,5.0
2026-09-10 11:53:00,80.65,80.65,80.55,80.55,2.0
2026-09-10 11:54:00,80.2,80.2,80.0,80.2,6.0
2026-09-10 11:55:00,79.9,80.05,79.25,79.25,38.0
2026-09-10 11:56:00,79.15,79.25,78.6,78.6,12.0
2026-09-10 11:57:00,79.4,79.8,79.4,79.45,17.0
2026-09-10 11:58:00,80.65,80.65,80.65,80.65,1.0
2026-09-10 11:59:00,81.15,83.15,81.15,82.85,27.0
2026-09-10 12:00:00,83.4,84.0,82.9,84.0,32.0
2026-09-10 12:01:00,83.7,84.1,82.25,82.3,14.0
2026-09-10 12:02:00,83.3,84.5,83.25,84.5,12.0
2026-09-10 12:03:00,84.3,84.3,82.35,82.35,10.0
2026-09-10 12:04:00,83.45,84.6,83.45,83.6,28.0
2026-09-10 12:05:00,83.25,84.4,82.7,83.35,22.0
2026-09-10 12:06:00,83.25,83.25,81.6,81.8,10.0
2026-09-10 12:07:00,81.25,81.9,81.25,81.9,3.0
2026-09-10 12:08:00,81.0,81.3,80.65,80.8,7.0
2026-09-10 12:09:00,81.15,81.15,80.0,80.0,4.0
2026-09-10 12:10:00,80.35,81.1,80.35,80.8,11.0
2026-09-10 12:11:00,81.95,84.05,81.95,84.05,10.0
2026-09-10 12:12:00,84.1,87.6,84.0,85.35,49.0
2026-09-10 12:13:00,85.85,85.85,83.55,85.1,29.0
2026-09-10 12:14:00,87.05,87.05,84.35,85.7,41.0
2026-09-10 12:15:00,85.85,86.8,85.65,85.7,26.0
2026-09-10 12:16:00,85.9,86.45,85.8,86.45,5.0
2026-09-10 12:17:00,85.75,85.75,84.3,84.75,124.0
2026-09-10 12:18:00,83.8,84.2,83.4,83.6,10.0
2026-09-10 12:19:00,84.2,85.2,84.2,84.85,69.0
2026-09-10 12:20:00,84.0,85.35,83.7,85.35,14.0
2026-09-10 12:21:00,85.2,88.0,85.2,86.0,43.0
2026-09-10 12:22:00,86.35,87.8,85.5,85.5,39.0
2026-09-10 12:23:00,85.55,85.9,82.6,83.1,18.0
2026-09-10 12:24:00,83.0,83.65,82.85,82.9,17.0
2026-09-10 12:25:00,83.9,84.15,83.85,83.85,7.0
2026-09-10 12:26:00,85.0,85.8,84.7,84.7,16.0
2026-09-10 12:27:00,84.25,84.25,83.65,83.65,7.0
2026-09-10 12:28:00,83.65,84.0,83.35,83.7,9.0
2026-09-10 12:29:00,83.85,83.85,83.1,83.1,11.0
2026-09-10 12:30:00,82.5,82.5,81.65,82.15,36.0
2026-09-10 12:31:00,82.35,82.35,80.55,80.9,28.0
2026-09-10 12:32:00,81.75,82.55,81.65,81.65,106.0
2026-09-10 12:33:00,81.75,83.05,81.75,83.05,100.0
2026-09-10 12:34:00,82.0,82.0,80.25,80.25,20.0
2026-09-10 12:35:00,80.0,80.85,80.0,80.85,19.0
2026-09-10 12:36:00,81.05,81.05,79.6,79.75,14.0
2026-09-10 12:37:00,79.6,79.6,78.2,78.65,19.0
2026-09-10 12:38:00,79.0,79.25,78.65,78.65,13.0
2026-09-10 12:39:00,78.7,80.3,77.55,80.3,14.0
2026-09-10 12:40:00,80.8,81.65,80.8,81.25,4.0
2026-09-10 12:41:00,81.25,81.25,80.5,80.5,6.0
2026-09-10 12:42:00,80.5,82.0,80.35,80.35,36.0
2026-09-10 12:43:00,81.7,81.7,81.1,81.1,12.0
2026-09-10 12:44:00,81.6,81.6,81.2,81.6,11.0
2026-09-10 12:45:00,82.5,83.65,82.15,82.5,32.0
2026-09-10 12:46:00,82.5,82.5,80.15,80.45,28.0
2026-09-10 12:47:00,79.25,80.85,79.25,80.0,25.0
2026-09-10 12:48:00,80.15,80.2,79.0,79.0,9.0
2026-09-10 12:49:00,81.55,81.55,81.15,81.55,3.0
2026-09-10 12:50:00,80.7,81.75,80.7,81.75,13.0
2026-09-10 12:51:00,81.35,81.95,81.0,81.6,16.0
2026-09-10 12:53:00,80.85,80.85,79.65,79.7,11.0
2026-09-10 12:54:00,79.2,79.7,79.2,79.7,52.0
2026-09-10 12:55:00,79.75,79.75,78.35,78.65,44.0
2026-09-10 12:56:00,78.0,78.0,78.0,78.0,8.0
2026-09-10 12:57:00,77.95,78.25,77.9,78.25,9.0
2026-09-10 12:58:00,79.05,79.05,77.7,77.8,10.0
2026-09-10 12:59:00,76.45,76.65,75.0,75.0,19.0
2026-09-10 13:00:00,75.0,76.3,74.25,74.25,30.0
2026-09-10 13:01:00,74.25,75.6,74.15,75.3,116.0
2026-09-10 13:02:00,75.55,76.3,75.55,76.3,6.0
2026-09-10 13:03:00,76.3,77.15,75.6,75.9,23.0
2026-09-10 13:04:00,76.1,76.35,76.05,76.35,24.0
2026-09-10 13:05:00,75.0,75.0,72.75,72.8,35.0
2026-09-10 13:06:00,72.75,72.75,72.1,72.1,16.0
2026-09-10 13:07:00,73.9,74.1,73.65,73.75,26.0
2026-09-10 13:08:00,73.3,74.9,73.3,74.7,11.0
2026-09-10 13:09:00,75.05,75.8,74.7,75.05,38.0
2026-09-10 13:10:00,75.05,76.1,75.05,76.1,8.0
2026-09-10 13:11:00,76.1,76.1,74.9,75.3,14.0
2026-09-10 13:12:00,75.55,76.1,75.55,75.85,30.0
2026-09-10 13:13:00,76.9,77.3,76.9,77.0,20.0
2026-09-10 13:14:00,77.55,78.8,77.55,78.8,16.0
2026-09-10 13:15:00,79.15,79.35,77.0,77.9,37.0
2026-09-10 13:16:00,77.85,78.0,76.75,77.4,27.0
2026-09-10 13:17:00,77.6,79.1,77.6,79.1,14.0
2026-09-10 13:18:00,78.2,78.95,78.2,78.95,28.0
2026-09-10 13:19:00,78.65,78.9,77.45,77.45,8.0
2026-09-10 13:20:00,77.3,77.3,77.3,77.3,1.0
2026-09-10 13:21:00,77.0,78.2,77.0,78.2,12.0
2026-09-10 13:22:00,78.15,78.15,77.35,77.35,10.0
2026-09-10 13:23:00,77.6,77.6,77.15,77.15,4.0
2026-09-10 13:25:00,77.7,77.7,77.55,77.7,6.0
2026-09-10 13:26:00,76.9,77.0,76.4,77.0,19.0
2026-09-10 13:28:00,75.5,76.2,75.5,75.95,5.0
2026-09-10 13:29:00,75.95,75.95,74.8,74.8,4.0
2026-09-10 13:30:00,74.1,74.8,73.8,74.8,20.0
2026-09-10 13:31:00,75.0,75.4,74.3,74.3,24.0
2026-09-10 13:32:00,73.95,74.05,73.1,73.1,12.0
2026-09-10 13:33:00,73.15,73.4,72.3,73.3,125.0
2026-09-10 13:34:00,73.05,73.05,73.05,73.05,1.0
2026-09-10 13:35:00,74.0,74.15,73.6,73.7,19.0
2026-09-10 13:36:00,73.7,73.7,73.35,73.65,3.0
2026-09-10 13:37:00,73.65,73.65,73.0,73.45,18.0
2026-09-10 13:38:00,74.75,75.4,74.7,75.4,11.0
2026-09-10 13:39:00,75.15,75.15,74.2,74.45,27.0
2026-09-10 13:40:00,75.05,75.95,75.05,75.4,11.0
2026-09-10 13:41:00,74.7,74.7,74.55,74.55,7.0
2026-09-10 13:42:00,75.4,76.0,75.35,75.4,12.0
2026-09-10 13:43:00,75.4,76.05,75.4,76.05,6.0
2026-09-10 13:44:00,75.5,75.5,75.2,75.2,18.0
2026-09-10 13:45:00,75.0,75.0,74.3,74.5,25.0
2026-09-10 13:46:00,74.65,74.65,74.5,74.5,3.0
2026-09-10 13:47:00,74.0,74.0,74.0,74.0,1.0
2026-09-10 13:48:00,73.35,73.4,73.3,73.3,13.0
2026-09-10 13:49:00,73.85,75.35,73.85,74.0,68.0
2026-09-10 13:50:00,74.4,74.8,73.85,73.85,14.0
2026-09-10 13:51:00,73.9,74.4,73.7,74.3,5.0
2026-09-10 13:52:00,74.85,74.95,74.85,74.95,5.0
2026-09-10 13:53:00,74.65,74.65,73.9,74.25,32.0
2026-09-10 13:54:00,73.8,74.1,73.7,73.85,36.0
2026-09-10 13:55:00,73.9,73.9,73.2,73.2,2.0
2026-09-10 13:56:00,73.3,73.9,73.3,73.55,8.0
2026-09-10 13:57:00,73.35,73.4,71.9,72.95,41.0
2026-09-10 13:58:00,73.15,73.15,72.55,72.55,14.0
2026-09-10 13:59:00,72.3,72.35,71.7,71.75,30.0
2026-09-10 14:00:00,73.15,73.15,72.6,72.95,16.0
2026-09-10 14:01:00,73.1,73.1,72.1,72.1,3.0
2026-09-10 14:02:00,72.3,72.35,70.85,71.1,12.0
2026-09-10 14:03:00,71.15,71.15,69.5,70.0,94.0
2026-09-10 14:04:00,70.1,70.1,69.0,69.0,152.0
2026-09-10 14:05:00,68.45,70.45,67.85,70.25,131.0
2026-09-10 14:06:00,70.25,70.6,70.1,70.3,27.0
2026-09-10 14:07:00,70.8,71.0,70.35,71.0,14.0
2026-09-10 14:08:00,70.4,70.5,69.3,69.3,70.0
2026-09-10 14:09:00,69.0,70.4,69.0,69.4,19.0
2026-09-10 14:10:00,69.95,69.95,69.45,69.45,8.0
2026-09-10 14:11:00,69.15,69.65,69.05,69.15,10.0
2026-09-10 14:12:00,69.35,69.55,69.35,69.55,3.0
2026-09-10 14:13:00,68.8,68.85,68.15,68.15,10.0
2026-09-10 14:14:00,69.75,69.75,69.0,69.0,10.0
2026-09-10 14:15:00,68.6,69.0,68.3,68.35,13.0
2026-09-10 14:16:00,68.2,68.8,67.95,68.8,48.0
2026-09-10 14:17:00,69.0,69.05,68.5,68.5,31.0
2026-09-10 14:18:00,68.6,68.6,67.2,67.2,6.0
2026-09-10 14:19:00,67.2,67.75,66.7,67.75,28.0
2026-09-10 14:20:00,68.65,68.65,68.65,68.65,1.0
2026-09-10 14:21:00,69.2,69.9,69.2,69.4,15.0
2026-09-10 14:22:00,69.85,70.1,69.25,69.25,18.0
2026-09-10 14:23:00,69.4,69.4,69.05,69.2,17.0
2026-09-10 14:24:00,69.25,69.85,69.25,69.85,20.0
2026-09-10 14:25:00,69.9,70.15,69.6,69.6,12.0
2026-09-10 14:26:00,69.15,69.2,68.75,68.75,56.0
2026-09-10 14:27:00,68.85,69.45,68.75,69.0,22.0
2026-09-10 14:28:00,69.25,69.25,67.25,67.45,16.0
2026-09-10 14:29:00,68.35,69.25,68.35,69.25,11.0
2026-09-10 14:30:00,69.5,69.5,69.2,69.2,8.0
2026-09-10 14:31:00,68.7,68.8,68.7,68.8,2.0
2026-09-10 14:32:00,68.05,68.5,67.5,67.95,50.0
2026-09-10 14:33:00,67.75,68.55,67.75,68.55,13.0
2026-09-10 14:34:00,68.15,68.15,68.15,68.15,1.0
2026-09-10 14:35:00,67.35,67.35,67.0,67.25,26.0
2026-09-10 14:36:00,67.25,67.5,67.05,67.2,26.0
2026-09-10 14:37:00,67.4,67.4,66.55,66.55,10.0
2026-09-10 14:38:00,66.3,67.35,66.3,67.0,36.0
2026-09-10 14:39:00,66.95,67.3,66.1,66.1,16.0
2026-09-10 14:40:00,67.05,67.05,64.6,65.25,57.0
2026-09-10 14:41:00,65.3,66.25,65.2,66.0,65.0
2026-09-10 14:42:00,66.75,67.45,66.7,67.0,5.0
2026-09-10 14:43:00,66.6,67.0,66.5,67.0,64.0
2026-09-10 14:44:00,67.5,68.0,67.5,68.0,25.0
2026-09-10 14:45:00,68.5,69.05,68.25,68.95,31.0
2026-09-10 14:46:00,69.2,69.6,68.85,68.85,32.0
2026-09-10 14:47:00,68.75,70.0,68.75,70.0,27.0
2026-09-10 14:48:00,70.0,70.05,69.45,69.65,17.0
2026-09-10 14:49:00,69.6,70.65,69.3,70.55,165.0
2026-09-10 14:50:00,70.85,71.4,70.4,70.7,69.0
2026-09-10 14:51:00,71.0,71.2,70.5,70.5,74.0
2026-09-10 14:52:00,70.4,70.5,69.25,69.25,17.0
2026-09-10 14:53:00,68.65,69.5,68.65,69.5,53.0
2026-09-10 14:54:00,70.05,70.05,68.9,69.3,37.0
2026-09-10 14:55:00,69.4,69.5,68.7,69.3,29.0
2026-09-10 14:56:00,69.25,69.6,68.7,69.6,8.0
2026-09-10 14:57:00,70.15,70.15,69.3,69.4,40.0
2026-09-10 14:58:00,68.45,68.75,67.5,67.5,13.0
2026-09-10 14:59:00,66.9,67.55,66.9,67.2,6.0
2026-09-10 15:00:00,66.35,66.45,61.45,61.45,127.0
2026-09-10 15:01:00,61.15,63.7,61.0,63.6,110.0
2026-09-10 15:02:00,63.5,63.55,62.55,62.95,293.0
2026-09-10 15:03:00,62.7,63.65,62.6,63.5,50.0
2026-09-10 15:04:00,63.6,64.0,62.6,63.2,137.0
2026-09-10 15:05:00,63.6,63.6,62.85,62.85,87.0
2026-09-10 15:06:00,62.9,62.9,61.85,62.1,32.0
2026-09-10 15:07:00,63.05,63.4,61.65,62.15,237.0
2026-09-10 15:08:00,62.6,62.85,62.15,62.5,23.0
2026-09-10 15:09:00,62.45,62.9,62.1,62.3,30.0
2026-09-10 15:10:00,62.65,63.3,62.35,62.65,64.0
2026-09-10 15:11:00,63.35,63.35,62.45,62.45,22.0
2026-09-10 15:12:00,62.4,62.4,60.85,61.65,133.0
2026-09-10 15:13:00,62.15,62.2,61.35,61.5,68.0
2026-09-10 15:14:00,61.5,61.55,60.65,61.25,69.0
2026-09-10 15:15:00,61.6,61.6,60.45,60.85,83.0
2026-09-10 15:16:00,60.85,62.05,60.35,60.5,123.0
2026-09-10 15:17:00,60.3,60.8,59.35,59.8,132.0
2026-09-10 15:18:00,60.0,60.3,59.7,60.25,18.0
2026-09-10 15:19:00,60.25,60.25,59.7,60.2,63.0
2026-09-10 15:20:00,60.8,62.45,60.55,62.45,42.0
2026-09-10 15:21:00,62.45,63.8,62.4,63.3,92.0
2026-09-10 15:22:00,62.9,63.45,61.85,63.45,70.0
2026-09-10 15:23:00,63.65,64.9,63.45,64.9,27.0
2026-09-10 15:24:00,65.0,65.8,64.7,65.8,55.0
2026-09-10 15:25:00,65.75,65.75,64.25,64.9,29.0
2026-09-10 15:26:00,64.75,64.95,63.75,63.9,42.0
2026-09-10 15:27:00,64.25,64.85,64.25,64.85,13.0
2026-09-10 15:28:00,65.0,65.05,64.45,64.45,43.0
2026-09-10 15:29:00,65.7,68.05,65.7,67.05,14.0
2026-09-11 09:15:00,37.05,38.9,32.5,37.6,926.0
2026-09-11 09:16:00,37.45,37.7,36.45,36.55,338.0
2026-09-11 09:17:00,36.45,37.4,36.05,36.75,456.0
2026-09-11 09:18:00,36.7,37.5,36.5,37.25,208.0
2026-09-11 09:19:00,37.55,38.6,37.0,38.25,976.0
2026-09-11 09:20:00,38.05,38.05,36.6,36.95,480.0
2026-09-11 09:21:00,37.1,37.65,36.8,36.95,214.0
2026-09-11 09:22:00,36.8,37.3,36.55,36.6,147.0
2026-09-11 09:23:00,36.7,36.8,35.7,35.7,966.0
2026-09-11 09:24:00,35.9,36.6,35.85,36.45,87.0
2026-09-11 09:25:00,36.5,36.9,36.1,36.2,126.0
2026-09-11 09:26:00,36.15,36.45,35.75,36.15,82.0
2026-09-11 09:27:00,36.15,36.4,35.65,36.2,95.0
2026-09-11 09:28:00,36.1,36.15,35.7,35.95,67.0
2026-09-11 09:29:00,35.75,35.9,35.5,35.75,470.0
2026-09-11 09:30:00,35.65,35.7,35.25,35.45,144.0
2026-09-11 09:31:00,35.45,36.3,35.45,35.9,105.0
2026-09-11 09:32:00,35.95,35.95,35.25,35.25,148.0
2026-09-11 09:33:00,35.15,35.65,35.1,35.65,133.0
2026-09-11 09:34:00,35.65,36.3,35.65,35.8,218.0
2026-09-11 09:35:00,35.7,36.7,35.7,36.4,129.0
2026-09-11 09:36:00,36.45,37.6,36.45,37.25,176.0
2026-09-11 09:37:00,37.35,37.9,37.15,37.55,70.0
2026-09-11 09:38:00,37.4,37.8,37.35,37.65,37.0
2026-09-11 09:39:00,37.5,37.6,37.15,37.15,23.0
2026-09-11 09:40:00,36.85,37.1,36.75,36.75,17.0
2026-09-11 09:41:00,36.0,36.2,35.95,35.95,17.0
2026-09-11 09:42:00,36.05,36.25,35.95,36.0,25.0
2026-09-11 09:43:00,36.4,37.05,36.35,36.9,53.0
2026-09-11 09:44:00,36.9,36.9,36.45,36.85,86.0
2026-09-11 09:45:00,36.8,36.8,36.3,36.8,77.0
2026-09-11 09:46:00,36.65,36.65,36.35,36.45,24.0
2026-09-11 09:47:00,36.4,36.4,35.9,35.9,68.0
2026-09-11 09:48:00,35.9,36.05,35.7,35.75,102.0
2026-09-11 09:49:00,35.6,35.95,35.6,35.65,57.0
2026-09-11 09:50:00,35.65,36.1,35.65,36.05,98.0
2026-09-11 09:51:00,35.8,36.25,35.75,35.85,103.0
2026-09-11 09:52:00,35.8,36.0,35.45,35.7,45.0
2026-09-11 09:53:00,35.55,35.6,35.15,35.15,117.0
2026-09-11 09:54:00,35.1,35.7,35.1,35.25,79.0
2026-09-11 09:55:00,35.2,35.9,35.2,35.85,30.0
2026-09-11 09:56:00,35.8,35.85,35.5,35.5,67.0
2026-09-11 09:57:00,35.6,35.9,35.55,35.8,61.0
2026-09-11 09:58:00,35.8,36.05,35.8,36.0,22.0
2026-09-11 09:59:00,35.9,35.95,35.5,35.5,29.0
2026-09-11 10:00:00,35.55,35.65,35.3,35.45,85.0
2026-09-11 10:01:00,35.4,35.55,35.35,35.55,65.0
2026-09-11 10:02:00,35.35,35.5,35.2,35.35,128.0
2026-09-11 10:03:00,35.55,35.9,35.55,35.9,43.0
2026-09-11 10:04:00,36.0,36.7,36.0,36.3,56.0
2026-09-11 10:05:00,36.15,36.5,36.15,36.3,31.0
2026-09-11 10:06:00,36.65,36.65,36.1,36.1,38.0
2026-09-11 10:07:00,36.3,36.55,36.0,36.0,25.0
2026-09-11 10:08:00,36.2,37.35,36.2,37.35,26.0
2026-09-11 10:09:00,37.75,38.05,37.7,38.05,34.0
2026-09-11 10:10:00,38.15,38.15,37.45,37.9,55.0
2026-09-11 10:11:00,38.0,38.0,37.5,37.6,190.0
2026-09-11 10:12:00,37.85,38.3,37.7,38.3,82.0
2026-09-11 10:13:00,38.35,40.5,38.2,40.15,287.0
2026-09-11 10:14:00,40.3,40.75,39.9,40.5,111.0
2026-09-11 10:15:00,39.45,39.95,38.85,39.8,99.0
2026-09-11 10:16:00,39.8,39.9,39.0,39.15,69.0
2026-09-11 10:17:00,39.55,40.15,39.55,39.65,24.0
2026-09-11 10:18:00,39.45,40.45,39.45,39.75,131.0
2026-09-11 10:19:00,39.75,40.0,39.7,39.9,26.0
2026-09-11 10:20:00,40.0,40.7,39.95,40.7,66.0
2026-09-11 10:21:00,41.4,43.3,41.3,42.5,171.0
2026-09-11 10:22:00,42.55,44.6,42.25,43.6,345.0
2026-09-11 10:23:00,43.9,44.55,42.3,42.3,65.0
2026-09-11 10:24:00,41.7,42.35,41.55,41.65,54.0
2026-09-11 10:25:00,41.85,41.85,41.0,41.25,34.0
2026-09-11 10:26:00,41.4,41.4,40.5,40.55,24.0
2026-09-11 10:27:00,40.1,40.2,39.65,39.65,74.0
2026-09-11 10:28:00,39.9,39.9,39.0,39.0,40.0
2026-09-11 10:29:00,39.0,39.4,38.45,38.45,27.0
2026-09-11 10:30:00,38.45,39.2,38.45,39.0,55.0
2026-09-11 10:31:00,39.15,39.95,39.15,39.95,49.0
2026-09-11 10:32:00,40.0,40.0,39.3,39.45,87.0
2026-09-11 10:33:00,39.45,39.9,39.35,39.75,57.0
2026-09-11 10:34:00,39.75,41.05,39.75,40.65,51.0
2026-09-11 10:35:00,40.55,41.35,40.55,41.35,13.0
2026-09-11 10:36:00,41.6,41.75,41.0,41.4,26.0
2026-09-11 10:37:00,42.15,42.4,41.7,41.8,39.0
2026-09-11 10:38:00,41.55,42.05,41.3,41.5,40.0
2026-09-11 10:39:00,41.75,41.8,41.25,41.45,23.0
2026-09-11 10:40:00,41.75,41.8,41.5,41.55,22.0
2026-09-11 10:41:00,41.75,42.05,41.55,41.65,25.0
2026-09-11 10:42:00,41.5,41.6,41.5,41.6,14.0
2026-09-11 10:43:00,42.1,42.4,41.9,42.4,35.0
2026-09-11 10:44:00,42.5,44.15,42.5,43.95,78.0
2026-09-11 10:45:00,44.4,46.45,43.1,43.15,182.0
2026-09-11 10:46:00,42.9,43.5,42.45,43.5,52.0
2026-09-11 10:47:00,43.3,43.3,42.35,42.35,76.0
2026-09-11 10:48:00,42.0,42.0,41.3,41.35,29.0
2026-09-11 10:49:00,41.6,42.3,41.6,41.9,27.0
2026-09-11 10:50:00,41.8,41.8,40.4,40.7,30.0
2026-09-11 10:51:00,40.6,40.6,40.55,40.6,33.0
2026-09-11 10:52:00,40.3,40.85,40.25,40.65,37.0
2026-09-11 10:53:00,40.8,40.8,40.05,40.3,68.0
2026-09-11 10:54:00,40.3,40.3,39.8,39.9,24.0
2026-09-11 10:55:00,39.95,40.0,39.6,39.6,15.0
2026-09-11 10:56:00,39.7,39.7,39.1,39.6,67.0
2026-09-11 10:57:00,39.5,39.65,39.3,39.55,16.0
2026-09-11 10:58:00,39.55,39.95,39.35,39.95,21.0
2026-09-11 10:59:00,39.95,39.95,38.65,38.9,19.0
2026-09-11 11:00:00,39.4,40.15,39.4,40.15,6.0
2026-09-11 11:01:00,40.9,41.05,40.75,40.75,35.0
2026-09-11 11:02:00,41.05,41.25,40.35,40.35,24.0
2026-09-11 11:03:00,40.6,40.6,39.35,39.75,41.0
2026-09-11 11:04:00,39.8,39.85,39.6,39.85,62.0
2026-09-11 11:05:00,40.05,40.4,39.85,40.2,27.0
2026-09-11 11:06:00,40.4,40.5,40.4,40.5,2.0
2026-09-11 11:07:00,40.7,42.0,40.7,41.85,47.0
2026-09-11 11:08:00,41.55,42.1,41.15,41.15,52.0
2026-09-11 11:09:00,41.35,42.65,41.3,42.5,40.0
2026-09-11 11:10:00,42.2,42.4,41.7,42.4,29.0
2026-09-11 11:11:00,42.5,42.8,42.15,42.15,46.0
2026-09-11 11:12:00,42.35,45.45,42.35,44.65,208.0
2026-09-11 11:13:00,44.3,49.05,44.3,47.3,261.0
2026-09-11 11:14:00,47.5,51.0,47.5,50.3,613.0
2026-09-11 11:15:00,50.25,51.35,47.4,47.4,240.0
2026-09-11 11:16:00,47.6,50.2,47.35,50.2,120.0
2026-09-11 11:17:00,51.0,56.95,51.0,54.95,442.0
2026-09-11 11:18:00,55.15,55.6,51.75,51.75,242.0
2026-09-11 11:19:00,51.2,52.4,50.65,52.4,57.0
2026-09-11 11:20:00,52.8,53.4,50.25,50.25,297.0
2026-09-11 11:21:00,49.95,52.05,49.75,50.85,46.0
2026-09-11 11:22:00,50.85,53.35,50.45,53.0,263.0
2026-09-11 11:23:00,53.25,54.4,52.45,53.6,152.0
2026-09-11 11:24:00,53.65,55.5,53.65,54.9,93.0
2026-09-11 11:25:00,55.0,55.95,53.35,53.8,125.0
2026-09-11 11:26:00,54.0,54.6,53.25,53.7,130.0
2026-09-11 11:27:00,53.45,53.75,52.75,53.25,133.0
2026-09-11 11:28:00,53.05,53.55,51.9,52.2,151.0
2026-09-11 11:29:00,51.85,52.35,51.25,51.4,78.0
2026-09-11 11:30:00,51.25,51.25,50.4,51.05,129.0
2026-09-11 11:31:00,51.25,51.3,49.45,49.45,102.0
2026-09-11 11:32:00,49.5,51.65,49.5,51.6,69.0
2026-09-11 11:33:00,51.6,53.35,51.6,53.3,33.0
2026-09-11 11:34:00,52.7,52.7,51.75,51.75,22.0
2026-09-11 11:35:00,51.0,51.7,50.25,50.55,42.0
2026-09-11 11:36:00,50.7,52.45,50.65,52.45,14.0
2026-09-11 11:37:00,52.2,52.9,51.7,52.8,27.0
2026-09-11 11:38:00,53.65,54.5,52.15,52.25,62.0
2026-09-11 11:39:00,52.25,52.25,51.05,51.05,69.0
2026-09-11 11:40:00,51.55,52.6,51.55,52.1,74.0
2026-09-11 11:41:00,52.05,54.25,52.0,53.1,53.0
2026-09-11 11:42:00,52.0,53.2,51.65,52.75,27.0
2026-09-11 11:43:00,52.45,53.0,52.45,53.0,7.0
2026-09-11 11:44:00,53.4,55.25,53.4,54.1,58.0
2026-09-11 11:45:00,53.95,54.6,52.4,53.1,114.0
2026-09-11 11:46:00,53.2,54.4,53.2,53.7,38.0
2026-09-11 11:47:00,53.4,54.5,53.25,53.6,48.0
2026-09-11 11:48:00,53.35,53.4,50.55,50.55,74.0
2026-09-11 11:49:00,50.5,50.85,50.25,50.75,65.0
2026-09-11 11:50:00,50.85,51.75,50.5,51.75,11.0
2026-09-11 11:51:00,50.9,51.8,50.9,51.45,47.0
2026-09-11 11:52:00,50.6,50.6,49.85,50.0,30.0
2026-09-11 11:53:00,49.85,50.35,49.6,50.35,17.0
2026-09-11 11:54:00,50.95,51.0,50.75,51.0,35.0
2026-09-11 11:55:00,51.0,51.0,50.75,50.75,36.0
2026-09-11 11:56:00,50.95,52.25,50.95,51.8,30.0
2026-09-11 11:57:00,51.85,51.85,49.55,49.85,38.0
2026-09-11 11:58:00,50.15,50.65,50.15,50.3,169.0
2026-09-11 11:59:00,50.8,51.6,50.7,51.6,22.0
2026-09-11 12:00:00,51.9,52.0,50.9,51.25,53.0
2026-09-11 12:01:00,51.0,51.0,50.5,50.5,17.0
2026-09-11 12:02:00,51.25,51.7,50.85,51.0,41.0
2026-09-11 12:03:00,50.7,50.7,50.0,50.2,39.0
2026-09-11 12:04:00,50.7,50.8,50.7,50.7,23.0
2026-09-11 12:05:00,50.95,51.6,50.4,50.7,146.0
2026-09-11 12:06:00,50.65,50.7,50.5,50.7,5.0
2026-09-11 12:07:00,49.85,49.85,49.8,49.8,14.0
2026-09-11 12:08:00,50.25,50.3,49.95,50.0,30.0
2026-09-11 12:09:00,50.0,50.25,49.95,49.95,13.0
2026-09-11 12:10:00,49.75,49.75,48.05,48.25,95.0
2026-09-11 12:11:00,48.45,48.55,47.75,48.25,79.0
2026-09-11 12:12:00,48.25,48.25,46.95,47.05,153.0
2026-09-11 12:13:00,46.9,46.9,45.65,46.1,108.0
2026-09-11 12:14:00,45.95,47.3,45.95,47.05,35.0
2026-09-11 12:15:00,47.55,47.8,45.35,45.8,125.0
2026-09-11 12:16:00,46.0,47.05,46.0,46.85,53.0
2026-09-11 12:17:00,47.5,48.0,47.5,48.0,17.0
2026-09-11 12:18:00,48.35,49.0,48.2,49.0,64.0
2026-09-11 12:19:00,49.2,49.2,48.3,48.3,19.0
2026-09-11 12:20:00,48.2,48.85,48.0,48.1,23.0
2026-09-11 12:21:00,48.0,48.0,47.25,47.65,15.0
2026-09-11 12:22:00,47.25,47.5,47.25,47.5,6.0
2026-09-11 12:23:00,47.55,48.65,47.55,48.65,50.0
2026-09-11 12:24:00,48.6,49.35,48.6,49.35,83.0
2026-09-11 12:25:00,49.0,49.0,48.1,48.7,73.0
2026-09-11 12:26:00,48.7,49.0,48.7,48.85,6.0
2026-09-11 12:27:00,48.8,48.8,48.8,48.8,2.0
2026-09-11 12:28:00,48.2,48.25,47.55,47.85,29.0
2026-09-11 12:29:00,48.2,48.25,47.65,47.65,24.0
2026-09-11 12:30:00,47.9,48.6,47.6,48.6,27.0
2026-09-11 12:31:00,48.5,49.05,48.5,49.05,14.0
2026-09-11 12:32:00,49.15,49.95,49.1,49.7,31.0
2026-09-11 12:33:00,49.3,49.3,47.95,47.95,41.0
2026-09-11 12:34:00,48.25,49.6,48.25,49.6,28.0
2026-09-11 12:35:00,49.75,50.2,49.35,49.75,16.0
2026-09-11 12:36:00,50.6,50.6,50.5,50.5,5.0
2026-09-11 12:37:00,49.05,49.65,49.0,49.65,39.0
2026-09-11 12:38:00,50.25,50.25,49.15,49.25,9.0
2026-09-11 12:39:00,49.25,49.25,48.6,48.85,16.0
2026-09-11 12:40:00,49.4,49.4,48.55,48.8,43.0
2026-09-11 12:41:00,49.0,49.85,48.95,49.75,28.0
2026-09-11 12:42:00,50.2,51.3,50.2,51.3,26.0
2026-09-11 12:43:00,52.0,52.0,50.45,50.45,52.0
2026-09-11 12:44:00,50.0,50.25,49.05,49.3,18.0
2026-09-11 12:45:00,48.85,49.5,48.85,49.0,16.0
2026-09-11 12:46:00,48.65,48.65,48.0,48.4,20.0
2026-09-11 12:47:00,47.9,48.3,47.75,48.15,23.0
2026-09-11 12:48:00,48.05,48.6,48.0,48.6,15.0
2026-09-11 12:49:00,48.1,48.3,47.9,48.3,10.0
2026-09-11 12:50:00,48.15,48.15,47.25,47.25,8.0
2026-09-11 12:51:00,47.45,47.5,46.25,46.3,52.0
2026-09-11 12:52:00,46.5,47.75,46.4,47.75,25.0
2026-09-11 12:53:00,48.1,48.3,48.1,48.3,5.0
2026-09-11 12:54:00,48.55,48.55,48.15,48.15,4.0
2026-09-11 12:55:00,48.25,48.55,48.25,48.45,9.0
2026-09-11 12:56:00,48.3,48.6,47.75,48.0,27.0
2026-09-11 12:57:00,47.8,47.85,47.35,47.45,16.0
2026-09-11 12:58:00,47.65,49.45,47.65,49.3,73.0
2026-09-11 12:59:00,49.0,49.1,48.7,48.7,15.0
2026-09-11 13:00:00,48.4,48.4,46.95,46.95,32.0
2026-09-11 13:01:00,46.7,47.1,46.2,46.75,44.0
2026-09-11 13:02:00,46.3,46.65,46.25,46.65,13.0
2026-09-11 13:03:00,46.25,46.25,44.65,45.0,129.0
2026-09-11 13:04:00,44.95,45.25,43.75,43.75,39.0
2026-09-11 13:05:00,43.95,44.1,43.45,43.7,46.0
2026-09-11 13:06:00,43.6,43.95,43.35,43.95,43.0
2026-09-11 13:07:00,44.1,45.05,44.1,45.05,43.0
2026-09-11 13:08:00,44.85,45.0,44.4,44.4,25.0
2026-09-11 13:09:00,44.3,44.55,44.2,44.2,5.0
2026-09-11 13:10:00,44.75,44.85,44.6,44.6,12.0
2026-09-11 13:11:00,43.8,44.9,43.05,44.9,41.0
2026-09-11 13:12:00,45.0,45.0,44.7,44.75,16.0
2026-09-11 13:13:00,45.65,45.7,45.4,45.55,21.0
2026-09-11 13:14:00,45.7,46.15,45.5,45.85,104.0
2026-09-11 13:15:00,45.85,46.2,45.25,45.4,86.0
2026-09-11 13:16:00,45.3,46.5,45.3,46.0,63.0
2026-09-11 13:17:00,45.95,46.15,45.8,46.0,96.0
2026-09-11 13:18:00,45.9,46.05,45.55,45.55,16.0
2026-09-11 13:19:00,45.15,45.45,45.15,45.45,25.0
2026-09-11 13:20:00,45.3,45.45,44.8,45.0,36.0
2026-09-11 13:21:00,45.05,45.2,44.95,45.2,27.0
2026-09-11 13:22:00,45.5,46.75,45.5,46.55,33.0
2026-09-11 13:23:00,46.4,46.95,46.4,46.95,5.0
2026-09-11 13:24:00,46.55,46.6,46.4,46.55,15.0
2026-09-11 13:25:00,46.4,46.65,46.15,46.4,24.0
2026-09-11 13:26:00,46.55,46.55,46.4,46.4,21.0
2026-09-11 13:27:00,46.35,47.3,46.15,47.3,24.0
2026-09-11 13:28:00,47.15,47.3,46.65,47.3,27.0
2026-09-11 13:29:00,47.45,48.9,47.35,48.5,102.0
2026-09-11 13:30:00,48.75,49.5,48.6,48.95,44.0
2026-09-11 13:31:00,48.65,48.75,47.55,48.75,69.0
2026-09-11 13:32:00,48.85,50.0,48.85,50.0,49.0
2026-09-11 13:33:00,49.45,49.6,48.1,48.25,42.0
2026-09-11 13:34:00,48.0,48.0,47.25,47.5,36.0
2026-09-11 13:35:00,46.55,46.85,46.3,46.7,10.0
2026-09-11 13:36:00,46.7,46.7,46.3,46.3,21.0
2026-09-11 13:37:00,46.05,46.3,45.75,46.0,33.0
2026-09-11 13:38:00,45.95,46.35,45.95,45.95,14.0
2026-09-11 13:39:00,45.95,46.5,45.6,45.6,38.0
2026-09-11 13:40:00,45.55,46.4,45.55,45.8,62.0
2026-09-11 13:41:00,45.85,46.0,41.65,42.6,260.0
2026-09-11 13:42:00,42.75,44.5,41.85,44.45,70.0
2026-09-11 13:43:00,44.85,45.4,44.6,45.3,64.0
2026-09-11 13:44:00,45.95,46.3,45.85,46.1,27.0
2026-09-11 13:45:00,45.75,45.9,44.05,44.05,54.0
2026-09-11 13:46:00,44.05,44.85,43.75,44.85,38.0
2026-09-11 13:47:00,44.85,46.35,44.85,45.85,17.0
2026-09-11 13:48:00,45.95,46.2,45.95,46.2,7.0
2026-09-11 13:49:00,45.6,46.35,45.6,46.35,15.0
2026-09-11 13:50:00,46.35,46.95,46.35,46.95,25.0
2026-09-11 13:51:00,47.3,48.65,47.3,48.65,10.0
2026-09-11 13:52:00,48.0,48.4,47.85,48.25,31.0
2026-09-11 13:53:00,47.95,48.5,47.95,48.4,26.0
2026-09-11 13:54:00,48.3,55.55,48.3,51.1,436.0
2026-09-11 13:55:00,50.55,55.9,50.0,54.55,217.0
2026-09-11 13:56:00,53.85,55.75,53.05,55.3,82.0
2026-09-11 13:57:00,55.55,57.45,55.55,57.4,204.0
2026-09-11 13:58:00,57.5,58.0,53.95,55.35,78.0
2026-09-11 13:59:00,55.45,56.35,54.7,56.15,96.0
2026-09-11 14:00:00,55.05,60.6,54.9,59.4,105.0
2026-09-11 14:01:00,58.8,59.8,57.9,58.9,72.0
2026-09-11 14:02:00,58.9,74.25,58.2,70.8,442.0
2026-09-11 14:03:00,71.15,78.55,70.5,71.75,278.0
2026-09-11 14:04:00,72.6,74.65,71.75,72.65,736.0
2026-09-11 14:05:00,72.75,73.35,69.35,69.45,411.0
2026-09-11 14:06:00,69.2,69.3,66.15,68.7,195.0
2026-09-11 14:07:00,67.9,67.9,65.25,67.15,254.0
2026-09-11 14:08:00,67.35,67.65,64.7,65.15,284.0
2026-09-11 14:09:00,65.05,66.75,64.45,65.15,159.0
2026-09-11 14:10:00,64.65,65.9,63.85,64.95,94.0
2026-09-11 14:11:00,65.75,66.55,64.95,66.2,96.0
2026-09-11 14:12:00,66.15,66.55,64.95,65.25,35.0
2026-09-11 14:13:00,64.9,64.9,62.9,62.9,30.0
2026-09-11 14:14:00,62.55,65.15,62.55,64.95,177.0
2026-09-11 14:15:00,65.25,65.95,63.65,65.35,42.0
2026-09-11 14:16:00,65.0,65.15,63.25,64.85,56.0
2026-09-11 14:17:00,65.0,65.0,63.25,63.7,49.0
2026-09-11 14:18:00,63.0,63.65,62.0,63.4,77.0
2026-09-11 14:19:00,63.55,63.85,62.9,63.05,23.0
2026-09-11 14:20:00,63.2,63.55,61.4,62.6,23.0
2026-09-11 14:21:00,62.6,64.3,62.6,64.15,32.0
2026-09-11 14:22:00,63.95,64.65,63.55,64.45,15.0
2026-09-11 14:23:00,65.05,65.05,63.6,63.6,31.0
2026-09-11 14:24:00,64.35,66.5,64.35,66.5,50.0
2026-09-11 14:25:00,66.3,66.8,65.45,65.7,60.0
2026-09-11 14:26:00,66.1,68.0,66.1,68.0,56.0
2026-09-11 14:27:00,67.75,68.05,66.7,67.5,89.0
2026-09-11 14:28:00,67.7,68.85,67.2,67.95,41.0
2026-09-11 14:29:00,68.4,70.0,68.25,69.35,55.0
2026-09-11 14:30:00,69.85,71.35,68.5,70.45,266.0
2026-09-11 14:31:00,69.7,71.75,69.4,70.95,58.0
2026-09-11 14:32:00,71.25,72.45,68.85,69.6,298.0
2026-09-11 14:33:00,68.9,68.9,67.45,67.8,70.0
2026-09-11 14:34:00,67.2,68.15,67.0,67.2,54.0
2026-09-11 14:35:00,67.3,70.8,67.3,70.8,166.0
2026-09-11 14:36:00,70.1,70.35,68.95,70.2,175.0
2026-09-11 14:37:00,69.75,70.0,67.4,67.65,31.0
2026-09-11 14:38:00,66.65,67.65,66.35,66.4,215.0
2026-09-11 14:39:00,66.6,68.3,65.4,67.95,111.0
2026-09-11 14:40:00,67.85,68.0,66.7,67.05,43.0
2026-09-11 14:41:00,66.6,68.75,66.45,68.1,109.0
2026-09-11 14:42:00,67.85,69.05,67.85,68.55,30.0
2026-09-11 14:43:00,68.95,68.95,68.3,68.95,48.0
2026-09-11 14:44:00,68.95,69.7,68.5,69.35,90.0
2026-09-11 14:45:00,69.1,69.1,67.45,67.75,106.0
2026-09-11 14:46:00,67.4,68.4,67.25,67.45,120.0
2026-09-11 14:47:00,67.2,68.85,67.05,68.85,138.0
2026-09-11 14:48:00,68.2,69.0,67.6,69.0,62.0
2026-09-11 14:49:00,68.75,68.8,67.95,68.25,31.0
2026-09-11 14:50:00,68.8,69.55,68.8,69.4,249.0
2026-09-11 14:51:00,69.5,69.6,68.35,68.85,69.0
2026-09-11 14:52:00,68.75,69.55,68.55,69.2,20.0
2026-09-11 14:53:00,69.65,70.2,68.95,69.2,35.0
2026-09-11 14:54:00,69.35,70.05,69.25,69.35,71.0
2026-09-11 14:55:00,69.6,70.05,68.75,68.75,80.0
2026-09-11 14:56:00,68.5,69.65,68.5,68.65,205.0
2026-09-11 14:57:00,68.75,68.8,68.1,68.4,79.0
2026-09-11 14:58:00,68.15,68.65,67.5,68.1,424.0
2026-09-11 14:59:00,67.8,68.0,66.75,67.1,97.0
2026-09-11 15:00:00,65.65,67.3,65.35,66.3,192.0
2026-09-11 15:01:00,66.45,66.85,62.9,63.6,105.0
2026-09-11 15:02:00,63.55,64.5,63.3,64.15,96.0
2026-09-11 15:03:00,64.15,64.15,62.8,62.8,203.0
2026-09-11 15:04:00,62.75,62.95,60.7,61.35,174.0
2026-09-11 15:05:00,61.3,61.4,58.7,60.3,161.0
2026-09-11 15:06:00,59.65,61.8,59.5,61.0,102.0
2026-09-11 15:07:00,61.15,63.4,61.0,63.0,120.0
2026-09-11 15:08:00,62.9,63.4,62.2,62.6,167.0
2026-09-11 15:09:00,62.95,66.0,62.7,64.75,255.0
2026-09-11 15:10:00,65.25,66.6,65.25,66.2,147.0
2026-09-11 15:11:00,66.35,67.25,66.05,66.5,118.0
2026-09-11 15:12:00,66.5,68.1,65.0,65.8,190.0
2026-09-11 15:13:00,65.95,66.75,65.85,66.75,57.0
2026-09-11 15:14:00,67.0,67.8,66.7,67.65,94.0
2026-09-11 15:15:00,67.25,71.35,66.65,67.4,202.0
2026-09-11 15:16:00,67.35,69.1,66.0,68.15,81.0
2026-09-11 15:17:00,66.9,67.85,66.0,66.45,107.0
2026-09-11 15:18:00,66.45,66.45,64.6,64.6,65.0
2026-09-11 15:19:00,67.0,67.35,66.0,66.75,21.0
2026-09-11 15:20:00,67.05,71.0,66.65,67.75,187.0
2026-09-11 15:21:00,67.35,68.25,66.9,67.75,83.0
2026-09-11 15:22:00,67.75,68.0,64.8,65.4,71.0
2026-09-11 15:23:00,65.3,65.3,61.05,64.05,243.0
2026-09-11 15:24:00,64.35,64.35,61.9,62.0,129.0
2026-09-11 15:25:00,61.95,61.95,60.25,61.3,157.0
2026-09-11 15:26:00,61.65,62.4,61.25,62.05,65.0
2026-09-11 15:27:00,62.15,63.1,61.95,62.15,133.0
2026-09-11 15:28:00,62.4,62.75,60.5,60.5,149.0
2026-09-11 15:29:00,60.9,61.35,58.85,61.0,91.0
2026-09-15 09:15:00,75.35,78.05,55.65,57.1,2269.0
2026-09-15 09:16:00,56.6,60.65,56.3,59.55,2325.0
2026-09-15 09:17:00,59.5,59.7,54.85,54.85,1681.0
2026-09-15 09:18:00,54.75,56.25,53.55,54.25,1168.0
2026-09-15 09:19:00,54.3,55.95,54.2,54.9,3257.0
2026-09-15 09:20:00,54.85,55.2,53.1,53.35,979.0
2026-09-15 09:21:00,53.3,54.75,52.15,53.75,3306.0
2026-09-15 09:22:00,53.6,53.85,51.2,51.25,1696.0
2026-09-15 09:23:00,51.2,51.25,49.6,50.35,5446.0
2026-09-15 09:24:00,50.4,51.4,48.6,48.75,1876.0
2026-09-15 09:25:00,48.7,48.75,47.5,48.2,832.0
2026-09-15 09:26:00,48.15,49.0,46.8,48.55,675.0
2026-09-15 09:27:00,48.45,49.35,47.45,47.95,839.0
2026-09-15 09:28:00,48.0,48.4,46.75,46.95,771.0
2026-09-15 09:29:00,47.0,47.6,45.9,46.1,494.0
2026-09-15 09:30:00,46.15,46.95,45.1,46.1,647.0
2026-09-15 09:31:00,46.25,46.35,45.05,45.1,257.0
2026-09-15 09:32:00,45.0,46.2,44.7,46.15,461.0
2026-09-15 09:33:00,46.1,46.25,45.1,46.1,332.0
2026-09-15 09:34:00,46.2,46.65,46.05,46.5,368.0
2026-09-15 09:35:00,46.45,47.5,46.05,46.2,611.0
2026-09-15 09:36:00,46.0,46.15,45.2,45.35,251.0
2026-09-15 09:37:00,45.25,45.7,44.5,44.6,264.0
2026-09-15 09:38:00,44.6,45.1,44.3,44.6,152.0
2026-09-15 09:39:00,44.6,46.25,44.2,46.25,175.0
2026-09-15 09:40:00,46.35,46.55,45.6,46.05,314.0
2026-09-15 09:41:00,46.0,46.15,45.2,46.1,287.0
2026-09-15 09:42:00,46.1,46.75,45.85,46.4,240.0
2026-09-15 09:43:00,46.3,47.25,46.0,46.7,315.0
2026-09-15 09:44:00,46.75,47.95,44.55,44.8,638.0
2026-09-15 09:45:00,44.65,44.65,42.65,43.9,298.0
2026-09-15 09:46:00,43.9,44.35,42.95,43.25,276.0
2026-09-15 09:47:00,43.25,44.25,42.8,42.8,206.0
2026-09-15 09:48:00,42.8,42.95,40.85,41.85,264.0
2026-09-15 09:49:00,41.65,42.15,40.1,40.3,211.0
2026-09-15 09:50:00,40.3,41.8,40.0,41.4,285.0
2026-09-15 09:51:00,41.55,41.55,40.65,40.8,162.0
2026-09-15 09:52:00,40.45,40.9,38.85,39.3,297.0
2026-09-15 09:53:00,39.15,39.95,39.15,39.7,194.0
2026-09-15 09:54:00,39.7,40.4,38.6,38.75,324.0
2026-09-15 09:55:00,38.7,38.95,37.15,38.1,579.0
2026-09-15 09:56:00,38.3,38.3,36.6,37.25,591.0
2026-09-15 09:57:00,37.05,37.7,36.5,36.8,814.0
2026-09-15 09:58:00,36.8,38.0,36.3,38.0,1458.0
2026-09-15 09:59:00,38.0,39.1,38.0,38.65,714.0
2026-09-15 10:00:00,38.5,38.6,37.5,38.2,371.0
2026-09-15 10:01:00,38.1,38.15,37.5,37.9,125.0
2026-09-15 10:02:00,38.0,38.7,37.85,38.45,649.0
2026-09-15 10:03:00,38.5,38.7,38.25,38.25,2069.0
2026-09-15 10:04:00,38.25,39.35,38.2,39.35,1094.0
2026-09-15 10:05:00,39.35,40.85,39.15,40.7,991.0
2026-09-15 10:06:00,40.7,40.85,40.0,40.65,745.0
2026-09-15 10:07:00,40.6,40.8,40.4,40.6,119.0
2026-09-15 10:08:00,40.6,40.8,40.15,40.45,102.0
2026-09-15 10:09:00,40.35,40.7,39.75,39.8,339.0
2026-09-15 10:10:00,39.95,40.0,38.8,39.25,311.0
2026-09-15 10:11:00,38.85,41.25,38.85,41.2,393.0
2026-09-15 10:12:00,41.2,41.2,39.85,40.8,166.0
2026-09-15 10:13:00,40.8,41.65,40.75,41.0,126.0
2026-09-15 10:14:00,41.15,41.15,40.3,40.3,77.0
2026-09-15 10:15:00,40.35,40.6,39.8,40.15,105.0
2026-09-15 10:16:00,40.2,41.25,40.1,40.1,63.0
2026-09-15 10:17:00,40.1,40.55,39.25,40.15,111.0
2026-09-15 10:18:00,40.25,41.05,40.2,40.6,77.0
2026-09-15 10:19:00,40.7,40.8,40.2,40.6,58.0
2026-09-15 10:20:00,40.55,40.9,39.0,39.05,202.0
2026-09-15 10:21:00,38.7,39.5,38.0,39.35,151.0
2026-09-15 10:22:00,39.35,39.7,39.0,39.0,319.0
2026-09-15 10:23:00,38.9,39.2,38.4,39.1,119.0
2026-09-15 10:24:00,39.25,39.5,38.95,39.5,88.0
2026-09-15 10:25:00,38.9,39.1,38.5,38.7,175.0
2026-09-15 10:26:00,38.6,39.25,38.45,38.95,130.0
2026-09-15 10:27:00,38.95,39.45,38.4,38.4,107.0
2026-09-15 10:28:00,38.3,38.45,36.45,36.65,107.0
2026-09-15 10:29:00,36.8,36.9,35.6,36.15,510.0
2026-09-15 10:30:00,36.1,36.85,34.3,36.7,558.0
2026-09-15 10:31:00,36.8,37.5,35.6,35.6,231.0
2026-09-15 10:32:00,35.9,36.45,35.35,36.25,599.0
2026-09-15 10:33:00,36.3,36.85,36.05,36.15,702.0
2026-09-15 10:34:00,36.1,36.3,35.65,36.05,155.0
2026-09-15 10:35:00,36.0,38.35,35.95,37.4,6762.0
2026-09-15 10:36:00,37.45,38.0,37.05,37.4,3565.0
2026-09-15 10:37:00,37.4,37.7,36.9,37.0,1079.0
2026-09-15 10:38:00,37.0,37.35,36.95,37.05,542.0
2026-09-15 10:39:00,37.05,37.8,36.95,37.3,648.0
2026-09-15 10:40:00,37.3,37.7,36.25,36.25,447.0
2026-09-15 10:41:00,36.25,36.45,35.95,36.2,356.0
2026-09-15 10:42:00,36.15,36.2,35.55,35.6,133.0
2026-09-15 10:43:00,35.65,35.65,33.6,34.55,881.0
2026-09-15 10:44:00,34.45,35.05,33.7,33.8,237.0
2026-09-15 10:45:00,33.9,34.5,33.85,34.1,245.0
2026-09-15 10:46:00,34.15,34.15,31.8,32.1,365.0
2026-09-15 10:47:00,31.95,33.5,31.95,33.0,264.0
2026-09-15 10:48:00,32.85,33.45,32.45,32.5,121.0
2026-09-15 10:49:00,32.3,32.55,31.85,31.9,221.0
2026-09-15 10:50:00,31.95,32.7,31.75,32.15,159.0
2026-09-15 10:51:00,32.2,32.3,31.1,31.25,203.0
2026-09-15 10:52:00,31.35,31.75,31.25,31.6,103.0
2026-09-15 10:53:00,31.7,32.1,31.4,31.75,132.0
2026-09-15 10:54:00,31.65,31.8,31.45,31.45,88.0
2026-09-15 10:55:00,31.35,31.45,30.65,30.9,333.0
2026-09-15 10:56:00,31.05,31.55,31.05,31.55,107.0
2026-09-15 10:57:00,31.45,31.8,31.45,31.75,114.0
2026-09-15 10:58:00,31.6,31.85,31.35,31.8,71.0
2026-09-15 10:59:00,31.85,32.1,31.65,32.05,84.0
2026-09-15 11:00:00,32.0,32.75,31.8,32.65,246.0
2026-09-15 11:01:00,32.65,33.45,32.45,33.45,98.0
2026-09-15 11:02:00,33.5,33.8,33.2,33.5,231.0
2026-09-15 11:03:00,33.35,33.7,33.0,33.0,61.0
2026-09-15 11:04:00,33.15,34.0,32.75,33.8,231.0
2026-09-15 11:05:00,33.7,33.7,32.75,32.9,179.0
2026-09-15 11:06:00,33.05,33.25,32.7,33.05,191.0
2026-09-15 11:07:00,33.05,33.1,31.75,31.75,112.0
2026-09-15 11:08:00,31.7,32.15,31.3,31.9,200.0
2026-09-15 11:09:00,32.1,32.25,31.5,31.5,76.0
2026-09-15 11:10:00,31.35,31.75,30.0,31.7,333.0
2026-09-15 11:11:00,31.7,33.0,31.7,32.7,152.0
2026-09-15 11:12:00,32.65,33.35,32.3,33.25,571.0
2026-09-15 11:13:00,33.1,33.35,32.7,32.95,597.0
2026-09-15 11:14:00,32.85,34.15,32.85,33.8,109.0
2026-09-15 11:15:00,33.6,34.35,33.6,34.2,91.0
2026-09-15 11:16:00,34.35,34.35,33.15,33.15,107.0
2026-09-15 11:17:00,33.05,33.3,32.55,32.6,60.0
2026-09-15 11:18:00,32.7,32.9,31.75,31.75,122.0
2026-09-15 11:19:00,31.65,31.8,31.0,31.25,114.0
2026-09-15 11:20:00,31.25,31.35,30.8,31.05,122.0
2026-09-15 11:21:00,31.25,31.65,30.95,31.65,53.0
2026-09-15 11:22:00,31.65,32.2,31.65,32.2,79.0
2026-09-15 11:23:00,32.25,32.25,31.85,32.0,77.0
2026-09-15 11:24:00,32.1,32.3,31.85,32.05,104.0
2026-09-15 11:25:00,32.05,32.3,31.45,31.45,219.0
2026-09-15 11:26:00,31.45,32.2,31.3,31.95,99.0
2026-09-15 11:27:00,32.05,32.15,31.75,31.8,127.0
2026-09-15 11:28:00,31.95,31.95,30.75,30.95,63.0
2026-09-15 11:29:00,30.85,31.5,30.6,31.05,160.0
2026-09-15 11:30:00,31.25,31.3,30.2,30.4,106.0
2026-09-15 11:31:00,30.35,31.25,30.25,30.85,48.0
2026-09-15 11:32:00,30.8,31.5,30.8,31.35,39.0
2026-09-15 11:33:00,31.35,31.6,31.35,31.6,33.0
2026-09-15 11:34:00,31.75,31.95,31.55,31.55,35.0
2026-09-15 11:35:00,31.55,31.8,31.55,31.8,38.0
2026-09-15 11:36:00,31.8,32.75,31.75,32.5,87.0
2026-09-15 11:37:00,32.35,32.7,32.25,32.45,71.0
2026-09-15 11:38:00,32.25,33.0,32.05,32.5,121.0
2026-09-15 11:39:00,32.65,33.0,31.65,32.4,77.0
2026-09-15 11:40:00,32.45,32.45,31.45,31.8,79.0
2026-09-15 11:41:00,31.7,32.2,31.65,31.8,247.0
2026-09-15 11:42:00,31.9,31.9,31.35,31.5,107.0
2026-09-15 11:43:00,31.4,32.05,31.3,31.9,76.0
2026-09-15 11:44:00,31.9,32.5,31.9,32.25,55.0
2026-09-15 11:45:00,32.25,32.25,31.6,31.65,60.0
2026-09-15 11:46:00,31.6,31.7,31.3,31.3,64.0
2026-09-15 11:47:00,31.2,31.5,31.2,31.4,3.0
2026-09-15 11:48:00,31.25,31.8,31.25,31.7,91.0
2026-09-15 11:49:00,31.75,31.75,31.0,31.2,23.0
2026-09-15 11:50:00,31.0,31.65,30.75,31.65,105.0
2026-09-15 11:51:00,31.5,32.0,31.5,31.55,33.0
2026-09-15 11:52:00,31.5,31.65,30.7,30.7,46.0
2026-09-15 11:53:00,31.0,31.3,30.8,30.95,54.0
2026-09-15 11:54:00,30.6,31.3,30.6,31.1,144.0
2026-09-15 11:55:00,31.25,31.45,31.05,31.3,20.0
2026-09-15 11:56:00,31.3,31.3,30.95,31.25,17.0
2026-09-15 11:57:00,31.4,31.65,31.2,31.65,98.0
2026-09-15 11:58:00,31.65,32.05,31.45,31.65,65.0
2026-09-15 11:59:00,31.55,31.8,31.4,31.8,27.0
2026-09-15 12:00:00,31.6,31.9,31.4,31.65,24.0
2026-09-15 12:01:00,31.6,31.6,31.5,31.5,15.0
2026-09-15 12:02:00,31.5,32.35,31.5,32.0,32.0
2026-09-15 12:03:00,32.25,32.6,32.2,32.3,109.0
2026-09-15 12:04:00,32.4,32.4,31.95,32.15,18.0
2026-09-15 12:05:00,32.3,33.0,32.3,32.55,56.0
2026-09-15 12:06:00,32.4,32.4,31.45,31.8,57.0
2026-09-15 12:07:00,31.75,31.9,31.65,31.8,34.0
2026-09-15 12:08:00,31.85,32.45,31.85,32.2,74.0
2026-09-15 12:09:00,32.15,32.25,31.8,31.95,48.0
2026-09-15 12:10:00,31.9,32.2,31.8,32.0,72.0
2026-09-15 12:11:00,32.0,32.3,31.85,31.9,107.0
2026-09-15 12:12:00,31.85,31.9,31.6,31.75,80.0
2026-09-15 12:13:00,31.15,31.25,31.0,31.2,64.0
2026-09-15 12:14:00,31.1,31.55,31.1,31.35,65.0
2026-09-15 12:15:00,31.45,31.6,31.05,31.2,129.0
2026-09-15 12:16:00,31.2,31.85,31.2,31.5,59.0
2026-09-15 12:17:00,31.3,31.8,31.3,31.6,70.0
2026-09-15 12:18:00,31.25,31.25,30.2,30.45,138.0
2026-09-15 12:19:00,30.25,30.65,30.2,30.55,144.0
2026-09-15 12:20:00,30.45,30.85,30.3,30.65,31.0
2026-09-15 12:21:00,30.7,31.3,30.6,31.05,92.0
2026-09-15 12:22:00,31.2,31.2,30.6,30.6,6.0
2026-09-15 12:23:00,30.45,30.85,30.3,30.85,56.0
2026-09-15 12:24:00,30.8,31.15,30.8,30.85,14.0
2026-09-15 12:25:00,30.9,31.0,30.6,30.6,52.0
2026-09-15 12:26:00,30.55,30.6,30.35,30.45,23.0
2026-09-15 12:27:00,30.5,30.8,30.5,30.7,62.0
2026-09-15 12:28:00,30.8,31.05,30.8,30.95,38.0
2026-09-15 12:29:00,30.9,31.25,30.8,31.1,19.0
2026-09-15 12:30:00,31.0,31.0,30.15,30.3,65.0
2026-09-15 12:31:00,30.05,30.05,28.2,28.85,352.0
2026-09-15 12:32:00,28.8,29.2,28.6,29.0,31.0
2026-09-15 12:33:00,28.85,28.95,28.25,28.55,86.0
2026-09-15 12:34:00,28.55,29.15,28.5,28.5,184.0
2026-09-15 12:35:00,28.4,30.55,28.2,30.15,147.0
2026-09-15 12:36:00,30.0,30.45,29.8,30.15,84.0
2026-09-15 12:37:00,30.05,30.15,29.35,29.35,45.0
2026-09-15 12:38:00,29.3,29.35,29.0,29.0,37.0
2026-09-15 12:39:00,29.05,29.05,28.9,29.0,20.0
2026-09-15 12:40:00,29.2,29.2,28.8,28.95,216.0
2026-09-15 12:41:00,28.85,29.0,28.55,28.55,249.0
2026-09-15 12:42:00,28.6,29.15,28.55,28.55,1114.0
2026-09-15 12:43:00,28.5,28.7,28.5,28.6,210.0
2026-09-15 12:44:00,28.45,28.55,27.9,27.9,521.0
2026-09-15 12:45:00,27.9,28.05,27.45,27.75,3439.0
2026-09-15 12:46:00,27.75,28.4,27.75,28.15,2184.0
2026-09-15 12:47:00,28.1,28.2,27.7,28.15,154.0
2026-09-15 12:48:00,28.2,28.65,28.15,28.6,59.0
2026-09-15 12:49:00,28.6,29.0,28.5,28.7,77.0
2026-09-15 12:50:00,28.85,29.9,28.85,29.4,200.0
2026-09-15 12:51:00,29.3,29.5,28.9,29.05,27.0
2026-09-15 12:52:00,29.0,29.05,28.4,28.45,25.0
2026-09-15 12:53:00,28.5,28.95,28.3,28.95,22.0
2026-09-15 12:54:00,29.05,29.15,28.85,29.0,53.0
2026-09-15 12:55:00,29.05,29.1,28.5,28.55,42.0
2026-09-15 12:56:00,28.25,28.5,27.8,27.9,129.0
2026-09-15 12:57:00,28.0,28.1,27.75,27.75,167.0
2026-09-15 12:58:00,27.75,27.85,26.1,26.35,304.0
2026-09-15 12:59:00,26.45,27.05,26.45,26.9,145.0
2026-09-15 13:00:00,26.9,27.3,26.8,27.0,562.0
2026-09-15 13:01:00,27.1,27.1,26.15,26.15,109.0
2026-09-15 13:02:00,26.3,26.6,26.2,26.25,93.0
2026-09-15 13:03:00,26.05,26.15,25.6,26.15,166.0
2026-09-15 13:04:00,26.1,26.75,26.1,26.45,201.0
2026-09-15 13:05:00,26.45,26.9,26.4,26.75,71.0
2026-09-15 13:06:00,26.8,26.8,26.15,26.2,48.0
2026-09-15 13:07:00,26.3,26.65,26.3,26.4,23.0
2026-09-15 13:08:00,26.3,26.4,26.0,26.05,108.0
2026-09-15 13:09:00,26.1,26.4,26.05,26.05,192.0
2026-09-15 13:10:00,26.2,26.4,25.75,25.95,211.0
2026-09-15 13:11:00,26.0,26.05,24.5,25.05,1772.0
2026-09-15 13:12:00,25.05,25.3,24.55,25.25,5014.0
2026-09-15 13:13:00,25.3,25.65,25.3,25.5,136.0
2026-09-15 13:14:00,25.5,25.6,25.05,25.2,117.0
2026-09-15 13:15:00,25.3,25.4,24.25,24.35,809.0
2026-09-15 13:16:00,24.4,24.5,23.6,23.9,285.0
2026-09-15 13:17:00,23.95,24.15,23.6,23.95,937.0
2026-09-15 13:18:00,24.0,24.2,23.9,24.15,276.0
2026-09-15 13:19:00,24.15,24.3,24.0,24.1,231.0
2026-09-15 13:20:00,24.0,24.2,23.9,24.2,155.0
2026-09-15 13:21:00,24.2,24.55,23.75,23.75,136.0
2026-09-15 13:22:00,23.7,23.95,23.45,23.45,148.0
2026-09-15 13:23:00,23.4,23.6,23.4,23.5,69.0
2026-09-15 13:24:00,23.6,23.95,23.6,23.95,76.0
2026-09-15 13:25:00,23.9,23.95,23.6,23.9,78.0
2026-09-15 13:26:00,23.75,24.4,23.75,24.4,129.0
2026-09-15 13:27:00,24.4,24.7,24.25,24.4,180.0
2026-09-15 13:28:00,24.45,24.75,24.3,24.5,178.0
2026-09-15 13:29:00,24.7,24.7,24.1,24.15,92.0
2026-09-15 13:30:00,24.0,24.15,23.1,23.1,126.0
2026-09-15 13:31:00,23.15,23.25,22.25,22.7,608.0
2026-09-15 13:32:00,22.85,23.45,22.85,23.15,260.0
2026-09-15 13:33:00,23.15,23.4,23.0,23.25,161.0
2026-09-15 13:34:00,23.25,23.4,23.1,23.4,154.0
2026-09-15 13:35:00,23.4,23.7,23.2,23.55,193.0
2026-09-15 13:36:00,23.7,24.0,23.45,24.0,106.0
2026-09-15 13:37:00,24.0,24.0,23.8,23.9,43.0
2026-09-15 13:38:00,23.7,23.75,23.35,23.35,76.0
2026-09-15 13:39:00,23.45,23.7,23.45,23.45,32.0
2026-09-15 13:40:00,23.3,23.45,23.05,23.1,135.0
2026-09-15 13:41:00,23.0,23.1,22.25,23.1,263.0
2026-09-15 13:42:00,23.0,23.3,22.9,23.05,97.0
2026-09-15 13:43:00,23.3,23.5,23.2,23.45,55.0
2026-09-15 13:44:00,23.4,23.55,23.4,23.5,73.0
2026-09-15 13:45:00,23.7,24.35,23.7,24.2,97.0
2026-09-15 13:46:00,24.4,24.4,23.8,24.0,60.0
2026-09-15 13:47:00,24.0,24.05,23.65,23.85,42.0
2026-09-15 13:48:00,23.85,23.9,23.6,23.6,18.0
2026-09-15 13:49:00,23.75,24.1,23.75,24.1,91.0
2026-09-15 13:50:00,24.05,24.85,24.05,24.4,102.0
2026-09-15 13:51:00,24.35,24.45,23.95,24.35,106.0
2026-09-15 13:52:00,24.3,24.4,24.05,24.3,118.0
2026-09-15 13:53:00,24.2,24.25,23.9,23.9,54.0
2026-09-15 13:54:00,23.9,24.1,23.8,23.95,36.0
2026-09-15 13:55:00,23.8,24.0,23.75,23.9,23.0
2026-09-15 13:56:00,23.85,24.2,23.45,24.1,32.0
2026-09-15 13:57:00,24.05,24.25,23.85,23.85,14.0
2026-09-15 13:58:00,23.85,24.2,23.85,24.2,33.0
2026-09-15 13:59:00,23.85,24.2,23.8,23.95,35.0
2026-09-15 14:00:00,23.9,23.95,23.5,23.9,36.0
2026-09-15 14:01:00,23.7,23.7,23.2,23.3,38.0
2026-09-15 14:02:00,23.3,23.35,23.2,23.3,63.0
2026-09-15 14:03:00,23.35,23.4,23.15,23.4,94.0
2026-09-15 14:04:00,23.3,23.3,22.8,22.8,36.0
2026-09-15 14:05:00,22.8,22.9,22.3,22.9,126.0
2026-09-15 14:06:00,22.85,23.2,22.85,23.0,52.0
2026-09-15 14:07:00,23.0,23.05,22.85,22.9,21.0
2026-09-15 14:08:00,22.7,22.7,22.25,22.4,118.0
2026-09-15 14:09:00,22.3,22.45,21.9,21.9,177.0
2026-09-15 14:10:00,21.95,22.05,21.1,21.2,226.0
2026-09-15 14:11:00,21.25,21.55,20.45,20.55,581.0
2026-09-15 14:12:00,20.55,21.0,20.3,21.0,964.0
2026-09-15 14:13:00,21.0,21.25,20.8,21.15,277.0
2026-09-15 14:14:00,21.25,21.25,20.4,20.45,466.0
2026-09-15 14:15:00,20.35,20.45,19.0,19.4,1520.0
2026-09-15 14:16:00,19.3,19.85,19.15,19.75,911.0
2026-09-15 14:17:00,19.7,19.8,19.35,19.55,552.0
2026-09-15 14:18:00,19.55,19.6,18.5,18.55,529.0
2026-09-15 14:19:00,18.55,18.6,17.8,18.35,2745.0
2026-09-15 14:20:00,18.5,18.8,18.15,18.8,689.0
2026-09-15 14:21:00,18.75,19.2,18.65,19.05,434.0
2026-09-15 14:22:00,19.0,19.25,18.9,19.05,179.0
2026-09-15 14:23:00,19.1,19.1,18.9,18.9,257.0
2026-09-15 14:24:00,18.9,18.9,17.95,18.0,581.0
2026-09-15 14:25:00,17.95,18.0,17.45,17.5,364.0
2026-09-15 14:26:00,17.45,18.0,17.45,18.0,234.0
2026-09-15 14:27:00,18.0,18.65,18.0,18.4,343.0
2026-09-15 14:28:00,18.4,18.6,17.8,17.85,171.0
2026-09-15 14:29:00,17.85,19.0,17.8,18.85,591.0
2026-09-15 14:30:00,18.8,18.95,18.55,18.55,560.0
2026-09-15 14:31:00,18.8,18.85,18.4,18.7,898.0
2026-09-15 14:32:00,18.65,18.9,18.05,18.05,671.0
2026-09-15 14:33:00,18.05,18.4,18.05,18.35,123.0
2026-09-15 14:34:00,18.35,18.7,18.35,18.55,95.0
2026-09-15 14:35:00,18.55,18.8,18.55,18.65,135.0
2026-09-15 14:36:00,18.75,18.75,18.55,18.65,100.0
2026-09-15 14:37:00,18.6,18.7,18.5,18.6,72.0
2026-09-15 14:38:00,18.5,18.95,18.5,18.85,79.0
2026-09-15 14:39:00,19.0,19.4,18.95,19.15,316.0
2026-09-15 14:40:00,19.1,19.45,19.0,19.4,108.0
2026-09-15 14:41:00,19.45,19.6,19.4,19.5,85.0
2026-09-15 14:42:00,19.6,19.95,19.55,19.6,436.0
2026-09-15 14:43:00,19.6,19.65,19.15,19.4,362.0
2026-09-15 14:44:00,19.55,19.65,19.2,19.3,115.0
2026-09-15 14:45:00,19.35,19.35,18.9,18.9,82.0
2026-09-15 14:46:00,19.1,19.95,18.5,18.6,196.0
2026-09-15 14:47:00,18.5,18.8,17.0,17.2,669.0
2026-09-15 14:48:00,17.15,17.15,16.0,16.35,1122.0
2026-09-15 14:49:00,16.3,16.95,16.25,16.9,629.0
2026-09-15 14:50:00,16.9,18.35,16.8,18.3,497.0
2026-09-15 14:51:00,18.25,18.65,18.2,18.55,397.0
2026-09-15 14:52:00,18.65,19.0,18.45,19.0,213.0
2026-09-15 14:53:00,19.0,19.0,18.55,18.6,304.0
2026-09-15 14:54:00,18.65,18.8,17.55,17.8,379.0
2026-09-15 14:55:00,17.8,18.4,17.8,18.2,390.0
2026-09-15 14:56:00,18.3,18.55,18.0,18.0,1540.0
2026-09-15 14:57:00,18.1,18.2,17.95,18.1,442.0
2026-09-15 14:58:00,18.0,18.1,17.85,17.95,391.0
2026-09-15 14:59:00,17.75,17.95,17.4,17.65,313.0
2026-09-15 15:00:00,17.65,18.4,17.45,18.4,520.0
2026-09-15 15:01:00,18.4,19.6,18.15,19.6,371.0
2026-09-15 15:02:00,19.5,20.45,19.45,20.05,605.0
2026-09-15 15:03:00,20.1,20.6,19.8,20.5,366.0
2026-09-15 15:04:00,20.6,21.25,20.45,21.15,414.0
2026-09-15 15:05:00,21.25,21.35,20.5,20.65,289.0
2026-09-15 15:06:00,20.55,20.95,20.0,20.9,103.0
2026-09-15 15:07:00,20.75,21.1,20.5,20.65,175.0
2026-09-15 15:08:00,20.5,20.85,20.2,20.55,318.0
2026-09-15 15:09:00,20.6,21.0,20.3,20.9,225.0
2026-09-15 15:10:00,20.9,21.0,20.2,20.25,386.0
2026-09-15 15:11:00,20.25,20.65,20.15,20.5,381.0
2026-09-15 15:12:00,20.5,20.7,20.2,20.4,207.0
2026-09-15 15:13:00,20.3,20.45,20.25,20.35,268.0
2026-09-15 15:14:00,20.35,21.0,20.3,20.65,3147.0
2026-09-15 15:15:00,20.7,20.7,19.25,19.45,805.0
2026-09-15 15:16:00,19.4,19.9,18.75,19.3,792.0
2026-09-15 15:17:00,19.2,20.25,19.1,20.05,106.0
2026-09-15 15:18:00,20.0,20.6,20.0,20.6,100.0
2026-09-15 15:19:00,20.6,21.3,20.6,20.75,428.0
2026-09-15 15:20:00,20.7,21.0,19.05,19.15,624.0
2026-09-15 15:21:00,19.15,19.75,18.5,18.65,391.0
2026-09-15 15:22:00,18.6,18.6,17.5,17.6,578.0
2026-09-15 15:23:00,17.7,17.7,17.15,17.6,363.0
2026-09-15 15:24:00,17.5,18.05,17.5,18.0,536.0
2026-09-15 15:25:00,17.9,18.05,17.2,17.65,524.0
2026-09-15 15:26:00,17.55,17.85,17.5,17.7,337.0
2026-09-15 15:27:00,17.65,18.0,17.5,17.75,258.0
2026-09-15 15:28:00,17.75,18.5,17.75,18.3,367.0
2026-09-15 15:29:00,18.35,19.3,18.1,18.7,1123.0
2026-09-16 09:15:00,14.8,18.3,14.8,17.1,5631.0
2026-09-16 09:16:00,17.2,20.95,16.4,20.6,7489.0
2026-09-16 09:17:00,20.65,22.15,20.25,21.1,9267.0
2026-09-16 09:18:00,21.05,21.15,18.45,18.8,7244.0
2026-09-16 09:19:00,18.8,19.95,18.4,19.6,3138.0
2026-09-16 09:20:00,19.5,19.6,18.35,19.4,4746.0
2026-09-16 09:21:00,19.4,19.5,18.55,18.7,2939.0
2026-09-16 09:22:00,18.8,19.6,18.1,19.25,3739.0
2026-09-16 09:23:00,19.25,19.5,18.7,18.8,3086.0
2026-09-16 09:24:00,18.8,18.9,17.6,18.25,5719.0
2026-09-16 09:25:00,18.25,18.25,17.15,17.35,4356.0
2026-09-16 09:26:00,17.45,18.2,17.1,17.85,1889.0
2026-09-16 09:27:00,17.85,18.05,16.8,17.2,1935.0
2026-09-16 09:28:00,17.25,17.4,15.85,15.85,2058.0
2026-09-16 09:29:00,15.95,16.9,15.95,16.35,2009.0
2026-09-16 09:30:00,16.35,16.9,16.15,16.6,2001.0
2026-09-16 09:31:00,16.4,17.45,16.4,17.0,1754.0
2026-09-16 09:32:00,17.0,17.3,16.35,16.35,1053.0
2026-09-16 09:33:00,16.35,17.35,16.25,17.15,1395.0
2026-09-16 09:34:00,17.25,17.45,16.95,16.95,1046.0
2026-09-16 09:35:00,16.95,16.95,15.75,15.75,2007.0
2026-09-16 09:36:00,15.8,16.4,15.7,16.3,1198.0
2026-09-16 09:37:00,16.45,16.5,15.2,15.4,1981.0
2026-09-16 09:38:00,15.35,15.6,14.7,14.95,1752.0
2026-09-16 09:39:00,14.95,15.5,14.8,14.95,1596.0
2026-09-16 09:40:00,14.85,15.3,14.8,15.05,1886.0
2026-09-16 09:41:00,15.0,15.15,14.45,14.85,1859.0
2026-09-16 09:42:00,14.85,14.9,14.3,14.55,1630.0
2026-09-16 09:43:00,14.6,14.75,14.4,14.55,1224.0
2026-09-16 09:44:00,14.65,15.15,14.3,14.3,2735.0
2026-09-16 09:45:00,14.35,14.75,14.35,14.65,1638.0
2026-09-16 09:46:00,14.65,15.0,14.45,14.9,960.0
2026-09-16 09:47:00,15.0,15.2,14.35,14.55,1767.0
2026-09-16 09:48:00,14.55,14.9,14.55,14.75,951.0
2026-09-16 09:49:00,14.8,15.25,14.75,15.1,802.0
2026-09-16 09:50:00,15.15,16.0,15.1,15.55,2945.0
2026-09-16 09:51:00,15.55,15.85,15.4,15.8,1203.0
2026-09-16 09:52:00,15.75,18.0,15.75,16.9,5153.0
2026-09-16 09:53:00,16.95,17.4,16.4,17.25,2103.0
2026-09-16 09:54:00,17.2,18.5,17.1,18.35,2280.0
2026-09-16 09:55:00,18.45,20.0,18.45,19.95,7173.0
2026-09-16 09:56:00,19.95,20.65,18.75,19.25,5090.0
2026-09-16 09:57:00,19.1,19.8,18.75,19.2,2532.0
2026-09-16 09:58:00,19.15,19.15,17.75,18.0,2561.0
2026-09-16 09:59:00,17.9,19.5,17.9,19.4,2045.0
2026-09-16 10:00:00,19.4,19.45,18.05,18.85,1802.0
2026-09-16 10:01:00,18.95,19.25,17.7,17.95,2003.0
2026-09-16 10:02:00,18.0,18.3,17.1,17.55,1255.0
2026-09-16 10:03:00,17.5,18.15,17.35,17.4,1320.0
2026-09-16 10:04:00,17.5,17.5,16.5,16.65,1487.0
2026-09-16 10:05:00,16.55,16.6,15.75,15.95,1733.0
2026-09-16 10:06:00,15.9,16.45,15.65,16.45,1207.0
2026-09-16 10:07:00,16.4,17.15,15.85,17.15,1511.0
2026-09-16 10:08:00,17.2,17.4,16.2,16.4,1224.0
2026-09-16 10:09:00,16.45,16.75,16.1,16.4,802.0
2026-09-16 10:10:00,16.4,16.55,15.95,16.05,977.0
2026-09-16 10:11:00,16.0,16.65,15.6,16.45,909.0
2026-09-16 10:12:00,16.5,17.15,16.25,16.85,1073.0
2026-09-16 10:13:00,16.8,16.8,15.6,15.6,1596.0
2026-09-16 10:14:00,15.6,15.85,15.2,15.45,1087.0
2026-09-16 10:15:00,15.55,16.15,15.0,16.05,1343.0
2026-09-16 10:16:00,16.05,16.5,15.9,16.25,1288.0
2026-09-16 10:17:00,16.45,17.75,16.45,17.1,1078.0
2026-09-16 10:18:00,17.15,17.4,16.65,16.85,1022.0
2026-09-16 10:19:00,16.75,17.05,16.2,16.35,916.0
2026-09-16 10:20:00,16.4,16.9,16.35,16.4,828.0
2026-09-16 10:21:00,16.35,16.45,15.8,16.25,583.0
2026-09-16 10:22:00,16.1,16.85,16.05,16.7,945.0
2026-09-16 10:23:00,16.65,17.65,16.65,17.5,953.0
2026-09-16 10:24:00,17.5,18.25,16.8,17.7,1609.0
2026-09-16 10:25:00,17.75,18.7,17.55,18.5,1800.0
2026-09-16 10:26:00,18.45,18.9,17.4,17.4,2362.0
2026-09-16 10:27:00,17.4,17.8,17.2,17.5,811.0
2026-09-16 10:28:00,17.5,18.4,17.4,18.15,1565.0
2026-09-16 10:29:00,18.25,18.65,17.8,17.9,1388.0
2026-09-16 10:30:00,17.9,18.95,17.75,17.95,1383.0
2026-09-16 10:31:00,17.95,18.15,17.4,17.75,1871.0
2026-09-16 10:32:00,17.8,18.9,17.7,18.35,1657.0
2026-09-16 10:33:00,18.25,18.45,17.75,18.35,1121.0
2026-09-16 10:34:00,18.35,19.4,18.05,18.4,1868.0
2026-09-16 10:35:00,18.5,19.0,18.2,18.3,1523.0
2026-09-16 10:36:00,18.4,18.8,18.1,18.4,1027.0
2026-09-16 10:37:00,18.4,18.4,17.1,17.35,1598.0
2026-09-16 10:38:00,17.25,18.35,17.25,17.7,1182.0
2026-09-16 10:39:00,17.85,18.5,17.7,18.05,581.0
2026-09-16 10:40:00,18.1,18.8,18.1,18.65,1103.0
2026-09-16 10:41:00,18.6,19.05,18.25,18.5,770.0
2026-09-16 10:42:00,18.45,18.5,18.1,18.2,616.0
2026-09-16 10:43:00,18.2,19.5,18.0,19.2,1359.0
2026-09-16 10:44:00,19.25,19.4,18.45,19.1,1426.0
2026-09-16 10:45:00,19.2,20.0,18.6,18.8,1974.0
2026-09-16 10:46:00,18.7,19.7,18.6,19.1,856.0
2026-09-16 10:47:00,19.1,19.55,18.7,18.85,819.0
2026-09-16 10:48:00,18.9,19.9,18.9,19.6,1797.0
2026-09-16 10:49:00,19.65,20.4,19.35,19.55,3050.0
2026-09-16 10:50:00,19.55,19.9,18.45,18.8,1813.0
2026-09-16 10:51:00,18.65,19.55,18.6,19.0,1354.0
2026-09-16 10:52:00,19.0,20.15,18.9,19.65,1609.0
2026-09-16 10:53:00,19.55,20.25,18.65,18.8,1723.0
2026-09-16 10:54:00,18.85,18.95,18.1,18.4,1545.0
2026-09-16 10:55:00,18.3,18.55,17.4,17.4,1827.0
2026-09-16 10:56:00,17.5,18.25,17.5,18.25,1138.0
2026-09-16 10:57:00,18.15,18.35,18.05,18.35,537.0
2026-09-16 10:58:00,18.25,18.25,17.6,18.1,558.0
2026-09-16 10:59:00,18.15,18.35,18.0,18.2,714.0
2026-09-16 11:00:00,18.25,18.9,18.0,18.85,675.0
2026-09-16 11:01:00,18.9,19.4,18.6,18.85,1075.0
2026-09-16 11:02:00,18.9,19.75,18.75,19.25,1297.0
2026-09-16 11:03:00,19.25,19.75,19.0,19.05,1219.0
2026-09-16 11:04:00,19.05,19.3,18.7,18.75,1249.0
2026-09-16 11:05:00,18.8,18.85,18.3,18.5,1189.0
2026-09-16 11:06:00,18.45,18.55,17.65,17.7,1034.0
2026-09-16 11:07:00,17.65,18.15,17.25,17.6,1364.0
2026-09-16 11:08:00,17.6,17.9,17.3,17.85,844.0
2026-09-16 11:09:00,17.85,18.0,17.7,17.75,322.0
2026-09-16 11:10:00,17.7,18.25,17.6,18.1,1078.0
2026-09-16 11:11:00,18.1,18.55,17.8,17.85,775.0
2026-09-16 11:12:00,17.9,18.35,17.9,18.1,369.0
2026-09-16 11:13:00,18.1,18.1,17.5,17.55,824.0
2026-09-16 11:14:00,17.55,17.65,17.05,17.25,837.0
2026-09-16 11:15:00,17.25,18.0,17.25,17.9,689.0
2026-09-16 11:16:00,17.95,18.65,17.9,18.35,1343.0
2026-09-16 11:17:00,18.25,18.45,17.7,17.8,766.0
2026-09-16 11:18:00,17.75,18.1,17.3,17.6,799.0
2026-09-16 11:19:00,17.6,17.6,16.8,16.95,1324.0
2026-09-16 11:20:00,16.95,17.0,16.35,16.75,2726.0
2026-09-16 11:21:00,16.7,16.7,15.9,16.6,2506.0
2026-09-16 11:22:00,16.55,17.6,16.55,17.45,1027.0
2026-09-16 11:23:00,17.55,18.25,17.55,17.8,2044.0
2026-09-16 11:24:00,17.8,17.85,16.75,16.75,1130.0
2026-09-16 11:25:00,16.95,17.05,16.25,16.3,1247.0
2026-09-16 11:26:00,16.35,16.4,15.95,16.05,1683.0
2026-09-16 11:27:00,16.05,16.3,15.55,15.95,1407.0
2026-09-16 11:28:00,15.95,16.6,15.85,16.2,1113.0
2026-09-16 11:29:00,16.15,16.15,15.5,15.65,918.0
2026-09-16 11:30:00,15.6,16.45,15.55,16.25,1002.0
2026-09-16 11:31:00,16.25,16.35,15.8,16.15,1417.0
2026-09-16 11:32:00,16.25,16.6,16.0,16.25,1173.0
2026-09-16 11:33:00,16.25,16.4,16.0,16.2,687.0
2026-09-16 11:34:00,16.1,16.25,15.5,15.6,1228.0
2026-09-16 11:35:00,15.65,15.95,15.65,15.75,586.0
2026-09-16 11:36:00,15.8,15.8,15.4,15.55,529.0
2026-09-16 11:37:00,15.6,16.05,15.2,15.95,765.0
2026-09-16 11:38:00,16.0,17.0,16.0,16.4,1814.0
2026-09-16 11:39:00,16.35,16.55,16.0,16.15,1157.0
2026-09-16 11:40:00,16.15,16.6,15.75,16.45,523.0
2026-09-16 11:41:00,16.4,16.5,15.8,16.0,644.0
2026-09-16 11:42:00,15.9,16.3,15.85,16.1,732.0
2026-09-16 11:43:00,16.0,16.35,16.0,16.1,638.0
2026-09-16 11:44:00,16.1,16.1,15.7,16.1,382.0
2026-09-16 11:45:00,15.9,16.05,15.45,15.5,469.0
2026-09-16 11:46:00,15.6,15.75,15.45,15.7,608.0
2026-09-16 11:47:00,15.65,15.65,15.3,15.35,664.0
2026-09-16 11:48:00,15.4,15.6,15.25,15.45,316.0
2026-09-16 11:49:00,15.5,15.7,15.4,15.65,365.0
2026-09-16 11:50:00,15.65,16.4,15.5,16.0,1173.0
2026-09-16 11:51:00,16.0,16.25,15.65,16.0,655.0
2026-09-16 11:52:00,15.95,16.25,15.2,15.2,643.0
2026-09-16 11:53:00,15.2,15.3,14.9,15.15,980.0
2026-09-16 11:54:00,15.2,15.4,15.0,15.0,322.0
2026-09-16 11:55:00,15.1,15.25,14.9,15.0,352.0
2026-09-16 11:56:00,15.05,15.05,14.3,14.5,2641.0
2026-09-16 11:57:00,14.5,14.65,14.2,14.25,1451.0
2026-09-16 11:58:00,14.4,14.55,14.0,14.1,1269.0
2026-09-16 11:59:00,14.15,14.4,14.05,14.35,658.0
2026-09-16 12:00:00,14.3,14.8,14.2,14.6,1057.0
2026-09-16 12:01:00,14.6,14.75,14.4,14.55,428.0
2026-09-16 12:02:00,14.55,14.55,13.85,14.25,1361.0
2026-09-16 12:03:00,14.2,14.25,13.65,13.95,804.0
2026-09-16 12:04:00,13.95,14.45,13.9,14.45,662.0
2026-09-16 12:05:00,14.35,14.75,14.25,14.6,852.0
2026-09-16 12:06:00,14.6,14.95,14.55,14.8,894.0
2026-09-16 12:07:00,14.7,15.5,14.7,15.3,1023.0
2026-09-16 12:08:00,15.35,15.5,14.95,14.95,1007.0
2026-09-16 12:09:00,14.9,15.05,14.65,14.8,926.0
2026-09-16 12:10:00,14.9,15.5,14.85,15.4,503.0
2026-09-16 12:11:00,15.4,15.6,14.95,15.1,973.0
2026-09-16 12:12:00,15.15,15.65,15.15,15.35,1318.0
2026-09-16 12:13:00,15.3,16.0,15.3,15.95,1178.0
2026-09-16 12:14:00,15.95,16.05,15.3,15.4,598.0
2026-09-16 12:15:00,15.3,15.35,14.75,14.95,1150.0
2026-09-16 12:16:00,14.85,15.6,14.65,15.4,1155.0
2026-09-16 12:17:00,15.45,16.35,15.35,15.45,1427.0
2026-09-16 12:18:00,15.45,15.6,14.95,15.45,500.0
2026-09-16 12:19:00,15.4,15.7,15.25,15.4,259.0
2026-09-16 12:20:00,15.35,15.5,14.9,15.0,630.0
2026-09-16 12:21:00,15.1,15.4,15.05,15.3,223.0
2026-09-16 12:22:00,15.25,15.5,15.1,15.25,1343.0
2026-09-16 12:23:00,15.4,15.75,15.3,15.45,516.0
2026-09-16 12:24:00,15.6,15.6,15.2,15.3,480.0
2026-09-16 12:25:00,15.45,15.5,15.1,15.3,269.0
2026-09-16 12:26:00,15.4,15.4,15.15,15.2,239.0
2026-09-16 12:27:00,15.1,15.2,14.75,14.75,846.0
2026-09-16 12:28:00,14.75,15.15,14.65,15.15,623.0
2026-09-16 12:29:00,15.15,15.4,15.05,15.2,429.0
2026-09-16 12:30:00,15.15,15.4,15.0,15.2,367.0
2026-09-16 12:31:00,15.25,16.05,15.2,15.9,1045.0
2026-09-16 12:32:00,15.95,16.35,15.75,16.0,1363.0
2026-09-16 12:33:00,16.0,18.1,16.0,17.15,3572.0
2026-09-16 12:34:00,17.25,17.4,16.45,16.65,1244.0
2026-09-16 12:35:00,16.6,17.15,16.5,16.6,951.0
2026-09-16 12:36:00,16.55,16.7,15.85,15.95,1120.0
2026-09-16 12:37:00,15.95,16.05,15.6,15.9,594.0
2026-09-16 12:38:00,15.85,16.25,15.7,16.15,531.0
2026-09-16 12:39:00,16.1,16.2,15.5,15.65,462.0
2026-09-16 12:40:00,15.65,16.4,15.6,16.15,714.0
2026-09-16 12:41:00,16.15,16.45,15.85,15.9,386.0
2026-09-16 12:42:00,15.95,16.2,15.9,16.0,405.0
2026-09-16 12:43:00,16.1,17.85,16.1,17.4,1998.0
2026-09-16 12:44:00,17.4,17.85,17.3,17.65,1135.0
2026-09-16 12:45:00,17.6,17.65,16.85,16.9,961.0
2026-09-16 12:46:00,16.95,17.1,16.55,16.9,649.0
2026-09-16 12:47:00,16.8,17.35,16.8,17.15,1079.0
2026-09-16 12:48:00,17.15,17.5,16.6,17.0,722.0
2026-09-16 12:49:00,16.9,17.35,16.85,16.85,689.0
2026-09-16 12:50:00,16.9,17.0,16.55,16.8,977.0
2026-09-16 12:51:00,16.85,16.9,16.55,16.7,172.0
2026-09-16 12:52:00,16.65,16.85,16.4,16.65,637.0
2026-09-16 12:53:00,16.7,17.45,16.7,17.2,434.0
2026-09-16 12:54:00,17.2,17.5,16.9,17.05,387.0
2026-09-16 12:55:00,16.9,17.05,16.4,16.6,1801.0
2026-09-16 12:56:00,16.65,17.55,16.65,16.8,1812.0
2026-09-16 12:57:00,17.05,17.35,16.65,17.05,314.0
2026-09-16 12:58:00,17.15,17.2,16.35,16.35,969.0
2026-09-16 12:59:00,16.3,16.55,15.85,16.05,2564.0
2026-09-16 13:00:00,16.1,16.7,15.9,16.4,838.0
2026-09-16 13:01:00,16.35,16.95,16.1,16.15,649.0
2026-09-16 13:02:00,16.45,16.45,16.2,16.25,504.0
2026-09-16 13:03:00,16.15,16.25,15.8,16.05,1582.0
2026-09-16 13:04:00,16.05,16.9,16.05,16.9,840.0
2026-09-16 13:05:00,16.95,17.25,16.75,17.15,1124.0
2026-09-16 13:06:00,17.0,17.65,16.85,17.5,1390.0
2026-09-16 13:07:00,17.5,17.9,17.3,17.6,1263.0
2026-09-16 13:08:00,17.6,18.8,17.35,18.55,4159.0
2026-09-16 13:09:00,18.75,20.9,18.0,18.4,6470.0
2026-09-16 13:10:00,18.45,18.65,17.95,18.0,2030.0
2026-09-16 13:11:00,18.1,18.85,17.45,17.55,2825.0
2026-09-16 13:12:00,17.5,17.55,17.1,17.2,2108.0
2026-09-16 13:13:00,17.25,17.4,16.85,17.05,1362.0
2026-09-16 13:14:00,17.0,17.15,16.6,16.8,910.0
2026-09-16 13:15:00,16.65,16.85,16.45,16.85,811.0
2026-09-16 13:16:00,16.9,17.4,16.6,16.6,1283.0
2026-09-16 13:17:00,16.65,17.4,16.55,17.3,822.0
2026-09-16 13:18:00,17.45,17.85,17.35,17.7,1286.0
2026-09-16 13:19:00,17.8,18.45,17.7,18.0,1338.0
2026-09-16 13:20:00,17.9,17.9,17.25,17.4,861.0
2026-09-16 13:21:00,17.4,17.6,16.9,17.0,629.0
2026-09-16 13:22:00,17.1,17.2,16.85,17.15,441.0
2026-09-16 13:23:00,17.15,17.2,16.15,16.2,836.0
2026-09-16 13:24:00,16.15,16.4,15.8,15.95,1089.0
2026-09-16 13:25:00,15.95,16.25,15.7,15.9,866.0
2026-09-16 13:26:00,16.0,16.2,15.55,15.85,705.0
2026-09-16 13:27:00,15.8,16.2,15.35,15.9,2077.0
2026-09-16 13:28:00,15.95,15.95,14.65,14.75,2682.0
2026-09-16 13:29:00,14.75,15.35,14.5,14.55,1409.0
2026-09-16 13:30:00,14.55,15.3,14.55,15.25,1628.0
2026-09-16 13:31:00,15.15,15.5,15.05,15.3,1158.0
2026-09-16 13:32:00,15.45,15.5,15.1,15.15,487.0
2026-09-16 13:33:00,15.05,15.2,14.9,14.9,832.0
2026-09-16 13:34:00,15.0,15.25,14.75,15.15,987.0
2026-09-16 13:35:00,15.15,15.45,15.1,15.35,452.0
2026-09-16 13:36:00,15.3,15.35,14.8,14.95,189.0
2026-09-16 13:37:00,14.95,15.1,14.7,14.75,606.0
2026-09-16 13:38:00,14.85,14.9,14.2,14.7,1570.0
2026-09-16 13:39:00,14.75,14.75,14.2,14.35,762.0
2026-09-16 13:40:00,14.3,14.35,13.9,14.1,1811.0
2026-09-16 13:41:00,14.15,14.45,14.05,14.4,805.0
2026-09-16 13:42:00,14.4,14.4,14.0,14.05,406.0
2026-09-16 13:43:00,14.15,14.25,14.0,14.2,433.0
2026-09-16 13:44:00,14.2,14.2,13.8,14.0,977.0
2026-09-16 13:45:00,14.0,14.4,13.9,14.05,1578.0
2026-09-16 13:46:00,14.05,14.1,13.7,14.0,833.0
2026-09-16 13:47:00,13.95,14.15,13.9,14.1,205.0
2026-09-16 13:48:00,14.1,14.15,13.9,13.95,406.0
2026-09-16 13:49:00,13.9,14.25,13.75,13.95,694.0
2026-09-16 13:50:00,13.95,14.05,13.8,13.9,170.0
2026-09-16 13:51:00,13.9,14.25,13.75,14.0,639.0
2026-09-16 13:52:00,14.0,14.3,13.9,14.15,670.0
2026-09-16 13:53:00,14.15,14.3,14.1,14.1,328.0
2026-09-16 13:54:00,14.1,14.25,14.1,14.15,295.0
2026-09-16 13:55:00,14.1,14.25,14.05,14.2,170.0
2026-09-16 13:56:00,14.1,14.2,14.05,14.15,191.0
2026-09-16 13:57:00,14.25,14.35,14.15,14.3,262.0
2026-09-16 13:58:00,14.25,14.4,14.1,14.2,815.0
2026-09-16 13:59:00,14.1,14.4,14.1,14.3,162.0
2026-09-16 14:00:00,14.25,14.85,14.25,14.8,1140.0
2026-09-16 14:01:00,14.75,15.35,14.65,15.15,1456.0
2026-09-16 14:02:00,15.1,15.35,14.85,15.15,874.0
2026-09-16 14:03:00,15.1,15.55,15.05,15.05,1473.0
2026-09-16 14:04:00,15.15,15.3,15.05,15.2,156.0
2026-09-16 14:05:00,15.2,15.45,14.9,15.05,443.0
2026-09-16 14:06:00,15.0,15.05,14.75,15.0,394.0
2026-09-16 14:07:00,14.8,14.8,14.5,14.55,825.0
2026-09-16 14:08:00,14.55,14.65,14.15,14.3,1132.0
2026-09-16 14:09:00,14.35,14.55,14.25,14.5,101.0
2026-09-16 14:10:00,14.45,14.55,14.2,14.55,189.0
2026-09-16 14:11:00,14.55,14.7,14.4,14.55,223.0
2026-09-16 14:12:00,14.6,14.85,14.45,14.8,967.0
2026-09-16 14:13:00,14.85,15.2,14.75,14.85,892.0
2026-09-16 14:14:00,14.85,15.35,14.8,15.3,701.0
2026-09-16 14:15:00,15.2,15.4,14.95,15.2,470.0
2026-09-16 14:16:00,15.25,15.5,15.05,15.35,419.0
2026-09-16 14:17:00,15.35,15.65,15.3,15.4,738.0
2026-09-16 14:18:00,15.4,15.65,15.3,15.3,676.0
2026-09-16 14:19:00,15.35,15.4,14.45,14.45,1415.0
2026-09-16 14:20:00,14.5,14.75,14.45,14.5,1084.0
2026-09-16 14:21:00,14.55,14.8,14.45,14.75,958.0
2026-09-16 14:22:00,14.7,15.25,14.7,15.2,1058.0
2026-09-16 14:23:00,15.25,15.5,15.1,15.2,627.0
2026-09-16 14:24:00,15.25,15.25,14.9,15.05,1037.0
2026-09-16 14:25:00,15.0,15.1,14.85,14.95,489.0
2026-09-16 14:26:00,15.0,15.2,14.85,14.85,348.0
2026-09-16 14:27:00,14.75,14.9,14.55,14.85,717.0
2026-09-16 14:28:00,14.85,14.85,14.25,14.55,1099.0
2026-09-16 14:29:00,14.55,15.1,14.5,14.7,765.0
2026-09-16 14:30:00,14.75,14.8,14.3,14.3,662.0
2026-09-16 14:31:00,14.3,14.6,14.25,14.45,675.0
2026-09-16 14:32:00,14.55,14.6,14.4,14.6,409.0
2026-09-16 14:33:00,14.75,14.85,14.35,14.55,225.0
2026-09-16 14:34:00,14.5,14.7,14.3,14.7,213.0
2026-09-16 14:35:00,14.55,15.05,14.45,14.8,825.0
2026-09-16 14:36:00,14.85,15.15,14.6,14.6,683.0
2026-09-16 14:37:00,14.55,14.7,14.4,14.6,813.0
2026-09-16 14:38:00,14.55,14.6,14.15,14.35,879.0
2026-09-16 14:39:00,14.4,14.6,14.3,14.45,408.0
2026-09-16 14:40:00,14.55,14.65,14.4,14.6,292.0
2026-09-16 14:41:00,14.65,14.75,14.35,14.6,524.0
2026-09-16 14:42:00,14.6,14.6,14.1,14.3,504.0
2026-09-16 14:43:00,14.3,14.3,14.05,14.25,492.0
2026-09-16 14:44:00,14.2,14.55,14.2,14.35,899.0
2026-09-16 14:45:00,14.35,14.5,14.1,14.35,620.0
2026-09-16 14:46:00,14.4,14.75,14.4,14.5,724.0
2026-09-16 14:47:00,14.55,14.75,14.4,14.7,309.0
2026-09-16 14:48:00,14.7,14.9,14.25,14.4,642.0
2026-09-16 14:49:00,14.35,14.8,14.3,14.7,981.0
2026-09-16 14:50:00,14.75,14.95,14.5,14.75,1082.0
2026-09-16 14:51:00,14.9,15.05,14.5,14.55,1493.0
2026-09-16 14:52:00,14.55,14.6,14.2,14.4,620.0
2026-09-16 14:53:00,14.5,14.65,14.3,14.5,369.0
2026-09-16 14:54:00,14.4,14.55,14.15,14.3,384.0
2026-09-16 14:55:00,14.3,14.65,14.2,14.55,212.0
2026-09-16 14:56:00,14.75,15.25,14.7,15.0,1229.0
2026-09-16 14:57:00,14.95,15.7,14.95,15.15,1684.0
2026-09-16 14:58:00,15.2,15.3,14.35,14.55,1331.0
2026-09-16 14:59:00,14.6,14.85,14.15,14.35,653.0
2026-09-16 15:00:00,14.35,14.35,13.0,13.6,5093.0
2026-09-16 15:01:00,13.65,14.05,13.55,13.9,1659.0
2026-09-16 15:02:00,13.9,14.35,13.9,14.0,1004.0
2026-09-16 15:03:00,14.0,14.05,13.7,13.8,629.0
2026-09-16 15:04:00,13.8,14.1,13.5,13.7,545.0
2026-09-16 15:05:00,13.75,13.85,13.25,13.35,2254.0
2026-09-16 15:06:00,13.35,13.55,13.05,13.45,1899.0
2026-09-16 15:07:00,13.4,13.8,13.4,13.7,1529.0
2026-09-16 15:08:00,13.7,13.8,13.45,13.75,997.0
2026-09-16 15:09:00,13.75,13.9,13.65,13.85,448.0
2026-09-16 15:10:00,13.85,14.25,13.7,14.05,1870.0
2026-09-16 15:11:00,14.0,14.05,13.75,14.0,1004.0
2026-09-16 15:12:00,13.95,14.1,13.65,13.75,716.0
2026-09-16 15:13:00,13.7,14.0,13.6,13.9,715.0
2026-09-16 15:14:00,13.85,13.95,13.6,13.85,1046.0
2026-09-16 15:15:00,13.8,14.1,13.45,13.8,3309.0
2026-09-16 15:16:00,13.7,14.1,13.7,13.95,663.0
2026-09-16 15:17:00,13.85,14.25,13.65,14.25,927.0
2026-09-16 15:18:00,14.15,14.5,14.05,14.25,957.0
2026-09-16 15:19:00,14.2,14.25,13.8,14.05,661.0
2026-09-16 15:20:00,14.15,14.45,13.5,13.7,2313.0
2026-09-16 15:21:00,13.7,13.95,13.6,13.7,724.0
2026-09-16 15:22:00,13.9,14.1,13.5,13.7,1541.0
2026-09-16 15:23:00,13.65,13.8,13.4,13.45,596.0
2026-09-16 15:24:00,13.45,13.6,13.15,13.3,2892.0
2026-09-16 15:25:00,13.35,13.5,12.3,12.3,2890.0
2026-09-16 15:26:00,12.35,12.7,12.15,12.4,3113.0
2026-09-16 15:27:00,12.35,12.85,12.35,12.5,1005.0
2026-09-16 15:28:00,12.55,12.6,11.7,11.8,1873.0
2026-09-16 15:29:00,11.8,12.6,11.8,12.6,3087.0
2026-09-17 09:15:00,14.0,14.0,5.65,9.15,8913.0
2026-09-17 09:16:00,9.15,10.35,8.25,9.85,11219.0
2026-09-17 09:17:00,9.85,11.5,9.55,11.3,6333.0
2026-09-17 09:18:00,11.35,12.5,11.2,11.6,5601.0
2026-09-17 09:19:00,11.65,12.4,11.35,11.55,3490.0
2026-09-17 09:20:00,11.55,12.2,10.55,11.0,4393.0
2026-09-17 09:21:00,11.0,11.55,10.3,10.75,1663.0
2026-09-17 09:22:00,10.75,10.8,9.8,9.85,2085.0
2026-09-17 09:23:00,9.8,10.05,9.55,9.85,1749.0
2026-09-17 09:24:00,9.75,9.95,9.3,9.3,1597.0
2026-09-17 09:25:00,9.35,9.7,9.05,9.35,2474.0
2026-09-17 09:26:00,9.3,9.75,9.25,9.4,1945.0
2026-09-17 09:27:00,9.5,10.15,9.25,10.05,2296.0
2026-09-17 09:28:00,10.05,10.5,9.95,10.2,1789.0
2026-09-17 09:29:00,10.25,10.45,9.7,10.15,2155.0
2026-09-17 09:30:00,10.1,10.65,9.9,10.35,2430.0
2026-09-17 09:31:00,10.35,11.0,10.2,10.85,1608.0
2026-09-17 09:32:00,10.9,11.45,10.6,11.0,1768.0
2026-09-17 09:33:00,11.0,11.7,10.4,10.4,2254.0
2026-09-17 09:34:00,10.35,11.15,10.3,10.8,1548.0
2026-09-17 09:35:00,10.9,11.9,10.8,11.4,3244.0
2026-09-17 09:36:00,11.4,11.9,11.2,11.25,3144.0
2026-09-17 09:37:00,11.25,11.8,11.0,11.2,3112.0
2026-09-17 09:38:00,11.2,11.4,10.55,10.55,3267.0
2026-09-17 09:39:00,10.55,10.7,10.35,10.5,2442.0
2026-09-17 09:40:00,10.4,10.8,10.25,10.6,2312.0
2026-09-17 09:41:00,10.55,10.65,9.9,9.9,1888.0
2026-09-17 09:42:00,9.9,9.9,8.9,8.95,2287.0
2026-09-17 09:43:00,9.0,9.55,8.85,9.4,2182.0
2026-09-17 09:44:00,9.4,9.75,9.15,9.7,1945.0
2026-09-17 09:45:00,9.7,9.8,9.2,9.25,1754.0
2026-09-17 09:46:00,9.25,9.5,9.2,9.4,676.0
2026-09-17 09:47:00,9.4,9.85,9.4,9.75,1030.0
2026-09-17 09:48:00,9.75,10.15,9.7,10.05,1169.0
2026-09-17 09:49:00,10.05,10.35,10.0,10.0,2118.0
2026-09-17 09:50:00,10.0,10.3,9.9,10.1,1314.0
2026-09-17 09:51:00,10.15,10.35,10.05,10.05,1106.0
2026-09-17 09:52:00,10.1,10.55,10.05,10.35,2002.0
2026-09-17 09:53:00,10.3,10.4,10.15,10.2,816.0
2026-09-17 09:54:00,10.2,10.8,10.2,10.45,1209.0
2026-09-17 09:55:00,10.5,10.95,10.25,10.6,1804.0
2026-09-17 09:56:00,10.65,10.65,10.1,10.25,1144.0
2026-09-17 09:57:00,10.3,10.8,10.15,10.6,1760.0
2026-09-17 09:58:00,10.65,10.95,10.5,10.55,940.0
2026-09-17 09:59:00,10.55,10.9,10.35,10.45,908.0
2026-09-17 10:00:00,10.45,10.55,10.05,10.3,1117.0
2026-09-17 10:01:00,10.3,10.65,10.2,10.45,1499.0
2026-09-17 10:02:00,10.45,10.9,10.45,10.75,945.0
2026-09-17 10:03:00,10.75,11.0,10.3,10.6,2132.0
2026-09-17 10:04:00,10.55,10.85,10.45,10.75,1023.0
2026-09-17 10:05:00,10.8,12.1,10.8,11.25,6715.0
2026-09-17 10:06:00,11.25,11.75,11.15,11.3,2885.0
2026-09-17 10:07:00,11.3,11.35,10.9,11.25,2161.0
2026-09-17 10:08:00,11.15,11.5,11.0,11.15,2444.0
2026-09-17 10:09:00,11.2,11.55,11.1,11.55,4425.0
2026-09-17 10:10:00,11.55,12.8,11.5,12.7,4697.0
2026-09-17 10:11:00,12.75,13.2,12.05,12.65,4998.0
2026-09-17 10:12:00,12.7,13.25,12.45,12.5,3323.0
2026-09-17 10:13:00,12.5,12.9,12.15,12.25,2987.0
2026-09-17 10:14:00,12.2,12.25,11.8,11.8,2176.0
2026-09-17 10:15:00,11.9,12.65,11.8,12.1,2246.0
2026-09-17 10:16:00,12.1,12.65,11.9,12.25,1430.0
2026-09-17 10:17:00,12.3,12.3,11.7,11.7,1771.0
2026-09-17 10:18:00,11.7,11.95,11.4,11.6,1669.0
2026-09-17 10:19:00,11.6,11.65,11.05,11.1,1262.0
2026-09-17 10:20:00,11.1,11.25,10.85,11.25,1593.0
2026-09-17 10:21:00,11.2,11.5,10.95,11.05,1130.0
2026-09-17 10:22:00,11.0,11.15,10.45,10.45,990.0
2026-09-17 10:23:00,10.5,10.75,10.15,10.4,1095.0
2026-09-17 10:24:00,10.35,10.45,10.0,10.0,1087.0
2026-09-17 10:25:00,9.95,10.1,9.8,9.95,901.0
2026-09-17 10:26:00,9.95,10.1,9.75,10.0,980.0
2026-09-17 10:27:00,10.0,10.35,10.0,10.1,910.0
2026-09-17 10:28:00,10.15,10.3,10.0,10.05,202.0
2026-09-17 10:29:00,10.0,10.4,9.85,10.15,1736.0
2026-09-17 10:30:00,10.2,10.3,9.95,10.0,719.0
2026-09-17 10:31:00,9.9,9.9,9.25,9.4,1421.0
2026-09-17 10:32:00,9.4,9.65,9.35,9.45,1079.0
2026-09-17 10:33:00,9.5,9.5,9.15,9.2,1400.0
2026-09-17 10:34:00,9.25,9.3,8.5,9.05,1869.0
2026-09-17 10:35:00,9.05,9.65,8.8,9.6,1598.0
2026-09-17 10:36:00,9.6,9.85,9.55,9.85,1311.0
2026-09-17 10:37:00,9.8,9.85,9.6,9.65,3659.0
2026-09-17 10:38:00,9.65,9.7,9.2,9.3,1529.0
2026-09-17 10:39:00,9.3,9.5,9.1,9.1,483.0
2026-09-17 10:40:00,9.15,9.3,8.9,8.95,4278.0
2026-09-17 10:41:00,8.9,9.05,8.85,8.85,801.0
2026-09-17 10:42:00,8.85,8.95,8.5,8.75,1180.0
2026-09-17 10:43:00,8.7,9.25,8.7,8.9,1306.0
2026-09-17 10:44:00,8.9,9.1,8.8,8.8,822.0
2026-09-17 10:45:00,8.8,8.85,8.55,8.8,798.0
2026-09-17 10:46:00,8.8,9.05,8.7,8.9,687.0
2026-09-17 10:47:00,8.85,9.1,8.85,9.0,995.0
2026-09-17 10:48:00,9.05,9.05,8.7,8.75,367.0
2026-09-17 10:49:00,8.8,8.9,8.7,8.75,374.0
2026-09-17 10:50:00,8.8,8.9,8.7,8.9,247.0
2026-09-17 10:51:00,8.9,9.2,8.8,9.1,1341.0
2026-09-17 10:52:00,9.1,9.15,8.8,8.8,587.0
2026-09-17 10:53:00,8.9,9.1,8.8,8.85,283.0
2026-09-17 10:54:00,8.9,8.9,8.7,8.85,367.0
2026-09-17 10:55:00,8.95,9.1,8.8,9.0,453.0
2026-09-17 10:56:00,9.0,9.15,9.0,9.15,405.0
2026-09-17 10:57:00,9.15,9.45,9.15,9.25,1076.0
2026-09-17 10:58:00,9.25,9.3,9.0,9.1,546.0
2026-09-17 10:59:00,9.1,9.15,8.95,8.95,324.0
2026-09-17 11:00:00,8.95,9.0,8.6,8.65,1665.0
2026-09-17 11:01:00,8.65,8.75,8.4,8.6,2409.0
2026-09-17 11:02:00,8.55,8.85,8.5,8.7,874.0
2026-09-17 11:03:00,8.7,8.7,8.0,8.2,2271.0
2026-09-17 11:04:00,8.15,8.2,7.95,8.0,621.0
2026-09-17 11:05:00,7.95,8.1,7.75,7.85,2006.0
2026-09-17 11:06:00,7.85,7.95,7.6,7.85,1674.0
2026-09-17 11:07:00,7.85,7.95,7.7,7.9,1293.0
2026-09-17 11:08:00,7.85,8.0,7.85,7.9,2118.0
2026-09-17 11:09:00,7.9,8.15,7.85,8.1,1360.0
2026-09-17 11:10:00,8.1,8.25,8.0,8.1,1609.0
2026-09-17 11:11:00,8.1,8.2,8.0,8.05,1582.0
2026-09-17 11:12:00,8.05,8.25,8.0,8.1,985.0
2026-09-17 11:13:00,8.15,8.2,8.05,8.15,1482.0
2026-09-17 11:14:00,8.15,8.25,8.0,8.05,2127.0
2026-09-17 11:15:00,8.05,8.15,8.0,8.1,2283.0
2026-09-17 11:16:00,8.1,8.15,7.95,8.0,686.0
2026-09-17 11:17:00,8.1,8.2,8.0,8.15,656.0
2026-09-17 11:18:00,8.15,8.35,8.05,8.35,632.0
2026-09-17 11:19:00,8.25,8.55,8.25,8.55,740.0
2026-09-17 11:20:00,8.5,8.65,8.45,8.6,668.0
2026-09-17 11:21:00,8.6,8.8,8.3,8.3,978.0
2026-09-17 11:22:00,8.3,8.3,8.0,8.15,1427.0
2026-09-17 11:23:00,8.15,8.35,8.05,8.3,410.0
2026-09-17 11:24:00,8.3,8.4,8.2,8.2,317.0
2026-09-17 11:25:00,8.25,8.35,8.2,8.3,423.0
2026-09-17 11:26:00,8.35,8.4,8.05,8.1,757.0
2026-09-17 11:27:00,8.1,8.2,8.0,8.15,530.0
2026-09-17 11:28:00,8.15,8.3,8.05,8.2,448.0
2026-09-17 11:29:00,8.2,8.5,8.1,8.2,578.0
2026-09-17 11:30:00,8.2,8.25,7.85,8.0,785.0
2026-09-17 11:31:00,8.0,8.3,7.95,8.3,259.0
2026-09-17 11:32:00,8.3,8.4,8.2,8.35,506.0
2026-09-17 11:33:00,8.4,8.4,8.1,8.2,441.0
2026-09-17 11:34:00,8.2,8.4,8.15,8.4,339.0
2026-09-17 11:35:00,8.2,8.2,8.1,8.15,214.0
2026-09-17 11:36:00,8.15,8.35,8.15,8.25,254.0
2026-09-17 11:37:00,8.25,8.35,8.15,8.25,438.0
2026-09-17 11:38:00,8.25,8.4,8.15,8.25,446.0
2026-09-17 11:39:00,8.25,8.3,8.2,8.25,202.0
2026-09-17 11:40:00,8.3,8.5,8.25,8.45,764.0
2026-09-17 11:41:00,8.45,8.65,8.4,8.45,564.0
2026-09-17 11:42:00,8.5,8.9,8.4,8.7,713.0
2026-09-17 11:43:00,8.7,9.4,8.7,9.1,1680.0
2026-09-17 11:44:00,9.1,9.3,8.8,8.8,1047.0
2026-09-17 11:45:00,8.9,9.2,8.6,8.65,934.0
2026-09-17 11:46:00,8.65,8.7,8.3,8.3,831.0
2026-09-17 11:47:00,8.3,8.65,8.25,8.6,675.0
2026-09-17 11:48:00,8.65,8.75,8.65,8.65,339.0
2026-09-17 11:49:00,8.65,8.8,8.6,8.75,775.0
2026-09-17 11:50:00,8.7,8.95,8.6,8.9,399.0
2026-09-17 11:51:00,8.95,9.5,8.95,9.35,1015.0
2026-09-17 11:52:00,9.35,9.65,9.1,9.35,1991.0
2026-09-17 11:53:00,9.35,9.35,8.6,8.6,4213.0
2026-09-17 11:54:00,8.6,9.05,8.55,8.95,1211.0
2026-09-17 11:55:00,8.95,9.2,8.9,8.95,911.0
2026-09-17 11:56:00,9.0,9.7,9.0,9.55,1166.0
2026-09-17 11:57:00,9.55,10.85,9.55,10.35,4041.0
2026-09-17 11:58:00,10.4,10.45,9.6,9.75,3163.0
2026-09-17 11:59:00,9.7,11.35,9.55,11.2,3949.0
2026-09-17 12:00:00,11.3,11.8,10.4,10.45,6441.0
2026-09-17 12:01:00,10.55,11.35,10.4,10.6,2277.0
2026-09-17 12:02:00,10.65,11.2,10.45,10.65,2025.0
2026-09-17 12:03:00,10.6,10.8,10.0,10.0,3674.0
2026-09-17 12:04:00,10.1,10.15,9.7,9.9,2614.0
2026-09-17 12:05:00,9.95,10.65,9.8,10.65,1918.0
2026-09-17 12:06:00,10.65,11.85,10.65,11.55,4088.0
2026-09-17 12:07:00,11.6,13.75,11.6,12.35,9426.0
2026-09-17 12:08:00,12.4,12.7,11.65,12.05,4268.0
2026-09-17 12:09:00,12.05,12.25,11.5,11.65,2898.0
2026-09-17 12:10:00,11.6,12.1,11.5,11.9,2383.0
2026-09-17 12:11:00,11.9,13.6,11.7,12.55,3959.0
2026-09-17 12:12:00,12.55,13.0,12.1,12.35,3849.0
2026-09-17 12:13:00,12.45,12.8,11.95,12.25,5000.0
2026-09-17 12:14:00,12.25,12.75,11.85,12.1,1982.0
2026-09-17 12:15:00,12.1,12.35,11.45,11.5,1479.0
2026-09-17 12:16:00,11.5,12.3,11.5,11.95,1534.0
2026-09-17 12:17:00,11.95,12.8,11.95,12.45,2005.0
2026-09-17 12:18:00,12.45,13.15,12.2,12.4,1838.0
2026-09-17 12:19:00,12.4,12.6,12.15,12.25,842.0
2026-09-17 12:20:00,12.3,12.35,11.9,12.05,1118.0
2026-09-17 12:21:00,12.0,12.35,11.85,11.95,1099.0
2026-09-17 12:22:00,12.0,13.6,12.0,12.95,4772.0
2026-09-17 12:23:00,13.0,13.95,13.0,13.4,5561.0
2026-09-17 12:24:00,13.4,13.5,12.6,12.65,2565.0
2026-09-17 12:25:00,12.7,12.8,12.1,12.2,1163.0
2026-09-17 12:26:00,12.25,12.4,11.95,12.1,1184.0
2026-09-17 12:27:00,12.05,12.55,11.85,12.15,1937.0
2026-09-17 12:28:00,12.15,12.55,11.85,12.3,1704.0
2026-09-17 12:29:00,12.25,12.6,12.15,12.3,875.0
2026-09-17 12:30:00,12.25,12.5,11.75,11.75,1305.0
2026-09-17 12:31:00,11.75,11.9,11.55,11.65,1242.0
2026-09-17 12:32:00,11.6,11.95,11.55,11.7,753.0
2026-09-17 12:33:00,11.8,12.25,11.65,12.0,746.0
2026-09-17 12:34:00,12.05,12.15,11.8,12.0,555.0
2026-09-17 12:35:00,12.0,12.65,11.95,12.35,1392.0
2026-09-17 12:36:00,12.35,12.95,12.35,12.7,1865.0
2026-09-17 12:37:00,12.65,13.45,12.65,13.15,2260.0
2026-09-17 12:38:00,13.3,13.85,13.1,13.5,2160.0
2026-09-17 12:39:00,13.55,13.55,13.0,13.15,2315.0
2026-09-17 12:40:00,13.1,13.55,12.85,13.25,1310.0
2026-09-17 12:41:00,13.25,13.45,12.95,13.05,922.0
2026-09-17 12:42:00,13.05,13.4,12.85,12.85,865.0
2026-09-17 12:43:00,12.9,12.95,12.1,12.15,1463.0
2026-09-17 12:44:00,12.15,12.25,11.75,12.05,2550.0
2026-09-17 12:45:00,12.15,12.25,11.9,12.0,1056.0
2026-09-17 12:46:00,11.95,12.3,11.8,12.2,780.0
2026-09-17 12:47:00,12.15,12.35,11.4,11.5,1437.0
2026-09-17 12:48:00,11.45,11.5,11.0,11.0,1459.0
2026-09-17 12:49:00,11.05,11.2,10.55,10.65,1371.0
2026-09-17 12:50:00,10.65,10.85,10.3,10.85,1824.0
2026-09-17 12:51:00,10.8,11.1,10.6,10.65,1216.0
2026-09-17 12:52:00,10.65,11.15,10.6,10.95,945.0
2026-09-17 12:53:00,11.0,11.5,10.9,11.4,2017.0
2026-09-17 12:54:00,11.3,11.8,11.05,11.05,1724.0
2026-09-17 12:55:00,11.05,11.2,10.75,11.05,630.0
2026-09-17 12:56:00,11.05,11.45,10.9,11.05,419.0
2026-09-17 12:57:00,10.95,11.2,10.85,11.1,1325.0
2026-09-17 12:58:00,11.2,11.55,11.1,11.1,255.0
2026-09-17 12:59:00,11.1,11.2,10.95,11.05,550.0
2026-09-17 13:00:00,11.05,11.4,10.9,11.35,644.0
2026-09-17 13:01:00,11.35,11.35,10.45,10.55,1160.0
2026-09-17 13:02:00,10.6,10.7,10.15,10.6,1389.0
2026-09-17 13:03:00,10.65,10.75,10.3,10.3,822.0
2026-09-17 13:04:00,10.35,10.5,9.85,9.95,1992.0
2026-09-17 13:05:00,9.9,10.1,9.85,9.9,1201.0
2026-09-17 13:06:00,9.95,10.1,9.6,9.8,776.0
2026-09-17 13:07:00,9.75,9.75,9.35,9.4,1693.0
2026-09-17 13:08:00,9.4,9.6,9.3,9.55,852.0
2026-09-17 13:09:00,9.6,9.85,9.45,9.6,1344.0
2026-09-17 13:10:00,9.6,9.65,9.3,9.5,1351.0
2026-09-17 13:11:00,9.45,9.7,9.35,9.65,731.0
2026-09-17 13:12:00,9.65,9.9,9.6,9.75,444.0
2026-09-17 13:13:00,9.8,9.8,9.45,9.6,1140.0
2026-09-17 13:14:00,9.6,9.7,9.2,9.2,1065.0
2026-09-17 13:15:00,9.2,9.5,9.0,9.05,1240.0
2026-09-17 13:16:00,9.05,9.7,8.95,9.55,2398.0
2026-09-17 13:17:00,9.55,9.6,8.9,9.35,1329.0
2026-09-17 13:18:00,9.35,9.5,9.2,9.45,774.0
2026-09-17 13:19:00,9.45,9.55,9.2,9.3,492.0
2026-09-17 13:20:00,9.3,9.45,8.95,9.3,392.0
2026-09-17 13:21:00,9.4,9.7,9.25,9.6,831.0
2026-09-17 13:22:00,9.6,9.65,8.75,8.75,1053.0
2026-09-17 13:23:00,8.85,8.95,8.65,8.95,2389.0
2026-09-17 13:24:00,8.9,8.9,8.35,8.5,1356.0
2026-09-17 13:25:00,8.4,8.5,8.1,8.15,1874.0
2026-09-17 13:26:00,8.15,8.3,7.85,8.0,1879.0
2026-09-17 13:27:00,8.0,8.2,7.4,7.45,6799.0
2026-09-17 13:28:00,7.55,7.75,7.1,7.4,3817.0
2026-09-17 13:29:00,7.4,7.6,7.2,7.3,3410.0
2026-09-17 13:30:00,7.3,7.45,7.1,7.35,2770.0
2026-09-17 13:31:00,7.4,7.65,7.25,7.5,2498.0
2026-09-17 13:32:00,7.5,7.85,7.45,7.65,1286.0
2026-09-17 13:33:00,7.6,7.7,7.1,7.25,1955.0
2026-09-17 13:34:00,7.3,7.4,7.05,7.05,1329.0
2026-09-17 13:35:00,7.1,7.1,6.75,7.0,4035.0
2026-09-17 13:36:00,7.0,7.0,6.75,6.95,2185.0
2026-09-17 13:37:00,6.9,7.4,6.9,7.3,2543.0
2026-09-17 13:38:00,7.25,7.3,7.1,7.3,1256.0
2026-09-17 13:39:00,7.3,7.3,7.05,7.15,772.0
2026-09-17 13:40:00,7.1,7.3,7.05,7.1,1307.0
2026-09-17 13:41:00,7.05,7.25,6.95,7.1,1601.0
2026-09-17 13:42:00,7.15,7.35,7.05,7.35,1194.0
2026-09-17 13:43:00,7.3,7.55,7.3,7.4,1497.0
2026-09-17 13:44:00,7.4,7.45,7.15,7.25,953.0
2026-09-17 13:45:00,7.25,7.55,7.2,7.5,780.0
2026-09-17 13:46:00,7.5,7.65,7.45,7.5,1105.0
2026-09-17 13:47:00,7.55,7.65,7.4,7.45,974.0
2026-09-17 13:48:00,7.45,7.45,7.25,7.35,995.0
2026-09-17 13:49:00,7.35,7.45,7.2,7.3,1221.0
2026-09-17 13:50:00,7.3,7.45,7.25,7.45,497.0
2026-09-17 13:51:00,7.45,7.55,7.35,7.4,662.0
2026-09-17 13:52:00,7.45,7.65,7.35,7.35,759.0
2026-09-17 13:53:00,7.45,7.45,7.2,7.2,658.0
2026-09-17 13:54:00,7.3,7.4,7.2,7.3,481.0
2026-09-17 13:55:00,7.3,7.45,7.2,7.45,958.0
2026-09-17 13:56:00,7.45,7.45,7.3,7.4,605.0
2026-09-17 13:57:00,7.35,7.45,7.25,7.4,230.0
2026-09-17 13:58:00,7.4,7.55,7.3,7.35,362.0
2026-09-17 13:59:00,7.3,7.45,7.3,7.3,501.0
2026-09-17 14:00:00,7.35,7.4,7.15,7.15,396.0
2026-09-17 14:01:00,7.2,7.3,7.15,7.2,763.0
2026-09-17 14:02:00,7.2,7.25,7.0,7.05,382.0
2026-09-17 14:03:00,7.1,7.15,6.95,7.1,788.0
2026-09-17 14:04:00,7.1,7.15,7.0,7.05,299.0
2026-09-17 14:05:00,7.05,7.15,7.0,7.1,382.0
2026-09-17 14:06:00,7.1,7.3,7.0,7.1,866.0
2026-09-17 14:07:00,7.15,7.45,7.1,7.3,1247.0
2026-09-17 14:08:00,7.35,7.5,7.25,7.25,1090.0
2026-09-17 14:09:00,7.2,7.4,7.2,7.4,710.0
2026-09-17 14:10:00,7.45,7.65,7.3,7.45,919.0
2026-09-17 14:11:00,7.45,7.5,7.25,7.3,581.0
2026-09-17 14:12:00,7.35,7.5,7.25,7.45,726.0
2026-09-17 14:13:00,7.45,7.65,7.4,7.6,887.0
2026-09-17 14:14:00,7.6,7.7,7.45,7.45,819.0
2026-09-17 14:15:00,7.45,7.5,7.3,7.45,498.0
2026-09-17 14:16:00,7.45,7.5,7.25,7.3,579.0
2026-09-17 14:17:00,7.4,7.55,7.3,7.45,443.0
2026-09-17 14:18:00,7.45,7.8,7.45,7.55,932.0
2026-09-17 14:19:00,7.6,7.85,7.4,7.4,908.0
2026-09-17 14:20:00,7.4,7.65,7.4,7.55,775.0
2026-09-17 14:21:00,7.55,7.75,7.45,7.6,362.0
2026-09-17 14:22:00,7.7,7.8,7.6,7.65,565.0
2026-09-17 14:23:00,7.75,7.85,7.6,7.65,474.0
2026-09-17 14:24:00,7.7,7.85,7.55,7.55,560.0
2026-09-17 14:25:00,7.55,7.55,7.35,7.35,524.0
2026-09-17 14:26:00,7.4,7.45,7.2,7.3,662.0
2026-09-17 14:27:00,7.3,7.35,7.2,7.25,356.0
2026-09-17 14:28:00,7.2,7.2,7.0,7.1,614.0
2026-09-17 14:29:00,7.1,7.4,7.1,7.15,553.0
2026-09-17 14:30:00,7.15,7.3,6.95,7.05,678.0
2026-09-17 14:31:00,7.1,7.15,7.0,7.05,424.0
2026-09-17 14:32:00,7.1,7.1,6.9,6.9,664.0
2026-09-17 14:33:00,6.95,7.0,6.85,6.95,362.0
2026-09-17 14:34:00,7.0,7.0,6.8,6.9,383.0
2026-09-17 14:35:00,6.85,7.25,6.85,7.25,592.0
2026-09-17 14:36:00,7.2,7.4,7.1,7.1,893.0
2026-09-17 14:37:00,7.1,8.1,7.1,7.65,4716.0
2026-09-17 14:38:00,7.7,7.75,7.3,7.4,2984.0
2026-09-17 14:39:00,7.4,8.2,7.4,7.75,2168.0
2026-09-17 14:40:00,7.8,7.85,7.55,7.75,654.0
2026-09-17 14:41:00,7.75,7.8,7.55,7.7,783.0
2026-09-17 14:42:00,7.7,7.7,7.35,7.35,868.0
2026-09-17 14:43:00,7.45,7.5,7.3,7.3,687.0
2026-09-17 14:44:00,7.3,7.4,7.05,7.3,828.0
2026-09-17 14:45:00,7.35,7.7,7.25,7.65,1769.0
2026-09-17 14:46:00,7.7,7.85,7.65,7.8,1307.0
2026-09-17 14:47:00,7.85,7.95,7.65,7.75,1070.0
2026-09-17 14:48:00,7.85,8.0,7.85,7.9,539.0
2026-09-17 14:49:00,7.85,8.1,7.75,7.8,1437.0
2026-09-17 14:50:00,7.8,7.95,7.7,7.8,943.0
2026-09-17 14:51:00,7.85,7.85,7.6,7.7,795.0
2026-09-17 14:52:00,7.65,7.85,7.6,7.75,302.0
2026-09-17 14:53:00,7.7,7.75,7.45,7.55,1258.0
2026-09-17 14:54:00,7.5,7.5,7.2,7.25,798.0
2026-09-17 14:55:00,7.25,7.3,7.05,7.25,1380.0
2026-09-17 14:56:00,7.35,7.35,7.1,7.15,1165.0
2026-09-17 14:57:00,7.15,7.25,7.05,7.15,694.0
2026-09-17 14:58:00,7.2,7.2,7.0,7.2,1557.0
2026-09-17 14:59:00,7.15,7.25,7.0,7.05,3829.0
2026-09-17 15:00:00,7.05,7.35,6.85,7.1,3173.0
2026-09-17 15:01:00,7.1,7.15,6.9,6.9,2337.0
2026-09-17 15:02:00,6.95,7.15,6.85,7.0,2469.0
2026-09-17 15:03:00,7.0,7.1,6.9,7.1,651.0
2026-09-17 15:04:00,7.05,7.1,6.75,6.8,656.0
2026-09-17 15:05:00,6.8,6.95,6.75,6.85,1229.0
2026-09-17 15:06:00,6.85,7.1,6.8,7.05,1481.0
2026-09-17 15:07:00,7.05,7.3,7.05,7.15,1165.0
2026-09-17 15:08:00,7.1,7.25,7.0,7.1,1046.0
2026-09-17 15:09:00,7.1,7.35,7.1,7.15,1207.0
2026-09-17 15:10:00,7.2,7.4,7.15,7.35,1623.0
2026-09-17 15:11:00,7.35,7.45,7.25,7.3,889.0
2026-09-17 15:12:00,7.35,7.65,7.25,7.6,1073.0
2026-09-17 15:13:00,7.55,7.7,7.45,7.7,991.0
2026-09-17 15:14:00,7.7,7.95,7.6,7.8,2164.0
2026-09-17 15:15:00,7.7,7.75,7.2,7.35,1301.0
2026-09-17 15:16:00,7.3,7.45,7.2,7.3,708.0
2026-09-17 15:17:00,7.35,7.6,7.25,7.5,643.0
2026-09-17 15:18:00,7.5,7.6,7.3,7.35,1230.0
2026-09-17 15:19:00,7.3,7.65,7.25,7.45,828.0
2026-09-17 15:20:00,7.4,7.55,6.85,6.95,1820.0
2026-09-17 15:21:00,6.95,7.1,6.85,7.0,1285.0
2026-09-17 15:22:00,6.95,7.15,6.8,7.0,1117.0
2026-09-17 15:23:00,7.0,7.1,6.7,6.9,1400.0
2026-09-17 15:24:00,6.9,7.1,6.7,6.75,1161.0
2026-09-17 15:25:00,6.8,6.95,6.7,6.85,1494.0
2026-09-17 15:26:00,6.8,6.9,6.6,6.8,826.0
2026-09-17 15:27:00,6.75,6.9,6.7,6.85,993.0
2026-09-17 15:28:00,6.9,6.9,6.7,6.8,1256.0
2026-09-17 15:29:00,6.9,7.0,6.65,6.7,1626.0
2026-09-17 15:30:00,6.7,6.75,6.3,6.4,3340.0
2026-09-17 15:31:00,6.4,6.45,6.1,6.15,4345.0
2026-09-17 15:32:00,6.15,6.25,5.8,5.9,3780.0
2026-09-17 15:33:00,5.9,6.15,5.9,6.05,2429.0
2026-09-17 15:34:00,6.0,6.2,5.95,6.15,2920.0
2026-09-17 15:35:00,6.15,6.45,6.0,6.35,4199.0
2026-09-17 15:36:00,6.4,6.45,6.2,6.4,4049.0
2026-09-17 15:37:00,6.45,6.55,6.3,6.55,2363.0
2026-09-17 15:38:00,6.55,6.85,6.3,6.5,4372.0
2026-09-17 15:39:00,6.5,6.65,6.25,6.45,1640.0
2026-09-18 09:15:00,5.9,7.1,5.7,6.5,15458.0
2026-09-18 09:16:00,6.35,7.0,6.05,6.8,13178.0
2026-09-18 09:17:00,6.85,7.0,6.55,6.6,8362.0
2026-09-18 09:18:00,6.55,6.6,6.1,6.15,4946.0
2026-09-18 09:19:00,6.15,6.55,6.1,6.45,5055.0
2026-09-18 09:20:00,6.4,6.4,6.15,6.35,5242.0
2026-09-18 09:21:00,6.35,6.45,6.25,6.45,3410.0
2026-09-18 09:22:00,6.45,6.6,6.4,6.5,3554.0
2026-09-18 09:23:00,6.5,6.9,6.45,6.85,2976.0
2026-09-18 09:24:00,6.85,6.9,6.65,6.7,2587.0
2026-09-18 09:25:00,6.7,6.7,6.4,6.55,1921.0
2026-09-18 09:26:00,6.5,6.65,6.4,6.45,1954.0
2026-09-18 09:27:00,6.45,6.55,6.4,6.45,1540.0
2026-09-18 09:28:00,6.5,6.5,6.4,6.5,1991.0
2026-09-18 09:29:00,6.5,6.65,6.4,6.5,2718.0
2026-09-18 09:30:00,6.45,6.5,6.25,6.3,2274.0
2026-09-18 09:31:00,6.3,6.4,6.2,6.25,2290.0
2026-09-18 09:32:00,6.25,6.3,6.1,6.25,1303.0
2026-09-18 09:33:00,6.25,6.3,6.1,6.2,1800.0
2026-09-18 09:34:00,6.2,6.3,6.15,6.15,1076.0
2026-09-18 09:35:00,6.2,6.25,6.15,6.15,1907.0
2026-09-18 09:36:00,6.2,6.35,6.15,6.3,1666.0
2026-09-18 09:37:00,6.3,6.35,6.2,6.3,1905.0
2026-09-18 09:38:00,6.3,6.35,6.25,6.3,1030.0
2026-09-18 09:39:00,6.3,6.45,6.2,6.45,1266.0
2026-09-18 09:40:00,6.45,6.55,6.35,6.5,1754.0
2026-09-18 09:41:00,6.55,6.55,6.4,6.45,838.0
2026-09-18 09:42:00,6.45,6.65,6.4,6.5,1097.0
2026-09-18 09:43:00,6.45,6.5,6.2,6.2,1366.0
2026-09-18 09:44:00,6.25,6.25,6.05,6.25,2043.0
2026-09-18 09:45:00,6.2,6.25,6.05,6.15,1498.0
2026-09-18 09:46:00,6.1,6.25,6.05,6.15,557.0
2026-09-18 09:47:00,6.2,6.25,6.1,6.25,910.0
2026-09-18 09:48:00,6.2,6.4,6.15,6.25,843.0
2026-09-18 09:49:00,6.3,6.4,6.05,6.1,1142.0
2026-09-18 09:50:00,6.15,6.25,6.0,6.0,1475.0
2026-09-18 09:51:00,6.0,6.2,5.95,6.05,1871.0
2026-09-18 09:52:00,6.0,6.2,6.0,6.2,1322.0
2026-09-18 09:53:00,6.2,6.3,6.15,6.25,1357.0
2026-09-18 09:54:00,6.25,6.3,6.1,6.2,1167.0
2026-09-18 09:55:00,6.2,6.3,6.05,6.1,1824.0
2026-09-18 09:56:00,6.05,6.2,5.95,6.15,1395.0
2026-09-18 09:57:00,6.2,6.2,6.1,6.15,1312.0
2026-09-18 09:58:00,6.1,6.2,6.1,6.1,950.0
2026-09-18 09:59:00,6.1,6.2,6.05,6.15,941.0
2026-09-18 10:00:00,6.1,6.2,6.0,6.15,803.0
2026-09-18 10:01:00,6.1,6.2,6.1,6.1,438.0
2026-09-18 10:02:00,6.15,6.2,6.05,6.05,524.0
2026-09-18 10:03:00,6.05,6.1,5.95,5.95,906.0
2026-09-18 10:04:00,5.95,6.1,5.9,5.95,1826.0
2026-09-18 10:05:00,6.0,6.1,5.85,6.05,1030.0
2026-09-18 10:06:00,6.05,6.05,5.75,5.8,1199.0
2026-09-18 10:07:00,5.75,5.85,5.7,5.8,821.0
2026-09-18 10:08:00,5.8,5.9,5.7,5.85,870.0
2026-09-18 10:09:00,5.85,5.95,5.8,5.85,781.0
2026-09-18 10:10:00,5.85,6.05,5.85,6.0,1388.0
2026-09-18 10:11:00,6.0,6.05,5.9,6.0,719.0
2026-09-18 10:12:00,6.0,6.05,5.9,5.9,1035.0
2026-09-18 10:13:00,5.95,6.05,5.85,6.0,2523.0
2026-09-18 10:14:00,5.95,6.0,5.85,5.95,1273.0
2026-09-18 10:15:00,5.9,6.0,5.85,5.85,1048.0
2026-09-18 10:16:00,5.95,5.95,5.75,5.75,1721.0
2026-09-18 10:17:00,5.75,5.85,5.7,5.75,2021.0
2026-09-18 10:18:00,5.75,5.85,5.6,5.6,2647.0
2026-09-18 10:19:00,5.6,5.65,5.5,5.5,1380.0
2026-09-18 10:20:00,5.5,5.65,5.5,5.6,1515.0
2026-09-18 10:21:00,5.6,5.7,5.55,5.6,883.0
2026-09-18 10:22:00,5.6,5.6,5.4,5.5,639.0
2026-09-18 10:23:00,5.55,5.55,5.4,5.4,1127.0
2026-09-18 10:24:00,5.4,5.45,5.25,5.3,1176.0
2026-09-18 10:25:00,5.3,5.6,5.25,5.6,2221.0
2026-09-18 10:26:00,5.6,5.6,5.45,5.5,896.0
2026-09-18 10:27:00,5.45,5.5,5.3,5.45,1315.0
2026-09-18 10:28:00,5.4,5.55,5.4,5.5,2100.0
2026-09-18 10:29:00,5.45,5.55,5.45,5.55,1111.0
2026-09-18 10:30:00,5.55,5.6,5.45,5.6,631.0
2026-09-18 10:31:00,5.55,5.6,5.45,5.5,756.0
2026-09-18 10:32:00,5.5,5.5,5.4,5.4,1104.0
2026-09-18 10:33:00,5.4,5.5,5.35,5.4,440.0
2026-09-18 10:34:00,5.35,5.4,5.2,5.25,541.0
2026-09-18 10:35:00,5.3,5.3,5.25,5.25,480.0
2026-09-18 10:36:00,5.3,5.3,5.2,5.25,260.0
2026-09-18 10:37:00,5.25,5.35,5.2,5.3,704.0
2026-09-18 10:38:00,5.35,5.35,5.3,5.3,344.0
2026-09-18 10:39:00,5.3,5.4,5.25,5.25,543.0
2026-09-18 10:40:00,5.3,5.3,5.15,5.2,844.0
2026-09-18 10:41:00,5.2,5.25,5.15,5.2,593.0
2026-09-18 10:42:00,5.2,5.25,5.15,5.15,668.0
2026-09-18 10:43:00,5.2,5.25,5.15,5.2,349.0
2026-09-18 10:44:00,5.25,5.25,5.15,5.2,341.0
2026-09-18 10:45:00,5.2,5.25,5.15,5.25,293.0
2026-09-18 10:46:00,5.25,5.25,5.2,5.25,217.0
2026-09-18 10:47:00,5.25,5.25,5.15,5.15,630.0
2026-09-18 10:48:00,5.2,5.25,5.15,5.2,473.0
2026-09-18 10:49:00,5.2,5.25,5.15,5.25,302.0
2026-09-18 10:50:00,5.25,5.25,5.2,5.25,408.0
2026-09-18 10:51:00,5.25,5.4,5.25,5.4,564.0
2026-09-18 10:52:00,5.4,5.4,5.35,5.35,1406.0
2026-09-18 10:53:00,5.4,5.4,5.25,5.3,410.0
2026-09-18 10:54:00,5.35,5.35,5.25,5.3,238.0
2026-09-18 10:55:00,5.3,5.35,5.25,5.3,428.0
2026-09-18 10:56:00,5.3,5.35,5.25,5.35,203.0
2026-09-18 10:57:00,5.35,5.35,5.25,5.25,264.0
2026-09-18 10:58:00,5.3,5.35,5.25,5.25,149.0
2026-09-18 10:59:00,5.3,5.35,5.25,5.3,511.0
2026-09-18 11:00:00,5.3,5.35,5.25,5.35,319.0
2026-09-18 11:01:00,5.3,5.35,5.2,5.2,720.0
2026-09-18 11:02:00,5.2,5.35,5.2,5.3,835.0
2026-09-18 11:03:00,5.25,5.3,5.2,5.3,322.0
2026-09-18 11:04:00,5.25,5.3,5.2,5.25,158.0
2026-09-18 11:05:00,5.2,5.25,5.05,5.15,1770.0
2026-09-18 11:06:00,5.1,5.15,5.05,5.1,1207.0
2026-09-18 11:07:00,5.1,5.15,5.1,5.1,261.0
2026-09-18 11:08:00,5.15,5.2,5.1,5.2,304.0
2026-09-18 11:09:00,5.2,5.25,5.15,5.15,183.0
2026-09-18 11:10:00,5.2,5.2,5.1,5.2,374.0
2026-09-18 11:11:00,5.2,5.25,5.2,5.25,198.0
2026-09-18 11:12:00,5.25,5.25,5.1,5.15,852.0
2026-09-18 11:13:00,5.1,5.2,5.1,5.15,429.0
2026-09-18 11:14:00,5.2,5.2,5.1,5.15,349.0
2026-09-18 11:15:00,5.15,5.2,5.1,5.1,236.0
2026-09-18 11:16:00,5.15,5.2,5.1,5.15,812.0
2026-09-18 11:17:00,5.2,5.2,5.0,5.0,1206.0
2026-09-18 11:18:00,5.0,5.05,4.95,5.0,894.0
2026-09-18 11:19:00,5.0,5.0,4.95,4.95,408.0
2026-09-18 11:20:00,4.95,5.0,4.95,5.0,579.0
2026-09-18 11:21:00,4.95,5.0,4.95,4.95,439.0
2026-09-18 11:22:00,4.95,5.05,4.95,5.0,528.0
2026-09-18 11:23:00,5.0,5.0,4.95,4.95,763.0
2026-09-18 11:24:00,4.95,4.95,4.9,4.9,545.0
2026-09-18 11:25:00,4.9,4.9,4.8,4.8,585.0
2026-09-18 11:26:00,4.8,4.85,4.75,4.8,590.0
2026-09-18 11:27:00,4.75,4.85,4.75,4.85,293.0
2026-09-18 11:28:00,4.85,4.85,4.8,4.8,265.0
2026-09-18 11:29:00,4.85,4.95,4.8,4.95,434.0
2026-09-18 11:30:00,4.95,5.0,4.9,4.95,474.0
2026-09-18 11:31:00,4.95,4.95,4.7,4.8,2673.0
2026-09-18 11:32:00,4.8,4.85,4.75,4.75,652.0
2026-09-18 11:33:00,4.8,4.8,4.7,4.8,907.0
2026-09-18 11:34:00,4.8,4.8,4.75,4.8,211.0
2026-09-18 11:35:00,4.75,4.85,4.75,4.85,240.0
2026-09-18 11:36:00,4.85,4.9,4.8,4.9,380.0
2026-09-18 11:37:00,4.9,4.9,4.85,4.9,270.0
2026-09-18 11:38:00,4.9,4.95,4.85,4.95,337.0
2026-09-18 11:39:00,4.95,4.95,4.9,4.95,240.0
2026-09-18 11:40:00,4.9,4.95,4.85,4.95,451.0
2026-09-18 11:41:00,4.9,4.95,4.85,4.95,173.0
2026-09-18 11:42:00,4.95,4.95,4.9,4.95,237.0
2026-09-18 11:43:00,4.95,4.95,4.9,4.95,203.0
2026-09-18 11:44:00,4.95,4.95,4.85,4.9,195.0
2026-09-18 11:45:00,4.9,4.9,4.85,4.9,254.0
2026-09-18 11:46:00,4.9,5.05,4.85,5.05,1360.0
2026-09-18 11:47:00,5.05,5.05,4.95,5.0,1337.0
2026-09-18 11:48:00,5.0,5.1,5.0,5.1,439.0
2026-09-18 11:49:00,5.05,5.2,5.05,5.2,600.0
2026-09-18 11:50:00,5.2,5.35,5.1,5.3,1293.0
2026-09-18 11:51:00,5.35,5.35,5.2,5.35,571.0
2026-09-18 11:52:00,5.35,5.55,5.35,5.45,1074.0
2026-09-18 11:53:00,5.4,5.6,5.4,5.5,1761.0
2026-09-18 11:54:00,5.5,5.55,5.4,5.4,1131.0
2026-09-18 11:55:00,5.4,5.55,5.3,5.4,900.0
2026-09-18 11:56:00,5.4,5.5,5.3,5.35,1993.0
2026-09-18 11:57:00,5.35,5.55,5.35,5.5,860.0
2026-09-18 11:58:00,5.5,5.65,5.3,5.35,1663.0
2026-09-18 11:59:00,5.4,5.4,5.2,5.2,1152.0
2026-09-18 12:00:00,5.2,5.7,5.2,5.5,2998.0
2026-09-18 12:01:00,5.55,5.65,5.5,5.5,3033.0
2026-09-18 12:02:00,5.6,5.7,5.5,5.55,2920.0
2026-09-18 12:03:00,5.5,5.6,5.3,5.35,1019.0
2026-09-18 12:04:00,5.3,5.35,5.05,5.1,2135.0
2026-09-18 12:05:00,5.1,5.15,4.95,5.0,1193.0
2026-09-18 12:06:00,5.0,5.2,4.95,5.15,1054.0
2026-09-18 12:07:00,5.15,5.25,5.0,5.05,1016.0
2026-09-18 12:08:00,5.05,5.15,4.85,4.95,1181.0
2026-09-18 12:09:00,4.95,4.95,4.8,4.9,607.0
2026-09-18 12:10:00,4.85,5.0,4.85,4.9,442.0
2026-09-18 12:11:00,4.9,5.05,4.9,5.05,1437.0
2026-09-18 12:12:00,5.1,5.15,5.05,5.1,271.0
2026-09-18 12:13:00,5.1,5.2,5.05,5.2,264.0
2026-09-18 12:14:00,5.2,5.2,5.05,5.1,552.0
2026-09-18 12:15:00,5.05,5.1,4.95,5.0,689.0
2026-09-18 12:16:00,5.05,5.15,5.0,5.05,379.0
2026-09-18 12:17:00,5.1,5.2,5.0,5.05,204.0
2026-09-18 12:18:00,5.05,5.1,4.95,5.05,530.0
2026-09-18 12:19:00,5.05,5.1,4.9,4.95,447.0
2026-09-18 12:20:00,4.9,5.0,4.85,5.0,613.0
2026-09-18 12:21:00,4.95,5.0,4.9,4.95,154.0
2026-09-18 12:22:00,4.9,4.95,4.9,4.95,439.0
2026-09-18 12:23:00,4.9,5.05,4.85,4.95,824.0
2026-09-18 12:24:00,4.9,5.1,4.9,5.1,1783.0
2026-09-18 12:25:00,5.05,5.05,4.95,5.0,255.0
2026-09-18 12:26:00,4.95,5.05,4.95,4.95,158.0
2026-09-18 12:27:00,4.95,5.1,4.9,5.1,541.0
2026-09-18 12:28:00,5.0,5.15,5.0,5.1,909.0
2026-09-18 12:29:00,5.1,5.3,5.1,5.25,934.0
2026-09-18 12:30:00,5.25,5.4,5.25,5.4,1094.0
2026-09-18 12:31:00,5.35,5.5,5.35,5.45,469.0
2026-09-18 12:32:00,5.45,5.45,5.3,5.35,775.0
2026-09-18 12:33:00,5.35,5.4,5.15,5.15,1149.0
2026-09-18 12:34:00,5.15,5.2,5.05,5.15,2369.0
2026-09-18 12:35:00,5.1,5.25,4.95,5.05,2695.0
2026-09-18 12:36:00,5.05,5.35,5.05,5.25,1067.0
2026-09-18 12:37:00,5.3,5.4,5.15,5.25,879.0
2026-09-18 12:38:00,5.25,5.3,5.05,5.05,1046.0
2026-09-18 12:39:00,5.05,5.1,4.95,5.0,1110.0
2026-09-18 12:40:00,5.0,5.15,5.0,5.1,809.0
2026-09-18 12:41:00,5.05,5.2,5.05,5.2,196.0
2026-09-18 12:42:00,5.2,5.35,5.15,5.25,969.0
2026-09-18 12:43:00,5.2,5.35,5.15,5.3,1277.0
2026-09-18 12:44:00,5.3,5.4,5.05,5.1,1592.0
2026-09-18 12:45:00,5.15,5.15,5.0,5.1,1144.0
2026-09-18 12:46:00,5.05,5.1,5.0,5.1,905.0
2026-09-18 12:47:00,5.05,5.2,5.05,5.1,1464.0
2026-09-18 12:48:00,5.05,5.1,4.95,4.95,825.0
2026-09-18 12:49:00,4.95,5.0,4.85,4.9,522.0
2026-09-18 12:50:00,4.9,5.0,4.9,4.95,674.0
2026-09-18 12:51:00,4.9,5.0,4.8,4.8,848.0
2026-09-18 12:52:00,4.8,4.9,4.8,4.85,302.0
2026-09-18 12:53:00,4.85,5.0,4.8,4.85,667.0
2026-09-18 12:54:00,4.85,5.1,4.85,5.05,1448.0
2026-09-18 12:55:00,5.05,5.1,5.05,5.1,603.0
2026-09-18 12:56:00,5.15,5.2,5.05,5.1,358.0
2026-09-18 12:57:00,5.1,5.1,4.85,4.9,1169.0
2026-09-18 12:58:00,4.9,5.05,4.85,4.95,1342.0
2026-09-18 12:59:00,4.9,5.05,4.85,5.0,2505.0
2026-09-18 13:00:00,5.0,5.05,4.9,4.95,1351.0
2026-09-18 13:01:00,5.0,5.1,4.9,5.0,626.0
2026-09-18 13:02:00,5.0,5.15,4.95,5.15,970.0
2026-09-18 13:03:00,5.1,5.2,5.0,5.1,1209.0
2026-09-18 13:04:00,5.1,5.5,5.1,5.35,3680.0
2026-09-18 13:05:00,5.35,5.4,5.15,5.25,3106.0
2026-09-18 13:06:00,5.3,5.4,5.2,5.2,1479.0
2026-09-18 13:07:00,5.2,5.25,5.15,5.2,728.0
2026-09-18 13:08:00,5.2,5.3,5.15,5.2,2879.0
2026-09-18 13:09:00,5.2,5.2,5.1,5.2,660.0
2026-09-18 13:10:00,5.1,5.2,5.0,5.05,1576.0
2026-09-18 13:11:00,5.05,5.1,4.95,4.95,576.0
2026-09-18 13:12:00,4.95,5.05,4.95,4.95,1294.0
2026-09-18 13:13:00,4.95,5.05,4.9,4.9,357.0
2026-09-18 13:14:00,4.9,4.95,4.85,4.9,812.0
2026-09-18 13:15:00,4.9,4.95,4.75,4.75,1504.0
2026-09-18 13:16:00,4.75,4.85,4.7,4.75,1513.0
2026-09-18 13:17:00,4.75,4.9,4.75,4.85,518.0
2026-09-18 13:18:00,4.8,4.8,4.65,4.65,869.0
2026-09-18 13:19:00,4.65,4.75,4.55,4.55,1565.0
2026-09-18 13:20:00,4.55,4.6,4.5,4.55,1338.0
2026-09-18 13:21:00,4.55,4.6,4.45,4.6,1160.0
2026-09-18 13:22:00,4.6,4.65,4.55,4.65,1130.0
2026-09-18 13:23:00,4.65,4.7,4.6,4.65,1531.0
2026-09-18 13:24:00,4.7,4.75,4.6,4.65,959.0
2026-09-18 13:25:00,4.7,4.7,4.6,4.65,496.0
2026-09-18 13:26:00,4.65,4.65,4.55,4.6,372.0
2026-09-18 13:27:00,4.6,4.6,4.55,4.55,320.0
2026-09-18 13:28:00,4.6,4.7,4.5,4.5,2061.0
2026-09-18 13:29:00,4.45,4.5,4.3,4.35,1818.0
2026-09-18 13:30:00,4.35,4.4,4.3,4.4,614.0
2026-09-18 13:31:00,4.4,4.45,4.2,4.2,1431.0
2026-09-18 13:32:00,4.2,4.45,4.2,4.45,909.0
2026-09-18 13:33:00,4.4,4.5,4.3,4.35,3179.0
2026-09-18 13:34:00,4.4,4.45,4.15,4.15,1993.0
2026-09-18 13:35:00,4.15,4.25,4.05,4.25,3012.0
2026-09-18 13:36:00,4.25,4.25,4.05,4.1,5483.0
2026-09-18 13:37:00,4.1,4.2,4.1,4.2,501.0
2026-09-18 13:38:00,4.15,4.3,4.15,4.3,483.0
2026-09-18 13:39:00,4.3,4.35,4.15,4.15,816.0
2026-09-18 13:40:00,4.15,4.2,4.05,4.1,820.0
2026-09-18 13:41:00,4.05,4.1,4.0,4.05,2535.0
2026-09-18 13:42:00,4.1,4.1,3.95,4.0,1327.0
2026-09-18 13:43:00,3.95,4.05,3.95,3.95,809.0
2026-09-18 13:44:00,4.0,4.0,3.8,3.8,1367.0
2026-09-18 13:45:00,3.8,3.9,3.8,3.9,2252.0
2026-09-18 13:46:00,3.9,4.05,3.9,4.05,2247.0
2026-09-18 13:47:00,4.05,4.25,4.05,4.2,4518.0
2026-09-18 13:48:00,4.15,4.2,4.1,4.15,3045.0
2026-09-18 13:49:00,4.2,4.2,4.1,4.1,794.0
2026-09-18 13:50:00,4.15,4.3,4.15,4.25,465.0
2026-09-18 13:51:00,4.3,4.5,4.25,4.5,1271.0
2026-09-18 13:52:00,4.45,4.55,4.3,4.35,1687.0
2026-09-18 13:53:00,4.35,4.5,4.35,4.5,1097.0
2026-09-18 13:54:00,4.45,4.65,4.45,4.55,1435.0
2026-09-18 13:55:00,4.6,4.65,4.45,4.55,1249.0
2026-09-18 13:56:00,4.5,4.6,4.45,4.6,859.0
2026-09-18 13:57:00,4.55,4.65,4.55,4.6,591.0
2026-09-18 13:58:00,4.6,4.7,4.6,4.6,1062.0
2026-09-18 13:59:00,4.6,4.65,4.5,4.6,1304.0
2026-09-18 14:00:00,4.6,4.7,4.55,4.7,1113.0
2026-09-18 14:01:00,4.7,4.75,4.6,4.65,1523.0
2026-09-18 14:02:00,4.6,4.75,4.6,4.7,1968.0
2026-09-18 14:03:00,4.75,4.9,4.7,4.8,1371.0
2026-09-18 14:04:00,4.8,4.95,4.8,4.95,1490.0
2026-09-18 14:05:00,4.9,5.15,4.9,5.05,1824.0
2026-09-18 14:06:00,5.05,5.25,4.95,5.15,2669.0
2026-09-18 14:07:00,5.1,5.3,5.1,5.25,2215.0
2026-09-18 14:08:00,5.2,5.35,5.1,5.15,2995.0
2026-09-18 14:09:00,5.1,5.85,5.1,5.65,7313.0
2026-09-18 14:10:00,5.65,5.9,5.5,5.65,5302.0
2026-09-18 14:11:00,5.6,5.9,5.35,5.4,8270.0
2026-09-18 14:12:00,5.4,5.5,5.1,5.1,3921.0
2026-09-18 14:13:00,5.15,5.2,4.85,4.9,3887.0
2026-09-18 14:14:00,4.95,5.0,4.65,4.7,3469.0
2026-09-18 14:15:00,4.65,5.0,4.6,4.85,3090.0
2026-09-18 14:16:00,4.85,5.15,4.85,5.05,5077.0
2026-09-18 14:17:00,5.05,5.15,5.0,5.0,1394.0
2026-09-18 14:18:00,5.05,5.1,4.9,5.0,1657.0
2026-09-18 14:19:00,5.0,5.0,4.8,4.9,1235.0
2026-09-18 14:20:00,4.9,5.05,4.9,5.0,992.0
2026-09-18 14:21:00,5.0,5.15,4.95,5.1,898.0
2026-09-18 14:22:00,5.1,5.3,5.1,5.3,1218.0
2026-09-18 14:23:00,5.25,5.4,5.1,5.15,2623.0
2026-09-18 14:24:00,5.15,5.2,5.0,5.0,1715.0
2026-09-18 14:25:00,5.05,5.15,5.0,5.1,1361.0
2026-09-18 14:26:00,5.1,5.1,5.0,5.1,1010.0
2026-09-18 14:27:00,5.1,5.4,5.1,5.2,2680.0
2026-09-18 14:28:00,5.2,5.8,5.2,5.6,4999.0
2026-09-18 14:29:00,5.65,6.0,5.6,5.95,8581.0
2026-09-18 14:30:00,5.95,6.4,5.85,6.1,8123.0
2026-09-18 14:31:00,6.15,6.15,5.6,5.6,3959.0
2026-09-18 14:32:00,5.65,6.1,5.6,5.85,4186.0
2026-09-18 14:33:00,5.85,6.35,5.65,5.65,7124.0
2026-09-18 14:34:00,5.65,5.95,5.6,5.7,2131.0
2026-09-18 14:35:00,5.7,5.75,5.5,5.65,2659.0
2026-09-18 14:36:00,5.6,5.9,5.55,5.7,2411.0
2026-09-18 14:37:00,5.7,5.9,5.6,5.65,1996.0
2026-09-18 14:38:00,5.6,5.65,5.4,5.45,4897.0
2026-09-18 14:39:00,5.5,5.6,5.3,5.35,2357.0
2026-09-18 14:40:00,5.35,5.4,5.2,5.3,2672.0
2026-09-18 14:41:00,5.3,5.35,5.0,5.1,2536.0
2026-09-18 14:42:00,5.1,5.15,4.85,4.85,2101.0
2026-09-18 14:43:00,4.95,4.95,4.75,4.75,2244.0
2026-09-18 14:44:00,4.8,4.8,4.45,4.5,3143.0
2026-09-18 14:45:00,4.5,4.7,4.45,4.6,2751.0
2026-09-18 14:46:00,4.65,4.75,4.55,4.7,1558.0
2026-09-18 14:47:00,4.65,4.95,4.65,4.95,1305.0
2026-09-18 14:48:00,4.9,5.0,4.75,4.9,1806.0
2026-09-18 14:49:00,4.95,5.25,4.85,5.15,1787.0
2026-09-18 14:50:00,5.15,5.35,5.05,5.3,2297.0
2026-09-18 14:51:00,5.3,5.6,5.3,5.4,2631.0
2026-09-18 14:52:00,5.4,5.8,5.35,5.75,3500.0
2026-09-18 14:53:00,5.75,5.9,5.55,5.75,7733.0
2026-09-18 14:54:00,5.75,6.15,5.7,5.85,7546.0
2026-09-18 14:55:00,5.85,6.05,5.65,5.7,2736.0
2026-09-18 14:56:00,5.7,5.75,5.35,5.4,3489.0
2026-09-18 14:57:00,5.35,5.4,5.2,5.25,4031.0
2026-09-18 14:58:00,5.2,5.6,5.05,5.5,7909.0
2026-09-18 14:59:00,5.55,5.55,5.0,5.05,6132.0
2026-09-18 15:00:00,5.0,5.0,4.55,4.55,5073.0
2026-09-18 15:01:00,4.55,4.8,4.45,4.7,4472.0
2026-09-18 15:02:00,4.65,4.8,4.6,4.7,3263.0
2026-09-18 15:03:00,4.7,4.8,4.6,4.7,2292.0
2026-09-18 15:04:00,4.65,4.7,4.35,4.4,2330.0
2026-09-18 15:05:00,4.4,4.45,4.3,4.4,2242.0
2026-09-18 15:06:00,4.35,4.5,4.3,4.3,2422.0
2026-09-18 15:07:00,4.3,4.3,4.0,4.05,5175.0
2026-09-18 15:08:00,4.05,4.1,3.85,3.95,5189.0
2026-09-18 15:09:00,3.95,3.95,3.8,3.9,1968.0
2026-09-18 15:10:00,3.9,3.95,3.8,3.9,5860.0
2026-09-18 15:11:00,3.9,4.1,3.85,4.0,2595.0
2026-09-18 15:12:00,4.05,4.05,3.85,3.95,2594.0
2026-09-18 15:13:00,3.95,4.05,3.95,4.0,1836.0
2026-09-18 15:14:00,4.0,4.0,3.8,3.85,3206.0
2026-09-18 15:15:00,3.8,4.05,3.8,4.05,2848.0
2026-09-18 15:16:00,4.05,4.05,3.9,3.95,1310.0
2026-09-18 15:17:00,3.9,4.0,3.75,3.75,2388.0
2026-09-18 15:18:00,3.8,3.8,3.55,3.65,3703.0
2026-09-18 15:19:00,3.6,3.7,3.55,3.6,2567.0
2026-09-18 15:20:00,3.6,3.6,3.35,3.45,9235.0
2026-09-18 15:21:00,3.45,3.6,3.35,3.55,4724.0
2026-09-18 15:22:00,3.55,3.55,3.35,3.5,4790.0
2026-09-18 15:23:00,3.45,3.55,3.4,3.45,2266.0
2026-09-18 15:24:00,3.5,3.55,3.35,3.4,2473.0
2026-09-18 15:25:00,3.35,3.45,3.35,3.4,2202.0
2026-09-18 15:26:00,3.35,3.5,3.3,3.5,3464.0
2026-09-18 15:27:00,3.5,3.85,3.45,3.85,9501.0
2026-09-18 15:28:00,3.85,4.1,3.8,4.1,9113.0
2026-09-18 15:29:00,4.1,4.3,4.1,4.2,4650.0
2026-09-18 15:30:00,4.2,4.3,4.05,4.05,1883.0
2026-09-18 15:31:00,4.05,4.1,3.9,4.0,1755.0
2026-09-18 15:32:00,4.0,4.05,3.85,3.9,3058.0
2026-09-18 15:33:00,3.9,4.15,3.85,4.15,1388.0
2026-09-18 15:34:00,4.15,4.2,3.9,3.95,5448.0
2026-09-18 15:35:00,3.95,4.0,3.65,3.7,3455.0
2026-09-18 15:36:00,3.75,3.9,3.7,3.85,1811.0
2026-09-18 15:37:00,3.8,3.85,3.65,3.65,1802.0
2026-09-18 15:38:00,3.65,3.8,3.6,3.75,4303.0
2026-09-18 15:39:00,3.75,4.0,3.55,4.0,2706.0
2026-09-21 09:15:00,3.95,3.95,1.75,2.35,21427.0
2026-09-21 09:16:00,2.35,2.55,2.3,2.55,21575.0
2026-09-21 09:17:00,2.5,3.1,2.45,2.9,30249.0
2026-09-21 09:18:00,2.9,3.0,2.7,2.75,25777.0
2026-09-21 09:19:00,2.75,2.85,2.65,2.75,10598.0
2026-09-21 09:20:00,2.8,3.0,2.7,3.0,14605.0
2026-09-21 09:21:00,2.95,3.05,2.85,3.0,12530.0
2026-09-21 09:22:00,3.05,3.05,2.85,2.85,7165.0
2026-09-21 09:23:00,2.9,2.9,2.75,2.9,5184.0
2026-09-21 09:24:00,2.9,2.9,2.75,2.75,4840.0
2026-09-21 09:25:00,2.8,2.9,2.7,2.85,3865.0
2026-09-21 09:26:00,2.85,3.05,2.8,3.05,4890.0
2026-09-21 09:27:00,3.05,3.2,3.0,3.15,6541.0
2026-09-21 09:28:00,3.15,3.25,3.05,3.1,8827.0
2026-09-21 09:29:00,3.05,3.3,3.0,3.2,7035.0
2026-09-21 09:30:00,3.2,3.45,3.15,3.35,6910.0
2026-09-21 09:31:00,3.3,3.4,3.25,3.35,7079.0
2026-09-21 09:32:00,3.35,3.55,3.3,3.35,9851.0
2026-09-21 09:33:00,3.35,3.45,3.3,3.35,4636.0
2026-09-21 09:34:00,3.3,3.35,3.15,3.25,6075.0
2026-09-21 09:35:00,3.25,3.45,3.2,3.4,4997.0
2026-09-21 09:36:00,3.45,3.45,3.25,3.3,7214.0
2026-09-21 09:37:00,3.3,3.35,3.1,3.15,4986.0
2026-09-21 09:38:00,3.2,3.3,3.1,3.1,2699.0
2026-09-21 09:39:00,3.1,3.2,3.05,3.05,2696.0
2026-09-21 09:40:00,3.1,3.1,2.9,2.95,10943.0
2026-09-21 09:41:00,2.95,3.0,2.85,2.9,2953.0
2026-09-21 09:42:00,2.9,3.0,2.9,2.95,3824.0
2026-09-21 09:43:00,2.95,3.15,2.9,2.95,5404.0
2026-09-21 09:44:00,2.95,3.15,2.95,3.05,2937.0
2026-09-21 09:45:00,3.05,3.1,3.0,3.1,3877.0
2026-09-21 09:46:00,3.1,3.35,3.1,3.35,6446.0
2026-09-21 09:47:00,3.35,3.35,3.1,3.1,3433.0
2026-09-21 09:48:00,3.1,3.25,3.1,3.25,1420.0
2026-09-21 09:49:00,3.25,3.35,3.2,3.2,3135.0
2026-09-21 09:50:00,3.2,3.35,3.2,3.35,1183.0
2026-09-21 09:51:00,3.3,3.4,3.25,3.4,2595.0
2026-09-21 09:52:00,3.4,3.4,3.25,3.3,2389.0
2026-09-21 09:53:00,3.35,3.35,3.2,3.25,1532.0
2026-09-21 09:54:00,3.25,3.3,3.15,3.15,1395.0
2026-09-21 09:55:00,3.15,3.25,3.15,3.2,1624.0
2026-09-21 09:56:00,3.25,3.3,3.2,3.2,865.0
2026-09-21 09:57:00,3.25,3.4,3.2,3.35,1693.0
2026-09-21 09:58:00,3.3,3.35,3.1,3.1,2438.0
2026-09-21 09:59:00,3.1,3.25,3.05,3.2,3155.0
2026-09-21 10:00:00,3.2,3.25,3.15,3.15,625.0
2026-09-21 10:01:00,3.15,3.2,3.1,3.1,2423.0
2026-09-21 10:02:00,3.05,3.15,3.0,3.05,1205.0
2026-09-21 10:03:00,3.05,3.05,2.95,3.0,2277.0
2026-09-21 10:04:00,3.0,3.1,3.0,3.1,2090.0
2026-09-21 10:05:00,3.05,3.15,3.05,3.15,2607.0
2026-09-21 10:06:00,3.1,3.15,3.05,3.1,3084.0
2026-09-21 10:07:00,3.15,3.15,3.05,3.1,3112.0
2026-09-21 10:08:00,3.1,3.15,3.05,3.1,2485.0
2026-09-21 10:09:00,3.15,3.2,3.1,3.15,1927.0
2026-09-21 10:10:00,3.15,3.2,3.05,3.1,2871.0
2026-09-21 10:11:00,3.15,3.15,3.05,3.05,843.0
2026-09-21 10:12:00,3.1,3.1,3.0,3.0,1808.0
2026-09-21 10:13:00,3.0,3.05,2.9,2.9,1773.0
2026-09-21 10:14:00,2.9,3.0,2.8,2.95,7836.0
2026-09-21 10:15:00,2.95,3.05,2.85,3.0,7192.0
2026-09-21 10:16:00,3.0,3.1,2.95,3.0,3353.0
2026-09-21 10:17:00,3.05,3.05,2.9,2.95,1950.0
2026-09-21 10:18:00,2.9,2.95,2.9,2.9,2327.0
2026-09-21 10:19:00,2.9,2.95,2.8,2.85,3300.0
2026-09-21 10:20:00,2.85,2.9,2.85,2.85,572.0
2026-09-21 10:21:00,2.9,2.9,2.8,2.8,1777.0
2026-09-21 10:22:00,2.8,2.85,2.8,2.8,320.0
2026-09-21 10:23:00,2.85,2.95,2.8,2.95,6864.0
2026-09-21 10:24:00,2.9,2.95,2.85,2.9,632.0
2026-09-21 10:25:00,2.9,2.9,2.75,2.8,4939.0
2026-09-21 10:26:00,2.8,2.85,2.8,2.85,788.0
2026-09-21 10:27:00,2.8,2.85,2.75,2.75,4383.0
2026-09-21 10:28:00,2.75,2.8,2.75,2.8,903.0
2026-09-21 10:29:00,2.8,2.85,2.75,2.8,562.0
2026-09-21 10:30:00,2.85,2.85,2.8,2.8,2005.0
2026-09-21 10:31:00,2.8,2.9,2.8,2.85,792.0
2026-09-21 10:32:00,2.9,2.9,2.85,2.9,409.0
2026-09-21 10:33:00,2.9,2.9,2.85,2.85,355.0
2026-09-21 10:34:00,2.85,2.9,2.8,2.8,945.0
2026-09-21 10:35:00,2.85,2.9,2.8,2.8,2655.0
2026-09-21 10:36:00,2.85,2.85,2.8,2.85,1170.0
2026-09-21 10:37:00,2.8,2.95,2.8,2.9,1718.0
2026-09-21 10:38:00,2.9,3.0,2.9,3.0,1165.0
2026-09-21 10:39:00,3.0,3.0,2.9,2.95,826.0
2026-09-21 10:40:00,2.9,2.95,2.9,2.95,1816.0
2026-09-21 10:41:00,2.95,2.95,2.9,2.9,360.0
2026-09-21 10:42:00,2.95,2.95,2.9,2.95,923.0
2026-09-21 10:43:00,2.95,3.0,2.9,2.95,765.0
2026-09-21 10:44:00,3.0,3.05,2.95,3.0,5854.0
2026-09-21 10:45:00,3.0,3.15,3.0,3.15,1316.0
2026-09-21 10:46:00,3.15,3.2,3.05,3.1,4338.0
2026-09-21 10:47:00,3.15,3.2,3.05,3.1,2432.0
2026-09-21 10:48:00,3.05,3.1,3.05,3.05,436.0
2026-09-21 10:49:00,3.1,3.1,3.0,3.05,962.0
2026-09-21 10:50:00,3.1,3.1,3.05,3.1,842.0
2026-09-21 10:51:00,3.1,3.2,3.05,3.15,1380.0
2026-09-21 10:52:00,3.15,3.15,3.1,3.15,676.0
2026-09-21 10:53:00,3.2,3.25,3.15,3.2,4652.0
2026-09-21 10:54:00,3.2,3.25,3.05,3.15,4073.0
2026-09-21 10:55:00,3.15,3.15,3.0,3.0,706.0
2026-09-21 10:56:00,3.05,3.05,3.0,3.05,752.0
2026-09-21 10:57:00,3.0,3.1,3.0,3.05,2306.0
2026-09-21 10:58:00,3.1,3.1,3.0,3.05,930.0
2026-09-21 10:59:00,3.05,3.1,3.05,3.05,614.0
2026-09-21 11:00:00,3.05,3.1,3.05,3.1,346.0
2026-09-21 11:01:00,3.1,3.1,3.0,3.05,651.0
2026-09-21 11:02:00,3.05,3.1,3.0,3.0,1151.0
2026-09-21 11:03:00,3.0,3.1,3.0,3.05,1156.0
2026-09-21 11:04:00,3.05,3.15,3.0,3.1,1293.0
2026-09-21 11:05:00,3.1,3.15,3.05,3.05,507.0
2026-09-21 11:06:00,3.1,3.15,3.05,3.1,723.0
2026-09-21 11:07:00,3.1,3.15,3.1,3.1,1716.0
2026-09-21 11:08:00,3.15,3.15,3.05,3.1,1361.0
2026-09-21 11:09:00,3.05,3.1,2.95,3.0,2171.0
2026-09-21 11:10:00,3.0,3.0,2.75,2.8,8008.0
2026-09-21 11:11:00,2.8,2.9,2.75,2.85,10720.0
2026-09-21 11:12:00,2.85,2.85,2.75,2.8,1977.0
2026-09-21 11:13:00,2.75,2.85,2.75,2.8,2279.0
2026-09-21 11:14:00,2.8,2.85,2.75,2.75,2957.0
2026-09-21 11:15:00,2.8,2.8,2.65,2.65,4897.0
2026-09-21 11:16:00,2.7,2.75,2.65,2.7,1241.0
2026-09-21 11:17:00,2.7,2.7,2.6,2.6,2382.0
2026-09-21 11:18:00,2.65,2.65,2.55,2.55,2252.0
2026-09-21 11:19:00,2.6,2.6,2.5,2.55,1986.0
2026-09-21 11:20:00,2.55,2.65,2.55,2.6,1214.0
2026-09-21 11:21:00,2.6,2.7,2.6,2.65,3480.0
2026-09-21 11:22:00,2.7,2.75,2.65,2.75,1035.0
2026-09-21 11:23:00,2.75,2.75,2.7,2.7,711.0
2026-09-21 11:24:00,2.75,2.75,2.7,2.7,2279.0
2026-09-21 11:25:00,2.75,2.75,2.65,2.65,1428.0
2026-09-21 11:26:00,2.7,2.7,2.65,2.7,121.0
2026-09-21 11:27:00,2.65,2.7,2.65,2.7,257.0
2026-09-21 11:28:00,2.7,2.75,2.65,2.65,837.0
2026-09-21 11:29:00,2.7,2.75,2.65,2.75,1818.0
2026-09-21 11:30:00,2.7,2.85,2.7,2.85,3330.0
2026-09-21 11:31:00,2.8,2.85,2.7,2.8,4404.0
2026-09-21 11:32:00,2.75,2.8,2.65,2.65,2518.0
2026-09-21 11:33:00,2.7,2.9,2.65,2.85,8080.0
2026-09-21 11:34:00,2.85,2.9,2.8,2.85,1139.0
2026-09-21 11:35:00,2.8,2.85,2.6,2.65,3488.0
2026-09-21 11:36:00,2.65,2.7,2.6,2.7,1448.0
2026-09-21 11:37:00,2.7,2.7,2.65,2.7,2223.0
2026-09-21 11:38:00,2.7,2.7,2.6,2.65,674.0
2026-09-21 11:39:00,2.65,2.65,2.55,2.55,4239.0
2026-09-21 11:40:00,2.6,2.75,2.55,2.75,2658.0
2026-09-21 11:41:00,2.7,2.85,2.7,2.8,3698.0
2026-09-21 11:42:00,2.85,2.9,2.85,2.9,1257.0
2026-09-21 11:43:00,2.9,2.95,2.85,2.95,2041.0
2026-09-21 11:44:00,2.95,3.0,2.9,2.95,2321.0
2026-09-21 11:45:00,2.95,2.95,2.9,2.95,852.0
2026-09-21 11:46:00,2.95,3.0,2.8,2.8,3476.0
2026-09-21 11:47:00,2.85,2.9,2.8,2.85,325.0
2026-09-21 11:48:00,2.85,2.9,2.8,2.85,2619.0
2026-09-21 11:49:00,2.85,2.9,2.85,2.85,1762.0
2026-09-21 11:50:00,2.9,2.9,2.8,2.8,3237.0
2026-09-21 11:51:00,2.85,2.9,2.8,2.9,3324.0
2026-09-21 11:52:00,2.9,2.95,2.85,2.95,4230.0
2026-09-21 11:53:00,2.9,3.05,2.9,3.0,1316.0
2026-09-21 11:54:00,3.0,3.35,3.0,3.35,11710.0
2026-09-21 11:55:00,3.35,3.35,3.2,3.25,6004.0
2026-09-21 11:56:00,3.25,3.5,3.25,3.3,8189.0
2026-09-21 11:57:00,3.35,3.45,3.15,3.25,8923.0
2026-09-21 11:58:00,3.3,3.4,3.2,3.2,6372.0
2026-09-21 11:59:00,3.25,3.3,2.95,3.05,12565.0
2026-09-21 12:00:00,3.1,3.3,3.0,3.1,6932.0
2026-09-21 12:01:00,3.15,3.2,2.9,3.0,5484.0
2026-09-21 12:02:00,3.0,3.0,2.9,2.95,9065.0
2026-09-21 12:03:00,2.9,2.95,2.8,2.85,12918.0
2026-09-21 12:04:00,2.85,2.95,2.8,2.95,3129.0
2026-09-21 12:05:00,2.9,2.95,2.85,2.9,2712.0
2026-09-21 12:06:00,2.85,3.05,2.85,2.9,12592.0
2026-09-21 12:07:00,2.9,3.0,2.8,2.8,8709.0
2026-09-21 12:08:00,2.8,2.9,2.8,2.9,7621.0
2026-09-21 12:09:00,2.85,2.9,2.8,2.8,5412.0
2026-09-21 12:10:00,2.8,2.85,2.7,2.75,5891.0
2026-09-21 12:11:00,2.8,2.95,2.8,2.9,3593.0
2026-09-21 12:12:00,2.9,2.95,2.85,2.85,3900.0
2026-09-21 12:13:00,2.85,2.9,2.8,2.85,3120.0
2026-09-21 12:14:00,2.9,2.95,2.85,2.9,7149.0
2026-09-21 12:15:00,2.9,3.0,2.85,2.9,5879.0
2026-09-21 12:16:00,2.9,2.95,2.85,2.9,3372.0
2026-09-21 12:17:00,2.9,2.9,2.8,2.85,4635.0
2026-09-21 12:18:00,2.8,2.8,2.6,2.6,15685.0
2026-09-21 12:19:00,2.65,2.7,2.6,2.7,3952.0
2026-09-21 12:20:00,2.65,2.7,2.6,2.65,1703.0
2026-09-21 12:21:00,2.65,2.75,2.6,2.7,4962.0
2026-09-21 12:22:00,2.7,2.75,2.65,2.65,3301.0
2026-09-21 12:23:00,2.65,2.65,2.5,2.55,3365.0
2026-09-21 12:24:00,2.55,2.55,2.5,2.55,2179.0
2026-09-21 12:25:00,2.55,2.65,2.5,2.6,2946.0
2026-09-21 12:26:00,2.6,2.7,2.6,2.65,4307.0
2026-09-21 12:27:00,2.7,2.7,2.65,2.65,503.0
2026-09-21 12:28:00,2.65,2.7,2.65,2.65,2156.0
2026-09-21 12:29:00,2.7,2.75,2.65,2.7,1905.0
2026-09-21 12:30:00,2.7,2.8,2.7,2.8,9891.0
2026-09-21 12:31:00,2.8,2.85,2.65,2.65,9879.0
2026-09-21 12:32:00,2.7,2.7,2.55,2.6,685.0
2026-09-21 12:33:00,2.6,2.65,2.5,2.5,5048.0
2026-09-21 12:34:00,2.55,2.65,2.5,2.6,3036.0
2026-09-21 12:35:00,2.6,2.65,2.55,2.65,909.0
2026-09-21 12:36:00,2.65,2.65,2.6,2.65,1373.0
2026-09-21 12:37:00,2.65,2.65,2.6,2.6,150.0
2026-09-21 12:38:00,2.65,2.65,2.4,2.45,6202.0
2026-09-21 12:39:00,2.45,2.5,2.4,2.45,3708.0
2026-09-21 12:40:00,2.45,2.45,2.35,2.4,1216.0
2026-09-21 12:41:00,2.4,2.4,2.3,2.35,4502.0
2026-09-21 12:42:00,2.4,2.4,2.35,2.35,995.0
2026-09-21 12:43:00,2.35,2.45,2.35,2.4,2074.0
2026-09-21 12:44:00,2.4,2.45,2.35,2.45,1670.0
2026-09-21 12:45:00,2.45,2.45,2.4,2.45,1249.0
2026-09-21 12:46:00,2.45,2.5,2.45,2.45,339.0
2026-09-21 12:47:00,2.45,2.45,2.25,2.3,9507.0
2026-09-21 12:48:00,2.3,2.35,2.3,2.3,125.0
2026-09-21 12:49:00,2.3,2.35,2.3,2.35,3.0
