dt,open,high,low,close,volume
2026-09-07 13:53:00,502.7,502.7,502.7,502.7,0.0
2026-09-07 14:16:00,494.0,494.0,494.0,494.0,1.0
2026-09-08 12:08:00,365.0,365.0,365.0,365.0,0.0
2026-09-08 12:14:00,369.25,369.4,369.25,369.4,2.0
2026-09-08 13:35:00,365.0,365.0,365.0,365.0,1.0
2026-09-08 13:37:00,367.85,367.85,367.55,367.6,3.0
2026-09-08 13:54:00,357.1,357.1,357.1,357.1,1.0
2026-09-08 14:03:00,357.1,357.1,357.1,357.1,1.0
2026-09-08 14:05:00,365.0,365.0,365.0,365.0,1.0
2026-09-08 14:12:00,368.5,368.5,368.5,368.5,2.0
2026-09-08 15:05:00,359.3,359.3,359.3,359.3,1.0
2026-09-08 15:10:00,366.95,366.95,366.95,366.95,1.0
2026-09-08 15:24:00,350.35,350.35,350.3,350.3,2.0
2026-09-09 09:15:00,267.3,283.0,267.3,269.4,332.0
2026-09-09 09:16:00,266.8,268.6,263.65,266.5,100.0
2026-09-09 09:17:00,267.0,268.2,265.85,267.7,47.0
2026-09-09 09:18:00,269.2,273.45,268.55,269.9,123.0
2026-09-09 09:19:00,271.75,272.25,270.25,270.9,30.0
2026-09-09 09:20:00,269.0,274.0,268.55,273.0,47.0
2026-09-09 09:21:00,274.35,275.5,273.45,275.25,14.0
2026-09-09 09:22:00,272.1,272.75,268.5,268.65,71.0
2026-09-09 09:23:00,267.45,268.55,267.4,267.8,6.0
2026-09-09 09:24:00,269.5,274.75,269.5,274.75,6.0
2026-09-09 09:25:00,273.2,275.75,273.2,275.75,17.0
2026-09-09 09:26:00,279.0,279.55,275.55,275.8,19.0
2026-09-09 09:27:00,274.0,274.0,271.7,273.95,7.0
2026-09-09 09:28:00,277.3,280.05,277.3,277.9,84.0
2026-09-09 09:29:00,274.8,274.8,274.8,274.8,1.0
2026-09-09 09:30:00,274.35,276.9,274.35,275.0,5.0
2026-09-09 09:31:00,275.4,275.4,274.5,274.5,2.0
2026-09-09 09:32:00,275.85,275.85,275.85,275.85,1.0
2026-09-09 09:33:00,275.85,275.85,275.85,275.85,1.0
2026-09-09 09:34:00,273.95,273.95,273.9,273.9,2.0
2026-09-09 09:35:00,274.4,274.4,274.4,274.4,1.0
2026-09-09 09:36:00,275.15,275.15,275.15,275.15,1.0
2026-09-09 09:37:00,275.15,278.9,275.15,278.0,20.0
2026-09-09 09:38:00,279.75,283.1,279.75,283.1,19.0
2026-09-09 09:39:00,282.35,285.0,282.35,283.9,7.0
2026-09-09 09:40:00,281.1,286.0,281.1,285.95,3.0
2026-09-09 09:41:00,283.25,283.4,283.25,283.4,10.0
2026-09-09 09:42:00,281.85,285.15,281.85,285.15,2.0
2026-09-09 09:43:00,285.25,285.25,285.25,285.25,1.0
2026-09-09 09:45:00,281.85,283.45,279.65,283.45,6.0
2026-09-09 09:46:00,282.05,282.05,282.05,282.05,1.0
2026-09-09 09:47:00,278.4,278.4,276.0,276.0,4.0
2026-09-09 09:48:00,272.9,272.9,272.7,272.8,12.0
2026-09-09 09:49:00,272.4,272.4,268.15,268.15,7.0
2026-09-09 09:50:00,267.6,269.7,261.4,263.65,24.0
2026-09-09 09:51:00,265.8,265.8,263.65,265.5,4.0
2026-09-09 09:52:00,269.6,269.6,269.6,269.6,1.0
2026-09-09 09:53:00,267.85,269.2,267.85,267.85,10.0
2026-09-09 09:54:00,269.4,269.4,265.65,266.9,17.0
2026-09-09 09:55:00,266.5,267.55,265.7,266.6,16.0
2026-09-09 09:56:00,266.8,266.85,263.6,263.6,19.0
2026-09-09 09:57:00,263.25,266.3,262.55,263.75,17.0
2026-09-09 09:58:00,263.3,263.3,259.4,261.4,61.0
2026-09-09 09:59:00,260.3,262.9,258.5,260.25,39.0
2026-09-09 10:00:00,259.8,260.0,253.8,254.75,75.0
2026-09-09 10:01:00,254.05,254.5,251.0,252.95,42.0
2026-09-09 10:02:00,253.15,256.9,253.15,254.6,58.0
2026-09-09 10:03:00,255.0,256.6,254.25,255.95,30.0
2026-09-09 10:04:00,257.0,257.0,255.15,255.95,6.0
2026-09-09 10:05:00,256.25,257.85,256.25,256.3,17.0
2026-09-09 10:06:00,255.9,257.7,255.0,255.0,32.0
2026-09-09 10:07:00,255.3,255.3,252.8,254.4,7.0
2026-09-09 10:08:00,254.1,255.0,252.6,252.6,23.0
2026-09-09 10:09:00,253.15,255.55,253.15,254.9,15.0
2026-09-09 10:10:00,254.9,254.95,252.6,252.6,15.0
2026-09-09 10:11:00,252.0,255.05,251.65,255.05,8.0
2026-09-09 10:12:00,255.85,257.35,255.85,257.0,19.0
2026-09-09 10:13:00,256.8,260.0,256.8,259.05,28.0
2026-09-09 10:14:00,259.0,260.1,257.25,260.0,39.0
2026-09-09 10:15:00,259.95,262.0,259.95,260.45,14.0
2026-09-09 10:16:00,262.75,264.35,262.75,264.35,23.0
2026-09-09 10:17:00,264.75,266.55,263.9,266.45,45.0
2026-09-09 10:18:00,266.4,272.15,266.4,271.0,23.0
2026-09-09 10:19:00,272.3,276.55,271.0,272.5,51.0
2026-09-09 10:20:00,273.25,279.6,273.25,276.75,33.0
2026-09-09 10:21:00,277.85,280.4,277.25,277.25,49.0
2026-09-09 10:22:00,279.3,280.15,278.15,278.2,17.0
2026-09-09 10:23:00,277.5,288.6,277.4,287.15,35.0
2026-09-09 10:24:00,293.0,295.5,289.0,290.8,79.0
2026-09-09 10:25:00,286.8,287.45,283.7,287.1,67.0
2026-09-09 10:26:00,288.6,288.85,288.6,288.85,7.0
2026-09-09 10:27:00,285.25,287.75,284.3,285.85,8.0
2026-09-09 10:28:00,289.85,292.1,289.85,292.1,5.0
2026-09-09 10:29:00,289.65,290.6,289.6,290.05,11.0
2026-09-09 10:30:00,290.25,296.3,288.0,288.0,18.0
2026-09-09 10:31:00,289.3,289.3,283.4,283.4,18.0
2026-09-09 10:32:00,282.8,284.7,281.45,284.45,19.0
2026-09-09 10:33:00,284.4,287.55,284.4,287.15,5.0
2026-09-09 10:34:00,282.0,282.0,280.6,280.65,5.0
2026-09-09 10:35:00,278.8,281.05,277.55,277.55,8.0
2026-09-09 10:36:00,276.1,277.25,276.1,277.25,10.0
2026-09-09 10:37:00,275.0,275.0,272.95,272.95,3.0
2026-09-09 10:38:00,271.8,271.8,271.6,271.6,2.0
2026-09-09 10:39:00,270.1,271.15,267.85,271.15,7.0
2026-09-09 10:41:00,269.25,269.25,269.25,269.25,1.0
2026-09-09 10:42:00,267.6,267.7,265.15,265.55,13.0
2026-09-09 10:44:00,269.9,269.9,269.9,269.9,5.0
2026-09-09 10:45:00,269.55,273.75,269.2,273.75,10.0
2026-09-09 10:46:00,274.35,275.25,274.35,275.25,14.0
2026-09-09 10:47:00,274.9,274.9,272.85,272.85,2.0
2026-09-09 10:48:00,273.2,273.2,273.2,273.2,1.0
2026-09-09 10:49:00,274.8,274.8,274.8,274.8,1.0
2026-09-09 10:50:00,275.1,275.8,275.1,275.8,2.0
2026-09-09 10:51:00,270.9,270.9,270.8,270.8,12.0
2026-09-09 10:52:00,271.05,271.05,271.05,271.05,2.0
2026-09-09 10:55:00,277.95,279.55,277.95,279.05,12.0
2026-09-09 10:56:00,278.85,278.85,278.85,278.85,1.0
2026-09-09 10:58:00,278.25,279.4,276.25,278.35,12.0
2026-09-09 11:00:00,280.7,285.2,279.65,285.2,5.0
2026-09-09 11:01:00,287.2,287.2,287.2,287.2,1.0
2026-09-09 11:02:00,283.4,283.4,283.4,283.4,3.0
2026-09-09 11:03:00,284.8,285.7,284.75,285.7,7.0
2026-09-09 11:06:00,280.0,280.0,280.0,280.0,6.0
2026-09-09 11:07:00,282.9,282.9,282.9,282.9,2.0
2026-09-09 11:11:00,279.55,279.55,279.55,279.55,1.0
2026-09-09 11:12:00,279.1,279.6,279.1,279.6,2.0
2026-09-09 11:18:00,274.85,274.85,274.85,274.85,2.0
2026-09-09 11:19:00,281.0,281.0,281.0,281.0,4.0
2026-09-09 11:20:00,283.0,284.15,283.0,284.15,5.0
2026-09-09 11:21:00,278.85,279.05,278.85,278.85,3.0
2026-09-09 11:22:00,275.0,275.0,275.0,275.0,5.0
2026-09-09 11:25:00,279.7,279.7,279.7,279.7,1.0
2026-09-09 11:27:00,277.35,277.35,276.45,276.45,2.0
2026-09-09 11:28:00,277.75,277.8,277.2,277.35,7.0
2026-09-09 11:29:00,278.7,278.7,278.7,278.7,1.0
2026-09-09 11:30:00,279.25,279.35,279.25,279.35,2.0
2026-09-09 11:31:00,276.95,276.95,276.95,276.95,1.0
2026-09-09 11:34:00,278.5,278.5,278.5,278.5,1.0
2026-09-09 11:35:00,278.85,278.85,278.85,278.85,1.0
2026-09-09 11:37:00,274.4,274.4,274.4,274.4,1.0
2026-09-09 11:40:00,275.75,275.75,275.75,275.75,1.0
2026-09-09 11:41:00,279.0,279.0,279.0,279.0,1.0
2026-09-09 11:44:00,283.8,283.8,283.75,283.75,2.0
2026-09-09 11:45:00,283.75,283.75,283.75,283.75,1.0
2026-09-09 11:46:00,282.9,282.9,281.1,281.75,7.0
2026-09-09 11:47:00,282.05,282.05,282.05,282.05,1.0
2026-09-09 11:48:00,279.0,279.0,279.0,279.0,1.0
2026-09-09 11:49:00,276.1,276.1,276.1,276.1,1.0
2026-09-09 11:50:00,275.0,275.0,275.0,275.0,5.0
2026-09-09 11:51:00,268.9,268.9,268.9,268.9,1.0
2026-09-09 11:52:00,269.25,269.65,266.85,266.9,14.0
2026-09-09 11:53:00,264.7,268.0,263.1,268.0,9.0
2026-09-09 11:54:00,267.75,267.75,264.1,264.1,14.0
2026-09-09 11:55:00,264.2,264.2,262.0,262.0,9.0
2026-09-09 11:56:00,261.35,261.45,261.35,261.45,2.0
2026-09-09 11:57:00,261.8,261.8,260.65,260.75,8.0
2026-09-09 11:58:00,260.75,260.8,258.0,258.0,25.0
2026-09-09 11:59:00,256.0,256.0,249.7,252.7,35.0
2026-09-09 12:00:00,253.6,253.6,250.1,250.8,28.0
2026-09-09 12:01:00,250.1,250.1,245.15,249.55,89.0
2026-09-09 12:02:00,249.7,250.25,247.0,247.1,52.0
2026-09-09 12:03:00,247.0,250.2,247.0,250.2,9.0
2026-09-09 12:04:00,248.6,249.95,248.6,249.95,3.0
2026-09-09 12:05:00,250.3,251.3,248.6,248.6,10.0
2026-09-09 12:06:00,246.9,248.85,246.55,246.55,19.0
2026-09-09 12:07:00,246.8,248.6,246.0,246.35,15.0
2026-09-09 12:08:00,246.0,249.55,245.8,249.55,13.0
2026-09-09 12:09:00,249.9,249.9,247.4,247.4,5.0
2026-09-09 12:10:00,246.9,247.55,246.5,246.9,18.0
2026-09-09 12:11:00,247.1,248.1,247.1,247.85,6.0
2026-09-09 12:12:00,250.0,252.55,250.0,252.4,22.0
2026-09-09 12:13:00,253.0,254.0,251.1,253.0,68.0
2026-09-09 12:14:00,253.0,253.0,251.8,252.1,13.0
2026-09-09 12:15:00,252.05,253.0,250.85,251.45,30.0
2026-09-09 12:16:00,250.5,250.5,249.0,249.25,10.0
2026-09-09 12:17:00,249.9,251.85,249.9,251.35,13.0
2026-09-09 12:18:00,251.9,251.9,249.5,249.5,11.0
2026-09-09 12:19:00,249.7,250.2,247.9,250.15,12.0
2026-09-09 12:21:00,251.0,251.95,251.0,251.05,32.0
2026-09-09 12:22:00,249.7,250.4,247.0,247.0,35.0
2026-09-09 12:23:00,246.95,248.5,246.95,248.5,8.0
2026-09-09 12:24:00,251.95,253.3,251.9,253.3,14.0
2026-09-09 12:25:00,251.65,253.4,251.4,253.4,11.0
2026-09-09 12:26:00,255.0,258.3,255.0,257.0,30.0
2026-09-09 12:27:00,258.8,258.8,257.35,257.5,12.0
2026-09-09 12:28:00,256.95,260.35,256.9,260.35,34.0
2026-09-09 12:29:00,261.0,265.0,261.0,265.0,14.0
2026-09-09 12:30:00,265.6,268.6,265.2,267.45,42.0
2026-09-09 12:31:00,269.0,270.9,267.4,270.85,31.0
2026-09-09 12:32:00,270.7,275.0,270.5,275.0,23.0
2026-09-09 12:33:00,275.3,293.3,274.35,290.95,78.0
2026-09-09 12:34:00,287.0,292.4,284.8,288.0,62.0
2026-09-09 12:35:00,289.9,305.0,289.9,299.6,95.0
2026-09-09 12:36:00,299.55,301.8,297.5,299.0,63.0
2026-09-09 12:37:00,298.3,302.75,298.3,300.85,10.0
2026-09-09 12:38:00,301.55,301.55,299.1,299.1,12.0
2026-09-09 12:39:00,298.55,301.2,297.4,300.25,36.0
2026-09-09 12:40:00,301.3,301.35,299.65,300.25,25.0
2026-09-09 12:41:00,297.35,302.5,293.25,302.5,25.0
2026-09-09 12:42:00,303.7,309.85,303.6,308.65,19.0
2026-09-09 12:43:00,309.5,310.0,303.6,305.55,30.0
2026-09-09 12:44:00,306.4,306.4,302.85,302.85,4.0
2026-09-09 12:45:00,302.85,302.85,297.0,297.9,7.0
2026-09-09 12:46:00,300.6,301.75,300.55,300.9,6.0
2026-09-09 12:47:00,301.15,301.15,301.15,301.15,4.0
2026-09-09 12:49:00,309.4,310.0,298.0,299.45,17.0
2026-09-09 12:50:00,300.3,302.0,298.05,302.0,7.0
2026-09-09 12:51:00,298.55,299.2,298.55,299.2,2.0
2026-09-09 12:52:00,303.65,303.65,303.65,303.65,2.0
2026-09-09 12:53:00,301.0,301.45,294.85,294.85,6.0
2026-09-09 12:54:00,291.75,291.75,288.35,288.35,10.0
2026-09-09 12:55:00,288.35,291.95,286.7,291.75,75.0
2026-09-09 12:56:00,300.55,300.8,299.95,299.95,16.0
2026-09-09 12:57:00,300.6,301.0,300.55,300.55,12.0
2026-09-09 12:58:00,302.75,305.0,302.7,305.0,3.0
2026-09-09 12:59:00,304.45,304.45,304.0,304.0,10.0
2026-09-09 13:00:00,303.85,303.85,300.8,300.8,2.0
2026-09-09 13:01:00,299.2,299.55,299.2,299.45,4.0
2026-09-09 13:02:00,295.8,295.8,293.3,293.3,9.0
2026-09-09 13:03:00,291.2,294.55,291.05,294.55,28.0
2026-09-09 13:04:00,292.05,293.1,290.35,293.1,10.0
2026-09-09 13:05:00,290.3,290.3,290.3,290.3,1.0
2026-09-09 13:06:00,294.7,294.7,294.6,294.6,2.0
2026-09-09 13:07:00,292.65,299.0,292.65,299.0,4.0
2026-09-09 13:09:00,294.0,294.0,293.25,293.25,2.0
2026-09-09 13:10:00,289.05,289.05,288.3,288.3,3.0
2026-09-09 13:11:00,291.5,291.5,288.3,288.3,2.0
2026-09-09 13:13:00,287.35,287.35,287.35,287.35,1.0
2026-09-09 13:15:00,288.5,288.5,287.55,287.55,2.0
2026-09-09 13:16:00,287.35,287.55,287.35,287.55,14.0
2026-09-09 13:17:00,285.55,285.55,285.55,285.55,1.0
2026-09-09 13:18:00,287.3,287.3,287.3,287.3,1.0
2026-09-09 13:20:00,283.2,285.0,283.2,285.0,3.0
2026-09-09 13:21:00,290.0,290.6,290.0,290.6,16.0
2026-09-09 13:22:00,292.0,292.0,288.0,288.0,10.0
2026-09-09 13:23:00,285.65,285.65,285.65,285.65,1.0
2026-09-09 13:26:00,292.5,292.5,292.5,292.5,1.0
2026-09-09 13:28:00,291.85,295.0,291.45,295.0,6.0
2026-09-09 13:29:00,295.0,298.2,295.0,298.2,2.0
2026-09-09 13:30:00,296.7,296.7,296.7,296.7,1.0
2026-09-09 13:31:00,295.45,295.45,295.3,295.3,13.0
2026-09-09 13:32:00,292.5,292.55,292.5,292.55,4.0
2026-09-09 13:33:00,287.0,287.0,287.0,287.0,1.0
2026-09-09 13:34:00,289.0,289.0,289.0,289.0,1.0
2026-09-09 13:37:00,290.35,290.35,290.35,290.35,1.0
2026-09-09 13:38:00,292.0,293.2,292.0,293.2,4.0
2026-09-09 13:39:00,295.0,295.0,295.0,295.0,2.0
2026-09-09 13:44:00,293.9,293.9,293.9,293.9,2.0
2026-09-09 13:46:00,289.35,289.35,288.0,288.0,8.0
2026-09-09 13:54:00,286.45,286.6,285.05,285.05,11.0
2026-09-09 13:55:00,283.7,284.5,282.6,282.6,4.0
2026-09-09 13:56:00,283.8,283.8,283.8,283.8,4.0
2026-09-09 14:00:00,295.0,298.0,295.0,298.0,3.0
2026-09-09 14:01:00,298.65,300.0,298.65,300.0,4.0
2026-09-09 14:02:00,299.3,299.3,299.3,299.3,1.0
2026-09-09 14:04:00,295.05,295.05,293.75,293.8,3.0
2026-09-09 14:06:00,298.65,298.65,297.35,297.35,2.0
2026-09-09 14:08:00,290.8,290.8,290.8,290.8,1.0
2026-09-09 14:09:00,290.8,290.8,290.8,290.8,1.0
2026-09-09 14:12:00,288.55,290.8,288.55,290.6,10.0
2026-09-09 14:13:00,290.7,291.1,287.45,287.6,14.0
2026-09-09 14:15:00,285.0,285.0,285.0,285.0,1.0
2026-09-09 14:16:00,280.0,280.0,277.7,277.7,14.0
2026-09-09 14:17:00,282.9,282.95,282.9,282.95,5.0
2026-09-09 14:24:00,283.05,283.05,282.95,282.95,5.0
2026-09-09 14:30:00,284.25,284.25,275.35,275.35,9.0
2026-09-09 14:31:00,278.35,279.65,275.05,275.05,3.0
2026-09-09 14:32:00,275.0,275.0,273.65,273.65,12.0
2026-09-09 14:34:00,271.05,271.05,270.15,270.15,2.0
2026-09-09 14:35:00,270.25,270.25,270.1,270.1,2.0
2026-09-09 14:38:00,265.1,265.1,260.8,260.8,6.0
2026-09-09 14:39:00,260.8,262.75,260.8,262.4,6.0
2026-09-09 14:40:00,263.4,263.55,259.7,259.7,21.0
2026-09-09 14:41:00,262.6,263.7,261.55,261.65,7.0
2026-09-09 14:43:00,261.65,261.65,261.0,261.0,9.0
2026-09-09 14:44:00,260.0,260.0,260.0,260.0,2.0
2026-09-09 14:45:00,259.65,259.65,255.05,255.05,33.0
2026-09-09 14:46:00,256.45,258.45,256.45,257.5,4.0
2026-09-09 14:47:00,255.65,259.7,255.65,259.7,21.0
2026-09-09 14:48:00,260.35,260.35,259.0,259.0,3.0
2026-09-09 14:49:00,259.0,261.35,259.0,261.35,32.0
2026-09-09 14:50:00,260.0,263.2,259.2,262.2,9.0
2026-09-09 14:51:00,261.65,261.65,260.0,260.0,30.0
2026-09-09 14:53:00,260.0,260.8,260.0,260.8,13.0
2026-09-09 14:54:00,262.8,262.8,262.8,262.8,1.0
2026-09-09 14:55:00,261.55,261.95,260.35,260.35,7.0
2026-09-09 14:56:00,260.35,261.0,257.25,257.25,6.0
2026-09-09 14:57:00,258.25,258.25,258.25,258.25,1.0
2026-09-09 14:58:00,260.1,260.1,260.1,260.1,2.0
2026-09-09 14:59:00,259.25,259.25,259.25,259.25,1.0
2026-09-09 15:00:00,258.0,260.2,258.0,260.2,4.0
2026-09-09 15:01:00,259.15,259.95,259.15,259.95,3.0
2026-09-09 15:02:00,255.85,255.85,255.85,255.85,2.0
2026-09-09 15:03:00,250.0,252.0,249.85,250.6,19.0
2026-09-09 15:04:00,248.8,249.5,240.0,241.25,23.0
2026-09-09 15:05:00,241.65,243.4,236.25,241.25,63.0
2026-09-09 15:06:00,241.0,241.8,238.55,239.9,62.0
2026-09-09 15:07:00,243.25,244.0,241.8,244.0,18.0
2026-09-09 15:08:00,245.75,249.05,245.75,249.05,43.0
2026-09-09 15:09:00,250.0,250.0,247.1,247.1,78.0
2026-09-09 15:10:00,250.0,251.0,249.6,250.3,66.0
2026-09-09 15:11:00,250.15,251.55,248.5,249.2,8.0
2026-09-09 15:12:00,248.85,249.5,246.6,247.95,16.0
2026-09-09 15:13:00,247.85,249.1,247.85,249.0,39.0
2026-09-09 15:14:00,249.35,249.35,248.35,248.55,17.0
2026-09-09 15:15:00,247.5,249.2,243.15,249.2,34.0
2026-09-09 15:16:00,247.05,247.05,245.4,245.4,4.0
2026-09-09 15:17:00,245.4,245.45,244.95,245.1,27.0
2026-09-09 15:18:00,245.15,245.15,243.0,243.1,10.0
2026-09-09 15:19:00,242.4,245.0,242.15,244.05,53.0
2026-09-09 15:20:00,246.1,246.1,238.45,243.15,175.0
2026-09-09 15:21:00,240.85,240.85,240.6,240.7,7.0
2026-09-09 15:22:00,241.15,241.15,240.7,240.7,3.0
2026-09-09 15:23:00,239.0,239.0,233.7,238.35,52.0
2026-09-09 15:24:00,239.95,241.0,239.7,241.0,7.0
2026-09-09 15:25:00,240.8,241.3,239.6,239.6,10.0
2026-09-09 15:26:00,239.8,240.75,237.55,237.6,15.0
2026-09-09 15:27:00,240.0,240.45,239.1,239.4,17.0
2026-09-09 15:28:00,238.1,239.15,235.85,237.5,31.0
2026-09-09 15:29:00,233.1,236.55,230.5,235.2,79.0
2026-09-10 09:15:00,245.0,245.0,204.55,227.9,246.0
2026-09-10 09:16:00,227.15,227.25,215.55,216.5,151.0
2026-09-10 09:17:00,216.75,228.95,214.7,228.95,90.0
2026-09-10 09:18:00,228.15,235.1,228.1,230.85,161.0
2026-09-10 09:19:00,231.05,231.8,223.65,226.8,207.0
2026-09-10 09:20:00,225.15,226.4,218.0,220.2,80.0
2026-09-10 09:21:00,219.45,228.8,219.4,223.55,73.0
2026-09-10 09:22:00,223.45,224.35,209.65,210.95,95.0
2026-09-10 09:23:00,210.4,211.1,204.55,208.15,206.0
2026-09-10 09:24:00,208.1,212.55,207.75,211.75,69.0
2026-09-10 09:25:00,211.4,211.4,208.0,209.15,41.0
2026-09-10 09:26:00,210.65,214.4,208.1,214.4,46.0
2026-09-10 09:27:00,215.75,220.4,214.2,216.4,66.0
2026-09-10 09:28:00,218.0,221.35,217.05,219.75,52.0
2026-09-10 09:29:00,219.7,220.35,214.6,215.55,101.0
2026-09-10 09:30:00,215.65,215.65,209.6,210.8,92.0
2026-09-10 09:31:00,210.0,210.6,205.3,207.75,111.0
2026-09-10 09:32:00,207.0,210.0,207.0,208.7,77.0
2026-09-10 09:33:00,207.8,215.1,207.75,214.95,57.0
2026-09-10 09:34:00,213.95,213.95,210.9,212.35,45.0
2026-09-10 09:35:00,210.85,211.7,209.15,209.35,33.0
2026-09-10 09:36:00,211.2,211.55,208.55,211.55,65.0
2026-09-10 09:37:00,212.35,213.4,210.1,210.2,34.0
2026-09-10 09:38:00,209.0,209.0,205.6,205.75,52.0
2026-09-10 09:39:00,205.4,206.5,204.25,205.0,48.0
2026-09-10 09:40:00,204.9,207.4,204.0,207.4,126.0
2026-09-10 09:41:00,207.95,207.95,206.0,206.05,14.0
2026-09-10 09:42:00,206.05,212.9,206.05,212.75,15.0
2026-09-10 09:43:00,212.45,219.25,212.45,212.6,100.0
2026-09-10 09:44:00,210.55,210.55,209.2,209.2,35.0
2026-09-10 09:45:00,210.1,211.05,210.1,210.95,6.0
2026-09-10 09:46:00,209.25,210.6,207.95,210.6,6.0
2026-09-10 09:47:00,208.0,211.2,205.5,211.2,47.0
2026-09-10 09:48:00,211.5,214.8,210.85,214.65,148.0
2026-09-10 09:49:00,214.0,215.1,211.9,213.95,161.0
2026-09-10 09:50:00,215.65,219.5,215.65,218.45,118.0
2026-09-10 09:51:00,219.1,222.15,218.45,219.6,269.0
2026-09-10 09:52:00,220.45,222.05,217.05,218.85,250.0
2026-09-10 09:53:00,220.8,221.65,217.0,217.0,125.0
2026-09-10 09:54:00,216.8,219.0,215.4,215.45,118.0
2026-09-10 09:55:00,216.2,216.2,213.9,215.7,41.0
2026-09-10 09:56:00,214.9,219.3,214.9,218.6,11.0
2026-09-10 09:57:00,218.65,218.9,211.4,211.4,38.0
2026-09-10 09:58:00,211.3,212.35,209.1,209.25,92.0
2026-09-10 09:59:00,209.65,210.4,208.45,210.4,57.0
2026-09-10 10:00:00,210.45,210.5,206.75,207.6,40.0
2026-09-10 10:01:00,207.0,207.75,206.35,206.5,23.0
2026-09-10 10:02:00,206.3,206.85,202.0,202.95,76.0
2026-09-10 10:03:00,202.3,204.2,202.3,203.8,48.0
2026-09-10 10:04:00,203.35,207.25,203.3,206.55,25.0
2026-09-10 10:05:00,207.8,209.25,207.55,208.7,17.0
2026-09-10 10:06:00,207.35,207.5,205.25,205.55,36.0
2026-09-10 10:07:00,205.05,206.85,205.0,205.0,90.0
2026-09-10 10:08:00,205.15,205.2,201.35,201.95,30.0
2026-09-10 10:09:00,201.45,205.3,200.2,205.0,44.0
2026-09-10 10:10:00,205.3,205.3,202.95,204.55,34.0
2026-09-10 10:11:00,204.65,205.35,204.1,204.55,29.0
2026-09-10 10:12:00,205.2,205.25,202.65,204.4,13.0
2026-09-10 10:13:00,203.45,203.45,202.0,202.05,10.0
2026-09-10 10:14:00,202.1,205.25,201.65,205.25,44.0
2026-09-10 10:15:00,205.65,210.05,205.3,210.0,101.0
2026-09-10 10:16:00,211.0,213.25,211.0,213.25,65.0
2026-09-10 10:17:00,213.75,216.55,213.75,213.8,80.0
2026-09-10 10:18:00,214.75,217.05,213.75,213.75,40.0
2026-09-10 10:19:00,214.15,214.25,212.05,212.35,47.0
2026-09-10 10:20:00,211.9,213.0,208.9,209.0,47.0
2026-09-10 10:21:00,209.45,209.45,206.95,206.95,30.0
2026-09-10 10:22:00,207.0,209.2,206.9,209.2,5.0
2026-09-10 10:23:00,209.15,214.0,209.15,213.85,14.0
2026-09-10 10:24:00,212.85,213.2,209.85,210.6,22.0
2026-09-10 10:25:00,210.2,211.15,208.4,211.1,19.0
2026-09-10 10:26:00,212.85,212.95,209.2,211.1,28.0
2026-09-10 10:27:00,211.05,211.05,208.0,208.0,45.0
2026-09-10 10:28:00,208.2,209.8,206.8,207.1,70.0
2026-09-10 10:29:00,207.25,208.2,207.25,208.2,10.0
2026-09-10 10:30:00,210.25,212.45,209.85,211.9,21.0
2026-09-10 10:31:00,212.4,212.45,209.1,209.7,41.0
2026-09-10 10:32:00,209.7,210.05,208.55,208.55,34.0
2026-09-10 10:33:00,209.2,210.05,208.3,210.05,15.0
2026-09-10 10:34:00,209.45,210.15,208.25,210.1,5.0
2026-09-10 10:35:00,210.1,210.1,210.1,210.1,1.0
2026-09-10 10:36:00,212.0,212.3,210.55,210.55,9.0
2026-09-10 10:37:00,210.45,210.45,210.45,210.45,1.0
2026-09-10 10:38:00,210.05,215.0,210.05,213.9,19.0
2026-09-10 10:39:00,214.15,215.9,214.15,215.5,23.0
2026-09-10 10:40:00,215.95,218.9,215.95,217.7,95.0
2026-09-10 10:41:00,217.0,217.55,215.6,215.6,47.0
2026-09-10 10:42:00,214.9,218.15,213.95,217.6,61.0
2026-09-10 10:43:00,217.3,218.0,215.6,215.6,26.0
2026-09-10 10:44:00,216.25,223.9,216.25,223.4,116.0
2026-09-10 10:45:00,222.5,225.0,218.0,219.0,173.0
2026-09-10 10:46:00,218.0,218.0,214.4,214.4,56.0
2026-09-10 10:47:00,213.55,214.95,213.55,214.3,10.0
2026-09-10 10:48:00,212.7,212.7,208.4,208.6,53.0
2026-09-10 10:49:00,210.25,211.8,209.75,210.0,36.0
2026-09-10 10:50:00,209.2,209.35,206.6,207.3,83.0
2026-09-10 10:51:00,207.65,207.9,204.9,207.8,21.0
2026-09-10 10:52:00,208.25,208.6,206.55,206.55,24.0
2026-09-10 10:53:00,205.85,206.25,202.9,204.55,27.0
2026-09-10 10:54:00,204.1,204.15,202.0,202.2,80.0
2026-09-10 10:55:00,202.5,202.65,192.6,198.4,298.0
2026-09-10 10:56:00,199.05,200.4,197.3,198.7,66.0
2026-09-10 10:57:00,198.65,201.75,198.65,201.75,29.0
2026-09-10 10:58:00,203.9,204.0,201.3,201.55,67.0
2026-09-10 10:59:00,201.7,203.95,201.7,203.1,7.0
2026-09-10 11:00:00,203.4,205.4,203.3,205.4,42.0
2026-09-10 11:01:00,205.15,206.55,205.0,206.1,17.0
2026-09-10 11:02:00,206.55,206.55,204.0,204.0,19.0
2026-09-10 11:03:00,205.8,207.4,204.65,204.65,14.0
2026-09-10 11:04:00,207.25,208.05,206.65,207.2,11.0
2026-09-10 11:05:00,206.9,206.9,204.0,205.3,17.0
2026-09-10 11:06:00,206.25,206.85,206.2,206.65,12.0
2026-09-10 11:07:00,206.65,207.35,206.65,206.75,3.0
2026-09-10 11:08:00,208.35,208.35,206.1,206.1,15.0
2026-09-10 11:09:00,208.15,208.15,207.6,208.15,4.0
2026-09-10 11:10:00,207.3,210.0,207.2,209.05,24.0
2026-09-10 11:11:00,209.85,209.85,209.85,209.85,1.0
2026-09-10 11:12:00,210.55,210.95,210.0,210.95,13.0
2026-09-10 11:13:00,212.0,216.3,212.0,216.25,42.0
2026-09-10 11:14:00,213.8,219.0,213.7,217.85,80.0
2026-09-10 11:15:00,219.0,224.0,219.0,219.75,113.0
2026-09-10 11:16:00,219.45,223.0,215.05,215.6,32.0
2026-09-10 11:17:00,214.55,215.15,213.75,215.05,13.0
2026-09-10 11:18:00,216.15,218.05,215.7,217.65,22.0
2026-09-10 11:19:00,215.6,215.6,215.6,215.6,1.0
2026-09-10 11:20:00,215.05,215.05,210.8,210.9,24.0
2026-09-10 11:21:00,210.9,211.75,208.0,208.25,140.0
2026-09-10 11:22:00,209.5,212.65,208.9,211.85,19.0
2026-09-10 11:23:00,214.15,214.5,212.7,212.7,21.0
2026-09-10 11:24:00,212.65,215.65,212.65,212.85,14.0
2026-09-10 11:25:00,213.2,213.35,213.2,213.35,10.0
2026-09-10 11:26:00,211.7,211.8,209.55,210.0,32.0
2026-09-10 11:27:00,208.0,208.0,205.7,205.9,41.0
2026-09-10 11:28:00,206.25,208.25,205.8,207.9,15.0
2026-09-10 11:29:00,206.55,207.05,205.95,207.05,10.0
2026-09-10 11:30:00,206.9,210.7,206.85,210.7,22.0
2026-09-10 11:31:00,210.95,213.05,210.75,210.75,43.0
2026-09-10 11:32:00,212.15,212.2,207.05,207.05,28.0
2026-09-10 11:33:00,205.9,205.9,204.05,204.05,18.0
2026-09-10 11:34:00,204.55,204.7,203.25,204.1,11.0
2026-09-10 11:35:00,206.8,208.15,206.4,208.15,18.0
2026-09-10 11:36:00,207.55,210.4,207.0,209.0,41.0
2026-09-10 11:37:00,206.7,209.0,206.7,208.3,17.0
2026-09-10 11:38:00,209.0,211.0,208.5,211.0,22.0
2026-09-10 11:39:00,208.4,208.4,207.7,208.05,6.0
2026-09-10 11:40:00,209.4,209.4,206.9,207.0,14.0
2026-09-10 11:41:00,207.0,207.0,205.1,205.1,13.0
2026-09-10 11:42:00,203.0,203.0,201.45,201.45,10.0
2026-09-10 11:43:00,201.5,205.55,201.3,205.55,24.0
2026-09-10 11:44:00,205.2,209.65,205.2,209.25,15.0
2026-09-10 11:45:00,209.6,211.75,208.95,211.0,28.0
2026-09-10 11:46:00,212.2,212.2,210.5,210.5,7.0
2026-09-10 11:47:00,212.9,214.0,212.85,213.8,23.0
2026-09-10 11:48:00,212.25,212.65,211.25,211.5,11.0
2026-09-10 11:49:00,212.65,215.9,212.65,215.6,43.0
2026-09-10 11:50:00,215.75,216.35,213.85,215.85,47.0
2026-09-10 11:51:00,216.5,216.5,213.15,214.9,15.0
2026-09-10 11:52:00,214.65,215.05,212.8,212.8,19.0
2026-09-10 11:53:00,215.15,215.85,214.7,214.7,13.0
2026-09-10 11:54:00,215.25,215.25,213.3,213.75,12.0
2026-09-10 11:55:00,212.55,212.65,210.9,211.5,33.0
2026-09-10 11:56:00,211.15,211.5,209.8,210.6,12.0
2026-09-10 11:57:00,211.85,213.4,211.85,213.15,34.0
2026-09-10 11:58:00,214.0,214.0,214.0,214.0,1.0
2026-09-10 11:59:00,215.7,220.0,215.35,219.7,39.0
2026-09-10 12:00:00,220.65,221.1,218.3,221.1,64.0
2026-09-10 12:01:00,221.1,221.3,216.2,217.95,31.0
2026-09-10 12:02:00,217.8,222.0,217.8,222.0,132.0
2026-09-10 12:03:00,221.55,221.55,218.15,218.75,14.0
2026-09-10 12:04:00,218.25,222.0,218.2,220.35,60.0
2026-09-10 12:05:00,221.1,221.45,218.25,221.45,15.0
2026-09-10 12:06:00,218.95,218.95,215.85,216.05,9.0
2026-09-10 12:07:00,216.7,216.75,215.7,216.0,14.0
2026-09-10 12:08:00,216.1,216.1,214.75,214.8,16.0
2026-09-10 12:09:00,215.4,215.7,212.6,212.6,16.0
2026-09-10 12:10:00,213.1,216.2,213.1,215.6,13.0
2026-09-10 12:11:00,217.4,221.5,217.4,221.35,46.0
2026-09-10 12:12:00,221.4,229.0,221.1,225.9,194.0
2026-09-10 12:13:00,225.4,225.4,220.75,224.8,17.0
2026-09-10 12:14:00,224.8,227.55,222.75,225.15,106.0
2026-09-10 12:15:00,227.6,227.65,224.25,225.55,54.0
2026-09-10 12:16:00,225.45,227.0,224.35,225.85,40.0
2026-09-10 12:17:00,226.25,226.25,220.55,221.25,52.0
2026-09-10 12:18:00,221.4,222.95,220.45,222.0,12.0
2026-09-10 12:19:00,224.1,224.8,223.25,223.25,24.0
2026-09-10 12:20:00,224.2,225.6,222.35,225.6,11.0
2026-09-10 12:21:00,226.05,231.5,224.55,226.75,131.0
2026-09-10 12:22:00,227.6,230.35,226.5,226.8,156.0
2026-09-10 12:23:00,226.05,227.0,220.05,221.1,60.0
2026-09-10 12:24:00,221.65,224.6,220.4,221.2,27.0
2026-09-10 12:25:00,221.05,223.15,221.05,223.15,6.0
2026-09-10 12:26:00,225.55,227.0,224.9,224.9,22.0
2026-09-10 12:27:00,224.25,224.25,221.35,222.4,13.0
2026-09-10 12:28:00,223.8,223.95,223.0,223.0,61.0
2026-09-10 12:29:00,223.9,223.9,222.05,222.1,11.0
2026-09-10 12:30:00,221.5,221.5,218.4,218.45,53.0
2026-09-10 12:31:00,219.55,219.65,215.6,217.8,20.0
2026-09-10 12:32:00,219.35,220.1,218.45,218.45,9.0
2026-09-10 12:33:00,217.4,220.85,217.35,220.85,59.0
2026-09-10 12:34:00,221.3,221.3,216.15,216.15,8.0
2026-09-10 12:35:00,216.65,216.65,215.2,216.5,50.0
2026-09-10 12:36:00,217.85,217.9,213.9,214.45,28.0
2026-09-10 12:37:00,214.2,215.05,211.8,212.5,19.0
2026-09-10 12:38:00,212.0,213.7,212.0,212.05,15.0
2026-09-10 12:39:00,212.1,215.75,210.2,215.75,10.0
2026-09-10 12:40:00,216.75,220.25,216.75,218.35,15.0
2026-09-10 12:41:00,218.35,218.35,215.2,215.2,15.0
2026-09-10 12:42:00,216.35,219.05,216.35,216.8,17.0
2026-09-10 12:43:00,218.65,218.65,217.3,218.15,10.0
2026-09-10 12:44:00,218.15,219.2,218.15,219.2,11.0
2026-09-10 12:45:00,220.0,223.0,220.0,223.0,14.0
2026-09-10 12:46:00,219.65,219.65,216.3,217.0,11.0
2026-09-10 12:47:00,215.0,217.05,214.25,216.7,11.0
2026-09-10 12:48:00,214.0,214.0,213.55,213.55,3.0
2026-09-10 12:49:00,218.6,218.65,218.0,218.0,30.0
2026-09-10 12:50:00,217.0,217.75,217.0,217.75,11.0
2026-09-10 12:51:00,218.55,218.55,218.55,218.55,1.0
2026-09-10 12:52:00,219.05,219.05,218.0,218.0,2.0
2026-09-10 12:53:00,216.3,216.3,214.9,214.9,4.0
2026-09-10 12:54:00,215.5,215.5,213.6,214.65,10.0
2026-09-10 12:55:00,214.7,214.7,211.5,211.5,10.0
2026-09-10 12:56:00,212.6,212.6,211.0,212.2,39.0
2026-09-10 12:57:00,211.0,213.35,210.6,213.3,32.0
2026-09-10 12:58:00,210.55,210.6,208.9,209.5,47.0
2026-09-10 12:59:00,208.35,208.35,204.65,205.05,96.0
2026-09-10 13:00:00,205.15,207.0,203.4,203.45,81.0
2026-09-10 13:01:00,203.65,204.55,202.0,203.55,86.0
2026-09-10 13:02:00,203.25,206.05,203.2,205.5,29.0
2026-09-10 13:03:00,205.65,206.6,203.8,204.8,29.0
2026-09-10 13:04:00,204.8,206.2,204.7,205.15,23.0
2026-09-10 13:05:00,205.5,206.1,196.4,198.9,316.0
2026-09-10 13:06:00,199.05,199.05,196.25,197.25,91.0
2026-09-10 13:07:00,196.95,201.2,196.95,201.2,19.0
2026-09-10 13:08:00,199.5,203.2,199.25,203.15,34.0
2026-09-10 13:09:00,203.6,205.9,202.85,204.45,25.0
2026-09-10 13:10:00,205.0,206.0,203.15,205.65,22.0
2026-09-10 13:11:00,206.05,206.2,203.85,204.85,313.0
2026-09-10 13:12:00,204.85,207.45,204.85,206.6,1583.0
2026-09-10 13:13:00,206.6,210.3,206.6,210.3,1179.0
2026-09-10 13:14:00,209.65,214.4,209.4,214.4,594.0
2026-09-10 13:15:00,213.1,214.65,209.95,211.15,619.0
2026-09-10 13:16:00,211.6,211.85,208.95,209.85,44.0
2026-09-10 13:17:00,210.2,214.55,210.2,213.35,1625.0
2026-09-10 13:18:00,213.45,214.2,212.0,213.55,1682.0
2026-09-10 13:19:00,213.55,214.15,210.1,210.65,1095.0
2026-09-10 13:20:00,210.35,210.65,208.5,208.65,71.0
2026-09-10 13:21:00,208.7,212.85,208.6,211.95,79.0
2026-09-10 13:22:00,211.45,211.5,208.85,208.85,35.0
2026-09-10 13:23:00,209.3,210.65,208.45,209.8,60.0
2026-09-10 13:24:00,210.05,210.5,209.25,209.95,28.0
2026-09-10 13:25:00,211.0,211.2,209.75,209.75,45.0
2026-09-10 13:26:00,209.1,209.1,208.2,208.2,21.0
2026-09-10 13:27:00,207.65,208.6,206.3,206.65,46.0
2026-09-10 13:28:00,206.4,207.3,205.8,206.4,56.0
2026-09-10 13:29:00,206.6,206.6,203.9,204.15,67.0
2026-09-10 13:30:00,203.6,204.25,202.0,204.0,114.0
2026-09-10 13:31:00,204.1,205.3,203.0,203.0,109.0
2026-09-10 13:32:00,203.05,203.4,200.25,200.35,46.0
2026-09-10 13:33:00,200.75,201.1,198.45,200.8,153.0
2026-09-10 13:34:00,201.15,201.45,198.45,201.05,58.0
2026-09-10 13:35:00,201.55,202.8,201.55,202.35,82.0
2026-09-10 13:36:00,201.7,202.45,200.7,201.75,19.0
2026-09-10 13:37:00,201.5,203.25,199.7,203.25,51.0
2026-09-10 13:38:00,203.55,206.05,203.55,205.0,50.0
2026-09-10 13:39:00,204.3,205.65,202.8,203.85,58.0
2026-09-10 13:40:00,205.5,207.4,205.5,206.2,40.0
2026-09-10 13:41:00,206.15,206.45,203.55,205.2,7.0
2026-09-10 13:42:00,206.55,207.8,206.0,206.0,17.0
2026-09-10 13:43:00,205.5,206.75,205.5,206.75,13.0
2026-09-10 13:44:00,206.0,206.15,204.8,205.3,42.0
2026-09-10 13:45:00,205.0,205.0,202.0,202.2,81.0
2026-09-10 13:46:00,202.5,204.05,201.9,202.1,26.0
2026-09-10 13:47:00,203.5,204.3,201.5,201.85,48.0
2026-09-10 13:48:00,202.2,202.2,199.5,200.0,60.0
2026-09-10 13:49:00,200.65,204.2,200.65,202.25,70.0
2026-09-10 13:50:00,202.65,203.25,201.2,201.2,46.0
2026-09-10 13:51:00,200.9,205.3,200.8,204.3,55.0
2026-09-10 13:52:00,204.15,204.15,203.1,203.5,24.0
2026-09-10 13:53:00,203.3,203.4,201.5,201.9,18.0
2026-09-10 13:54:00,201.7,202.0,200.9,201.6,30.0
2026-09-10 13:55:00,201.8,202.05,199.4,200.2,62.0
2026-09-10 13:56:00,200.8,201.7,200.2,200.5,43.0
2026-09-10 13:57:00,200.15,200.4,196.75,199.05,95.0
2026-09-10 13:58:00,200.1,200.5,198.35,198.45,35.0
2026-09-10 13:59:00,198.0,199.3,196.65,198.95,51.0
2026-09-10 14:00:00,201.0,201.3,199.5,201.3,44.0
2026-09-10 14:01:00,200.5,200.5,198.6,199.05,38.0
2026-09-10 14:02:00,198.75,199.3,195.55,196.7,98.0
2026-09-10 14:03:00,196.7,196.8,192.95,194.1,155.0
2026-09-10 14:04:00,194.25,194.35,190.55,190.9,131.0
2026-09-10 14:05:00,190.85,194.5,189.45,193.25,136.0
2026-09-10 14:06:00,194.1,195.0,193.05,194.1,28.0
2026-09-10 14:07:00,195.2,195.5,193.75,194.45,44.0
2026-09-10 14:08:00,194.15,195.0,191.8,191.8,56.0
2026-09-10 14:09:00,192.2,194.0,191.0,192.35,42.0
2026-09-10 14:10:00,192.4,194.0,192.0,192.0,40.0
2026-09-10 14:11:00,191.6,192.75,191.45,192.2,35.0
2026-09-10 14:12:00,192.5,193.75,192.0,192.0,60.0
2026-09-10 14:13:00,191.35,191.35,189.35,189.9,50.0
2026-09-10 14:14:00,191.25,192.55,191.2,191.2,36.0
2026-09-10 14:15:00,191.5,191.65,189.6,189.6,23.0
2026-09-10 14:16:00,189.5,191.85,189.1,191.85,81.0
2026-09-10 14:17:00,191.55,191.55,190.0,190.3,29.0
2026-09-10 14:18:00,191.0,191.1,186.8,187.7,69.0
2026-09-10 14:19:00,187.8,189.0,185.3,188.5,96.0
2026-09-10 14:20:00,189.0,191.0,188.8,191.0,33.0
2026-09-10 14:21:00,192.8,194.3,192.8,193.05,46.0
2026-09-10 14:22:00,194.45,194.45,192.0,192.4,36.0
2026-09-10 14:23:00,192.8,194.3,192.2,192.2,18.0
2026-09-10 14:24:00,192.6,194.15,192.35,194.1,27.0
2026-09-10 14:25:00,194.85,195.0,193.0,193.0,35.0
2026-09-10 14:26:00,193.6,193.6,191.7,192.0,15.0
2026-09-10 14:27:00,192.2,192.9,191.7,192.0,20.0
2026-09-10 14:28:00,192.45,192.55,187.65,189.7,114.0
2026-09-10 14:29:00,190.0,193.25,189.8,193.25,101.0
2026-09-10 14:30:00,193.55,193.55,192.0,192.0,23.0
2026-09-10 14:31:00,190.0,190.0,188.3,188.3,14.0
2026-09-10 14:32:00,189.15,190.9,189.1,190.05,9.0
2026-09-10 14:33:00,188.95,190.9,188.95,190.0,15.0
2026-09-10 14:34:00,190.0,190.0,189.2,189.2,24.0
2026-09-10 14:35:00,188.9,188.9,187.45,188.45,41.0
2026-09-10 14:36:00,188.0,188.2,187.0,187.0,42.0
2026-09-10 14:37:00,188.15,188.2,186.35,186.35,38.0
2026-09-10 14:38:00,185.7,187.65,185.7,186.8,44.0
2026-09-10 14:39:00,186.8,187.8,185.15,185.5,59.0
2026-09-10 14:40:00,185.7,187.9,181.05,182.75,169.0
2026-09-10 14:41:00,182.95,185.5,182.8,185.45,163.0
2026-09-10 14:42:00,186.0,188.45,186.0,187.95,37.0
2026-09-10 14:43:00,188.3,188.3,186.9,187.6,22.0
2026-09-10 14:44:00,188.1,190.85,188.1,190.5,25.0
2026-09-10 14:45:00,191.2,192.1,190.7,191.25,53.0
2026-09-10 14:46:00,191.95,194.0,191.95,192.25,43.0
2026-09-10 14:47:00,192.15,195.0,192.15,194.3,61.0
2026-09-10 14:48:00,194.5,194.5,193.7,193.95,12.0
2026-09-10 14:49:00,194.0,196.0,193.4,196.0,50.0
2026-09-10 14:50:00,196.8,199.0,196.0,196.3,164.0
2026-09-10 14:51:00,196.95,198.0,195.7,195.7,121.0
2026-09-10 14:52:00,196.05,196.5,192.7,193.1,108.0
2026-09-10 14:53:00,193.25,193.3,192.15,193.2,30.0
2026-09-10 14:54:00,195.25,195.25,192.05,192.25,51.0
2026-09-10 14:55:00,193.8,193.8,192.0,192.6,36.0
2026-09-10 14:56:00,192.5,193.6,192.35,193.6,29.0
2026-09-10 14:57:00,194.15,195.25,191.1,191.1,15.0
2026-09-10 14:58:00,190.5,190.7,189.5,189.5,16.0
2026-09-10 14:59:00,189.2,189.6,187.9,188.55,26.0
2026-09-10 15:00:00,187.95,187.95,172.95,172.95,215.0
2026-09-10 15:01:00,172.9,179.85,172.9,178.85,206.0
2026-09-10 15:02:00,178.4,178.85,175.65,176.0,174.0
2026-09-10 15:03:00,176.35,178.7,175.9,177.75,64.0
2026-09-10 15:04:00,177.85,179.2,176.85,179.15,44.0
2026-09-10 15:05:00,178.05,179.15,177.5,177.65,73.0
2026-09-10 15:06:00,177.75,178.1,175.7,177.2,79.0
2026-09-10 15:07:00,179.2,179.2,175.1,176.5,44.0
2026-09-10 15:08:00,176.85,178.3,176.4,178.3,89.0
2026-09-10 15:09:00,178.2,178.45,177.65,177.65,15.0
2026-09-10 15:10:00,177.75,178.65,176.8,177.45,43.0
2026-09-10 15:11:00,177.75,178.2,177.35,178.0,25.0
2026-09-10 15:12:00,176.9,176.9,172.6,175.8,146.0
2026-09-10 15:13:00,177.05,177.9,173.5,176.6,208.0
2026-09-10 15:14:00,176.25,176.95,173.8,174.3,68.0
2026-09-10 15:15:00,176.05,176.05,173.1,174.05,91.0
2026-09-10 15:16:00,175.4,177.8,174.9,175.35,25.0
2026-09-10 15:17:00,174.4,175.8,172.6,174.35,191.0
2026-09-10 15:18:00,174.35,174.75,173.65,174.2,61.0
2026-09-10 15:19:00,174.2,174.65,172.35,173.3,47.0
2026-09-10 15:20:00,173.95,181.8,173.95,181.8,100.0
2026-09-10 15:21:00,181.35,183.15,179.4,180.4,63.0
2026-09-10 15:22:00,179.8,181.15,177.1,181.05,241.0
2026-09-10 15:23:00,180.85,184.15,180.85,183.45,21.0
2026-09-10 15:24:00,183.8,186.55,183.25,186.55,48.0
2026-09-10 15:25:00,185.65,185.65,182.7,184.55,29.0
2026-09-10 15:26:00,184.2,184.4,181.8,183.3,53.0
2026-09-10 15:27:00,183.3,184.4,183.1,184.05,113.0
2026-09-10 15:28:00,184.3,184.3,183.15,183.5,51.0
2026-09-10 15:29:00,183.4,192.1,183.05,189.45,150.0
2026-09-11 09:15:00,89.0,114.75,89.0,112.7,1020.0
2026-09-11 09:16:00,113.7,113.7,110.5,111.2,341.0
2026-09-11 09:17:00,110.8,112.8,109.65,111.25,304.0
2026-09-11 09:18:00,111.25,113.45,110.4,112.55,338.0
2026-09-11 09:19:00,112.75,115.55,112.6,114.9,217.0
2026-09-11 09:20:00,114.2,114.35,110.85,112.55,391.0
2026-09-11 09:21:00,112.35,114.0,111.85,112.35,246.0
2026-09-11 09:22:00,112.0,113.3,111.5,112.6,95.0
2026-09-11 09:23:00,112.65,113.2,110.45,110.45,136.0
2026-09-11 09:24:00,110.55,112.9,110.25,112.35,198.0
2026-09-11 09:25:00,112.65,113.75,111.6,111.8,134.0
2026-09-11 09:26:00,112.3,112.7,110.35,112.1,177.0
2026-09-11 09:27:00,112.05,112.65,110.75,111.9,124.0
2026-09-11 09:28:00,111.35,111.9,110.25,111.0,114.0
2026-09-11 09:29:00,110.95,111.05,110.0,110.9,150.0
2026-09-11 09:30:00,111.1,111.45,109.75,110.45,102.0
2026-09-11 09:31:00,110.25,113.35,110.25,112.2,96.0
2026-09-11 09:32:00,111.95,112.2,109.05,109.85,319.0
2026-09-11 09:33:00,109.65,110.6,109.2,110.55,185.0
2026-09-11 09:34:00,111.0,112.9,111.0,112.3,93.0
2026-09-11 09:35:00,111.35,114.35,111.25,113.8,115.0
2026-09-11 09:36:00,114.0,115.95,113.05,115.3,167.0
2026-09-11 09:37:00,115.65,115.75,114.2,114.6,69.0
2026-09-11 09:38:00,114.3,115.6,113.85,115.6,58.0
2026-09-11 09:39:00,115.25,115.25,113.75,113.75,119.0
2026-09-11 09:40:00,113.3,113.45,112.4,112.4,108.0
2026-09-11 09:41:00,111.25,111.25,109.8,110.25,85.0
2026-09-11 09:42:00,109.8,110.35,109.4,109.7,40.0
2026-09-11 09:43:00,110.7,112.65,110.55,111.85,144.0
2026-09-11 09:44:00,112.0,112.35,110.5,111.5,79.0
2026-09-11 09:45:00,111.55,111.6,110.05,111.3,91.0
2026-09-11 09:46:00,111.4,111.4,109.95,110.25,40.0
2026-09-11 09:47:00,110.8,110.8,109.45,109.5,72.0
2026-09-11 09:48:00,109.25,109.5,108.75,109.0,78.0
2026-09-11 09:49:00,108.8,109.5,108.5,109.1,37.0
2026-09-11 09:50:00,109.3,110.75,109.05,110.75,37.0
2026-09-11 09:51:00,110.0,110.6,109.1,109.1,43.0
2026-09-11 09:52:00,109.1,109.55,108.5,109.35,41.0
2026-09-11 09:53:00,108.95,109.0,108.0,108.0,26.0
2026-09-11 09:54:00,108.25,109.6,108.25,109.05,51.0
2026-09-11 09:55:00,108.4,110.45,108.35,110.35,69.0
2026-09-11 09:56:00,110.35,110.95,110.1,110.55,74.0
2026-09-11 09:57:00,110.6,111.25,110.4,111.0,41.0
2026-09-11 09:58:00,110.75,111.85,110.3,111.3,71.0
2026-09-11 09:59:00,111.4,111.4,110.2,110.2,21.0
2026-09-11 10:00:00,110.2,110.5,110.0,110.05,18.0
2026-09-11 10:01:00,110.1,110.75,109.4,110.55,61.0
2026-09-11 10:02:00,110.25,110.5,109.9,110.2,17.0
2026-09-11 10:03:00,110.05,112.85,110.05,112.7,49.0
2026-09-11 10:04:00,112.35,114.3,112.35,113.0,59.0
2026-09-11 10:05:00,113.55,114.0,112.85,112.85,62.0
2026-09-11 10:06:00,113.7,114.2,112.25,112.25,63.0
2026-09-11 10:07:00,112.4,113.65,112.3,112.4,66.0
2026-09-11 10:08:00,112.45,117.35,112.45,116.1,121.0
2026-09-11 10:09:00,116.5,118.05,116.5,117.9,95.0
2026-09-11 10:10:00,118.3,118.5,116.2,117.2,86.0
2026-09-11 10:11:00,117.65,118.0,116.85,117.45,34.0
2026-09-11 10:12:00,117.5,119.65,117.5,118.7,101.0
2026-09-11 10:13:00,119.55,124.45,119.1,123.85,83.0
2026-09-11 10:14:00,125.0,125.7,122.65,122.7,135.0
2026-09-11 10:15:00,122.0,123.3,120.35,122.8,88.0
2026-09-11 10:16:00,122.5,123.5,120.85,120.85,102.0
2026-09-11 10:17:00,121.25,124.15,121.25,122.4,53.0
2026-09-11 10:18:00,122.0,124.4,121.9,122.1,166.0
2026-09-11 10:19:00,122.25,123.4,122.25,123.1,7.0
2026-09-11 10:20:00,123.3,125.1,122.95,125.1,41.0
2026-09-11 10:21:00,125.5,131.1,125.5,128.95,153.0
2026-09-11 10:22:00,129.35,134.2,128.3,131.8,238.0
2026-09-11 10:23:00,133.2,135.0,128.65,129.3,107.0
2026-09-11 10:24:00,129.05,129.6,127.25,128.15,90.0
2026-09-11 10:25:00,128.2,128.2,125.85,126.6,81.0
2026-09-11 10:26:00,127.2,127.25,125.35,125.45,23.0
2026-09-11 10:27:00,125.4,125.55,122.45,122.45,101.0
2026-09-11 10:28:00,123.25,123.25,120.75,120.85,60.0
2026-09-11 10:29:00,121.25,121.7,119.4,119.8,363.0
2026-09-11 10:30:00,119.45,121.5,119.3,121.35,87.0
2026-09-11 10:31:00,121.25,123.3,121.25,123.25,40.0
2026-09-11 10:32:00,123.85,124.15,122.3,122.3,31.0
2026-09-11 10:33:00,122.75,122.9,121.95,122.75,10.0
2026-09-11 10:34:00,123.6,126.3,123.6,125.0,27.0
2026-09-11 10:35:00,125.0,127.4,125.0,127.4,307.0
2026-09-11 10:36:00,127.25,127.3,126.05,127.25,51.0
2026-09-11 10:37:00,127.8,129.95,127.8,127.8,112.0
2026-09-11 10:38:00,128.2,128.2,127.0,127.0,42.0
2026-09-11 10:39:00,128.0,128.2,126.4,126.75,32.0
2026-09-11 10:40:00,127.45,128.1,127.1,127.1,41.0
2026-09-11 10:41:00,127.5,127.95,127.35,127.35,38.0
2026-09-11 10:42:00,127.4,127.4,126.75,127.0,50.0
2026-09-11 10:43:00,128.3,129.0,127.75,129.0,40.0
2026-09-11 10:44:00,129.65,133.55,129.65,133.55,105.0
2026-09-11 10:45:00,134.3,138.8,130.3,130.9,191.0
2026-09-11 10:46:00,131.4,132.25,129.75,132.2,71.0
2026-09-11 10:47:00,132.0,132.3,129.75,129.75,65.0
2026-09-11 10:48:00,129.3,129.35,127.0,127.3,52.0
2026-09-11 10:49:00,127.7,129.85,127.5,128.65,66.0
2026-09-11 10:50:00,127.7,127.8,124.55,124.65,88.0
2026-09-11 10:51:00,125.15,126.15,124.8,125.1,40.0
2026-09-11 10:52:00,125.1,125.9,124.2,125.9,71.0
2026-09-11 10:53:00,124.2,124.9,124.1,124.9,34.0
2026-09-11 10:54:00,124.95,124.95,124.7,124.7,2.0
2026-09-11 10:55:00,124.25,124.4,122.55,123.6,97.0
2026-09-11 10:56:00,123.4,124.5,122.0,124.1,58.0
2026-09-11 10:57:00,123.45,124.45,122.75,124.0,343.0
2026-09-11 10:58:00,123.8,124.85,122.9,124.85,38.0
2026-09-11 10:59:00,124.75,125.25,121.85,122.4,25.0
2026-09-11 11:00:00,122.85,126.15,122.85,126.15,73.0
2026-09-11 11:01:00,126.65,127.5,126.6,126.75,19.0
2026-09-11 11:02:00,127.35,127.9,125.95,125.95,16.0
2026-09-11 11:03:00,126.3,126.3,123.6,124.25,15.0
2026-09-11 11:04:00,124.0,125.3,124.0,124.2,60.0
2026-09-11 11:05:00,124.85,126.4,124.4,125.95,23.0
2026-09-11 11:06:00,126.05,126.95,126.05,126.95,13.0
2026-09-11 11:07:00,127.0,131.0,127.0,131.0,48.0
2026-09-11 11:08:00,128.95,130.65,128.8,128.8,10.0
2026-09-11 11:09:00,129.35,132.0,129.35,131.7,37.0
2026-09-11 11:10:00,131.05,132.15,130.15,132.15,41.0
2026-09-11 11:11:00,131.75,133.05,131.15,131.65,77.0
2026-09-11 11:12:00,132.3,139.25,132.3,137.1,142.0
2026-09-11 11:13:00,136.8,147.65,136.6,144.2,319.0
2026-09-11 11:14:00,144.3,153.85,144.3,153.45,409.0
2026-09-11 11:15:00,154.1,154.75,146.05,146.05,319.0
2026-09-11 11:16:00,146.15,152.95,145.8,152.1,196.0
2026-09-11 11:17:00,153.25,166.4,153.25,159.95,426.0
2026-09-11 11:18:00,162.65,163.0,155.35,155.35,66.0
2026-09-11 11:19:00,155.45,156.9,152.6,156.9,72.0
2026-09-11 11:20:00,157.95,159.4,151.9,152.25,235.0
2026-09-11 11:21:00,151.45,156.4,150.6,153.2,175.0
2026-09-11 11:22:00,153.1,158.8,153.0,158.05,208.0
2026-09-11 11:23:00,158.35,160.95,156.55,159.5,116.0
2026-09-11 11:24:00,159.05,162.8,158.35,161.6,206.0
2026-09-11 11:25:00,161.0,163.6,158.25,158.9,252.0
2026-09-11 11:26:00,159.7,160.05,157.95,159.15,19.0
2026-09-11 11:27:00,157.5,158.35,155.9,158.35,66.0
2026-09-11 11:28:00,157.65,158.45,155.0,155.5,154.0
2026-09-11 11:29:00,155.95,156.0,153.7,154.2,23.0
2026-09-11 11:30:00,153.8,154.05,151.6,153.45,92.0
2026-09-11 11:31:00,154.15,154.3,152.0,152.0,19.0
2026-09-11 11:32:00,150.0,153.8,149.7,153.75,23.0
2026-09-11 11:33:00,155.4,158.0,155.4,156.85,13.0
2026-09-11 11:34:00,156.75,157.3,153.25,154.05,20.0
2026-09-11 11:35:00,153.95,154.2,151.0,151.25,17.0
2026-09-11 11:36:00,152.75,156.1,152.75,156.1,13.0
2026-09-11 11:37:00,155.85,157.3,154.7,157.1,41.0
2026-09-11 11:38:00,158.5,160.7,155.85,156.35,40.0
2026-09-11 11:39:00,156.3,156.3,153.55,154.0,17.0
2026-09-11 11:40:00,156.4,156.85,155.7,156.85,4.0
2026-09-11 11:41:00,157.55,161.0,157.0,157.0,27.0
2026-09-11 11:42:00,155.4,158.8,155.4,156.95,8.0
2026-09-11 11:43:00,157.2,158.55,156.6,158.55,3.0
2026-09-11 11:44:00,160.0,164.3,159.5,160.65,137.0
2026-09-11 11:45:00,161.85,163.4,158.2,159.4,79.0
2026-09-11 11:46:00,162.0,162.75,160.55,161.05,55.0
2026-09-11 11:47:00,161.25,162.9,160.25,160.35,44.0
2026-09-11 11:48:00,160.95,161.1,153.05,153.05,61.0
2026-09-11 11:49:00,153.5,154.0,152.35,153.7,42.0
2026-09-11 11:50:00,153.9,155.75,153.15,154.95,38.0
2026-09-11 11:51:00,154.6,156.15,153.0,153.0,136.0
2026-09-11 11:52:00,153.1,154.15,151.1,151.1,65.0
2026-09-11 11:53:00,151.75,152.6,150.1,152.6,70.0
2026-09-11 11:54:00,153.1,154.3,153.1,153.75,51.0
2026-09-11 11:55:00,153.4,154.7,153.0,154.7,16.0
2026-09-11 11:56:00,154.5,157.25,154.5,156.9,28.0
2026-09-11 11:57:00,157.5,158.0,151.15,151.55,72.0
2026-09-11 11:58:00,152.8,153.4,152.8,153.05,32.0
2026-09-11 11:59:00,154.2,155.2,153.35,154.9,17.0
2026-09-11 12:00:00,155.0,156.75,154.45,154.6,28.0
2026-09-11 12:01:00,154.45,154.6,153.45,154.1,9.0
2026-09-11 12:02:00,155.05,155.15,153.45,153.45,10.0
2026-09-11 12:03:00,154.05,154.05,152.4,153.3,13.0
2026-09-11 12:04:00,154.3,154.5,153.35,153.5,27.0
2026-09-11 12:05:00,154.15,155.2,152.8,154.0,27.0
2026-09-11 12:07:00,152.3,153.3,152.25,152.95,38.0
2026-09-11 12:08:00,153.6,153.7,152.8,152.8,3.0
2026-09-11 12:09:00,152.8,152.9,152.25,152.9,12.0
2026-09-11 12:10:00,152.6,152.6,148.7,148.7,25.0
2026-09-11 12:11:00,148.9,149.35,147.1,148.8,56.0
2026-09-11 12:12:00,147.55,147.95,144.7,144.7,90.0
2026-09-11 12:13:00,144.5,145.1,142.6,143.4,105.0
2026-09-11 12:14:00,143.8,145.8,143.55,145.2,26.0
2026-09-11 12:15:00,146.35,147.05,141.9,142.25,166.0
2026-09-11 12:16:00,143.2,146.65,143.2,145.2,231.0
2026-09-11 12:17:00,145.55,148.0,145.55,148.0,73.0
2026-09-11 12:18:00,148.7,150.7,148.7,150.7,37.0
2026-09-11 12:19:00,150.05,150.05,148.8,148.95,19.0
2026-09-11 12:20:00,148.95,150.1,147.75,147.8,122.0
2026-09-11 12:21:00,147.8,147.95,145.85,146.35,107.0
2026-09-11 12:22:00,147.25,147.35,146.0,146.55,32.0
2026-09-11 12:23:00,148.0,148.3,148.0,148.3,3.0
2026-09-11 12:24:00,149.7,150.9,149.5,150.9,15.0
2026-09-11 12:25:00,151.15,151.2,148.3,148.7,25.0
2026-09-11 12:26:00,149.4,150.25,149.25,149.25,11.0
2026-09-11 12:27:00,148.0,148.3,147.75,148.3,7.0
2026-09-11 12:28:00,147.8,147.8,146.7,147.05,12.0
2026-09-11 12:29:00,147.3,147.3,146.1,147.0,5.0
2026-09-11 12:30:00,146.85,147.15,146.85,147.15,4.0
2026-09-11 12:31:00,148.95,149.75,148.75,149.0,28.0
2026-09-11 12:32:00,151.05,152.4,150.95,151.1,51.0
2026-09-11 12:33:00,149.3,149.9,147.9,148.0,64.0
2026-09-11 12:34:00,148.35,152.1,148.35,152.1,78.0
2026-09-11 12:35:00,151.6,152.75,150.9,152.4,23.0
2026-09-11 12:36:00,153.1,153.6,150.25,150.3,19.0
2026-09-11 12:37:00,150.7,151.85,150.7,151.85,28.0
2026-09-11 12:38:00,153.3,153.6,150.4,150.4,37.0
2026-09-11 12:39:00,150.5,150.5,149.0,149.0,17.0
2026-09-11 12:40:00,150.15,150.15,149.25,149.25,13.0
2026-09-11 12:41:00,150.45,152.75,150.25,152.75,48.0
2026-09-11 12:42:00,153.6,156.05,152.95,156.05,34.0
2026-09-11 12:43:00,157.0,157.25,153.55,153.55,41.0
2026-09-11 12:44:00,153.3,153.65,151.3,151.3,15.0
2026-09-11 12:45:00,151.2,152.3,150.45,151.0,20.0
2026-09-11 12:46:00,150.0,150.2,148.75,149.05,25.0
2026-09-11 12:47:00,148.2,149.5,147.95,149.5,51.0
2026-09-11 12:48:00,148.0,150.15,148.0,150.15,33.0
2026-09-11 12:49:00,150.25,150.25,147.85,149.7,33.0
2026-09-11 12:50:00,148.0,148.0,146.8,146.8,5.0
2026-09-11 12:51:00,147.15,147.2,144.55,144.55,50.0
2026-09-11 12:52:00,145.0,147.0,144.7,146.95,28.0
2026-09-11 12:53:00,148.0,150.6,148.0,150.0,6.0
2026-09-11 12:54:00,149.5,150.5,149.5,150.0,7.0
2026-09-11 12:55:00,150.4,150.4,150.05,150.3,3.0
2026-09-11 12:56:00,150.3,151.25,149.4,149.95,24.0
2026-09-11 12:57:00,149.1,149.1,148.1,148.8,9.0
2026-09-11 12:58:00,149.25,154.1,149.25,153.4,57.0
2026-09-11 12:59:00,152.5,152.55,150.65,151.0,95.0
2026-09-11 13:00:00,150.0,150.05,148.0,148.0,9.0
2026-09-11 13:01:00,147.25,147.45,145.4,147.45,23.0
2026-09-11 13:02:00,145.85,146.8,145.55,146.8,5.0
2026-09-11 13:03:00,146.3,146.3,141.9,143.35,135.0
2026-09-11 13:04:00,143.25,143.9,139.3,139.3,88.0
2026-09-11 13:05:00,138.6,140.15,137.8,138.85,398.0
2026-09-11 13:06:00,138.65,139.7,137.65,139.7,47.0
2026-09-11 13:07:00,139.75,141.45,139.75,141.15,54.0
2026-09-11 13:08:00,141.4,142.0,140.35,140.35,32.0
2026-09-11 13:09:00,139.85,140.15,138.9,139.0,315.0
2026-09-11 13:10:00,140.0,141.1,139.0,139.0,71.0
2026-09-11 13:11:00,138.9,141.45,136.75,141.45,50.0
2026-09-11 13:12:00,141.5,142.0,140.55,142.0,18.0
2026-09-11 13:13:00,142.05,143.0,142.0,142.55,48.0
2026-09-11 13:14:00,142.55,143.25,142.05,142.25,314.0
2026-09-11 13:15:00,142.25,142.95,140.4,140.4,31.0
2026-09-11 13:16:00,140.75,142.5,140.75,142.0,14.0
2026-09-11 13:17:00,142.05,142.15,141.15,142.0,21.0
2026-09-11 13:18:00,141.6,141.65,140.45,140.45,28.0
2026-09-11 13:19:00,140.0,140.3,139.3,140.15,317.0
2026-09-11 13:20:00,140.0,140.8,138.8,139.0,13.0
2026-09-11 13:21:00,139.5,141.5,139.05,141.5,24.0
2026-09-11 13:22:00,140.9,143.4,140.9,143.1,35.0
2026-09-11 13:23:00,142.7,143.65,142.45,142.45,39.0
2026-09-11 13:24:00,143.8,143.8,142.6,142.8,23.0
2026-09-11 13:25:00,142.4,143.0,142.35,142.75,12.0
2026-09-11 13:26:00,143.4,143.6,142.75,143.2,17.0
2026-09-11 13:27:00,143.1,146.3,142.45,144.95,330.0
2026-09-11 13:28:00,145.15,146.05,143.95,145.65,47.0
2026-09-11 13:29:00,146.05,150.0,146.05,148.5,166.0
2026-09-11 13:30:00,148.45,150.2,148.1,149.9,73.0
2026-09-11 13:31:00,148.95,149.1,146.25,149.1,131.0
2026-09-11 13:32:00,149.55,153.0,149.35,151.7,192.0
2026-09-11 13:33:00,151.0,151.75,147.8,148.2,416.0
2026-09-11 13:34:00,148.5,148.6,145.4,145.4,114.0
2026-09-11 13:35:00,145.8,145.8,142.35,145.0,92.0
2026-09-11 13:36:00,144.45,144.8,143.5,143.5,39.0
2026-09-11 13:37:00,144.35,144.4,142.3,142.75,50.0
2026-09-11 13:38:00,142.7,144.6,142.3,143.55,32.0
2026-09-11 13:39:00,143.4,145.0,142.1,142.1,22.0
2026-09-11 13:40:00,141.4,143.75,141.4,143.0,24.0
2026-09-11 13:41:00,143.25,143.85,131.0,134.0,702.0
2026-09-11 13:42:00,134.35,139.65,132.4,139.65,104.0
2026-09-11 13:43:00,139.95,142.05,139.65,141.95,75.0
2026-09-11 13:44:00,141.45,143.25,141.45,142.8,32.0
2026-09-11 13:45:00,142.2,142.2,137.7,137.7,51.0
2026-09-11 13:46:00,138.45,139.75,136.55,139.6,77.0
2026-09-11 13:47:00,140.5,143.05,140.5,142.35,44.0
2026-09-11 13:48:00,142.15,144.45,141.25,141.25,68.0
2026-09-11 13:49:00,141.0,143.45,141.0,143.45,55.0
2026-09-11 13:50:00,143.4,145.25,143.2,144.5,37.0
2026-09-11 13:51:00,145.2,149.0,145.05,148.45,31.0
2026-09-11 13:52:00,146.55,148.45,146.15,147.65,139.0
2026-09-11 13:53:00,147.15,148.35,146.85,148.35,21.0
2026-09-11 13:54:00,147.6,163.8,147.2,153.8,1187.0
2026-09-11 13:55:00,153.55,165.55,151.65,162.6,509.0
2026-09-11 13:56:00,161.4,165.6,158.8,163.3,392.0
2026-09-11 13:57:00,165.8,168.7,164.85,167.9,315.0
2026-09-11 13:58:00,168.3,169.9,161.0,164.3,155.0
2026-09-11 13:59:00,164.85,166.8,162.6,166.05,90.0
2026-09-11 14:00:00,166.0,175.0,163.75,173.1,229.0
2026-09-11 14:01:00,173.15,173.75,170.0,171.9,65.0
2026-09-11 14:02:00,172.75,202.6,171.05,195.9,1274.0
2026-09-11 14:03:00,197.3,211.4,195.65,200.3,1003.0
2026-09-11 14:04:00,199.8,204.75,199.2,200.75,644.0
2026-09-11 14:05:00,200.9,202.4,193.95,194.55,421.0
2026-09-11 14:06:00,195.15,195.45,188.35,193.25,281.0
2026-09-11 14:07:00,191.65,191.65,186.45,189.9,323.0
2026-09-11 14:08:00,190.55,190.6,183.8,184.55,212.0
2026-09-11 14:09:00,184.4,190.4,184.35,187.25,141.0
2026-09-11 14:10:00,185.4,187.25,183.0,185.35,91.0
2026-09-11 14:11:00,186.8,188.45,185.2,187.55,135.0
2026-09-11 14:12:00,187.0,189.0,184.75,185.9,190.0
2026-09-11 14:13:00,185.65,185.85,181.6,182.1,98.0
2026-09-11 14:14:00,181.35,186.35,180.65,186.25,74.0
2026-09-11 14:15:00,186.15,187.5,183.1,186.6,74.0
2026-09-11 14:16:00,183.9,186.25,181.55,184.85,40.0
2026-09-11 14:17:00,184.5,185.65,182.0,182.0,25.0
2026-09-11 14:18:00,181.2,182.7,179.1,182.05,82.0
2026-09-11 14:19:00,182.5,182.9,180.35,182.1,47.0
2026-09-11 14:20:00,181.6,181.6,178.3,181.6,49.0
2026-09-11 14:21:00,181.15,184.45,180.15,183.2,30.0
2026-09-11 14:22:00,183.6,186.0,182.5,184.2,55.0
2026-09-11 14:23:00,184.6,186.35,182.8,183.75,138.0
2026-09-11 14:24:00,185.05,189.05,184.35,189.05,211.0
2026-09-11 14:25:00,188.35,189.25,185.5,186.75,128.0
2026-09-11 14:26:00,187.65,191.55,186.75,190.05,86.0
2026-09-11 14:27:00,190.55,192.7,188.7,189.55,168.0
2026-09-11 14:28:00,190.5,192.5,189.0,190.8,102.0
2026-09-11 14:29:00,191.6,196.25,190.9,194.6,164.0
2026-09-11 14:30:00,195.05,198.0,192.05,195.9,181.0
2026-09-11 14:31:00,195.1,199.0,194.7,197.75,115.0
2026-09-11 14:32:00,198.3,200.1,192.8,194.2,167.0
2026-09-11 14:33:00,193.1,193.1,188.95,188.95,139.0
2026-09-11 14:34:00,190.05,191.25,188.7,189.55,275.0
2026-09-11 14:35:00,189.9,198.0,189.9,196.65,139.0
2026-09-11 14:36:00,197.3,197.4,192.8,195.1,349.0
2026-09-11 14:37:00,195.1,195.45,190.25,190.65,49.0
2026-09-11 14:38:00,190.2,190.75,188.0,188.05,79.0
2026-09-11 14:39:00,188.55,192.0,186.2,191.55,63.0
2026-09-11 14:40:00,191.35,191.35,189.8,189.95,19.0
2026-09-11 14:41:00,188.85,193.35,188.85,193.0,23.0
2026-09-11 14:42:00,193.0,195.0,192.5,193.4,90.0
2026-09-11 14:43:00,193.4,194.5,192.65,194.05,77.0
2026-09-11 14:44:00,193.8,195.9,193.6,194.8,93.0
2026-09-11 14:45:00,193.0,193.6,190.7,190.9,119.0
2026-09-11 14:46:00,190.9,192.0,190.0,190.0,108.0
2026-09-11 14:47:00,190.35,192.8,189.8,192.8,66.0
2026-09-11 14:48:00,192.25,193.75,190.65,193.1,63.0
2026-09-11 14:49:00,192.95,193.55,191.0,192.85,114.0
2026-09-11 14:50:00,192.9,194.5,192.7,193.2,66.0
2026-09-11 14:51:00,193.6,194.15,192.0,192.75,71.0
2026-09-11 14:52:00,192.7,193.85,192.15,193.6,43.0
2026-09-11 14:53:00,194.0,196.0,193.35,193.45,124.0
2026-09-11 14:54:00,194.05,195.3,193.65,194.65,65.0
2026-09-11 14:55:00,193.65,195.6,192.85,193.05,62.0
2026-09-11 14:56:00,192.6,194.65,192.2,193.25,38.0
2026-09-11 14:57:00,193.25,193.25,192.0,192.0,45.0
2026-09-11 14:58:00,192.25,193.2,191.2,192.05,43.0
2026-09-11 14:59:00,191.95,192.5,190.0,190.25,61.0
2026-09-11 15:00:00,190.1,190.3,187.0,188.95,101.0
2026-09-11 15:01:00,188.65,189.85,181.35,182.6,420.0
2026-09-11 15:02:00,182.75,184.9,181.9,184.9,158.0
2026-09-11 15:03:00,183.8,184.65,181.8,181.8,70.0
2026-09-11 15:04:00,181.1,181.1,175.95,178.85,139.0
2026-09-11 15:05:00,177.45,178.75,172.0,176.35,512.0
2026-09-11 15:06:00,175.85,180.6,175.3,178.35,1428.0
2026-09-11 15:07:00,179.4,182.5,178.05,182.25,97.0
2026-09-11 15:08:00,181.6,182.0,180.0,180.4,68.0
2026-09-11 15:09:00,180.75,187.05,180.05,184.7,173.0
2026-09-11 15:10:00,184.1,188.8,184.1,188.8,189.0
2026-09-11 15:11:00,188.25,191.25,188.05,189.75,220.0
2026-09-11 15:12:00,190.3,193.0,187.8,188.2,126.0
2026-09-11 15:13:00,188.65,190.85,187.45,190.4,172.0
2026-09-11 15:14:00,191.3,193.7,190.35,192.85,263.0
2026-09-11 15:15:00,192.15,201.95,190.8,191.8,399.0
2026-09-11 15:16:00,191.55,196.25,188.0,194.9,316.0
2026-09-11 15:17:00,193.45,194.15,190.5,191.75,135.0
2026-09-11 15:18:00,191.5,191.5,186.4,190.0,217.0
2026-09-11 15:19:00,190.2,193.95,189.7,192.65,193.0
2026-09-11 15:20:00,192.65,201.7,191.9,194.4,378.0
2026-09-11 15:21:00,194.0,195.5,192.1,193.9,87.0
2026-09-11 15:22:00,192.95,194.65,188.85,189.6,351.0
2026-09-11 15:23:00,190.1,190.1,179.2,186.6,293.0
2026-09-11 15:24:00,185.4,188.0,182.0,182.0,144.0
2026-09-11 15:25:00,182.6,182.9,179.45,181.4,224.0
2026-09-11 15:26:00,182.25,184.35,181.0,183.1,195.0
2026-09-11 15:27:00,183.85,186.0,183.3,184.1,173.0
2026-09-11 15:28:00,184.75,184.9,180.2,181.1,96.0
2026-09-11 15:29:00,180.8,182.3,176.3,181.55,125.0
2026-09-15 09:15:00,200.05,239.15,180.3,181.8,3412.0
2026-09-15 09:16:00,182.65,192.1,182.65,189.75,769.0
2026-09-15 09:17:00,190.45,190.55,181.45,181.45,676.0
2026-09-15 09:18:00,181.55,183.8,178.05,179.25,542.0
2026-09-15 09:19:00,178.95,185.05,178.35,182.65,370.0
2026-09-15 09:20:00,182.7,183.8,179.0,180.0,343.0
2026-09-15 09:21:00,179.65,184.25,177.95,182.05,442.0
2026-09-15 09:22:00,181.9,182.65,175.8,176.6,373.0
2026-09-15 09:23:00,176.25,176.95,173.25,176.3,535.0
2026-09-15 09:24:00,176.3,179.1,171.45,172.05,489.0
2026-09-15 09:25:00,171.0,171.55,168.0,169.2,811.0
2026-09-15 09:26:00,169.4,171.75,166.5,170.2,793.0
2026-09-15 09:27:00,169.55,172.45,168.0,169.1,567.0
2026-09-15 09:28:00,169.25,169.8,167.0,168.0,478.0
2026-09-15 09:29:00,167.35,170.4,165.2,166.85,545.0
2026-09-15 09:30:00,166.95,169.8,165.1,167.65,1366.0
2026-09-15 09:31:00,167.5,168.25,164.5,164.75,567.0
2026-09-15 09:32:00,164.4,167.15,163.05,167.0,634.0
2026-09-15 09:33:00,167.05,167.7,164.0,167.5,566.0
2026-09-15 09:34:00,167.25,168.0,166.45,167.25,473.0
2026-09-15 09:35:00,167.2,170.85,166.35,166.35,831.0
2026-09-15 09:36:00,166.0,166.8,163.1,164.05,626.0
2026-09-15 09:37:00,163.7,165.9,162.25,162.8,708.0
2026-09-15 09:38:00,162.7,164.5,162.0,164.0,462.0
2026-09-15 09:39:00,163.35,168.0,162.45,168.0,547.0
2026-09-15 09:40:00,167.9,169.0,166.2,167.0,536.0
2026-09-15 09:41:00,167.0,167.55,165.05,166.7,185.0
2026-09-15 09:42:00,167.2,168.4,166.4,167.4,214.0
2026-09-15 09:43:00,167.95,170.0,166.45,168.9,559.0
2026-09-15 09:44:00,168.5,170.0,162.5,162.6,698.0
2026-09-15 09:45:00,162.7,162.75,158.0,161.3,1610.0
2026-09-15 09:46:00,161.25,162.65,159.0,159.4,767.0
2026-09-15 09:47:00,159.1,162.2,158.4,158.9,1367.0
2026-09-15 09:48:00,158.45,159.5,153.5,156.05,1226.0
2026-09-15 09:49:00,155.15,156.15,150.15,150.85,925.0
2026-09-15 09:50:00,150.9,154.65,149.85,153.35,736.0
2026-09-15 09:51:00,153.35,153.9,151.75,151.85,358.0
2026-09-15 09:52:00,151.65,151.95,144.9,146.25,1562.0
2026-09-15 09:53:00,146.5,148.65,146.05,148.0,753.0
2026-09-15 09:54:00,148.0,149.9,143.8,144.2,2379.0
2026-09-15 09:55:00,143.95,145.05,137.6,141.4,1783.0
2026-09-15 09:56:00,141.0,141.0,135.85,136.6,838.0
2026-09-15 09:57:00,136.6,137.6,134.35,134.35,1070.0
2026-09-15 09:58:00,134.65,138.0,133.3,137.95,863.0
2026-09-15 09:59:00,138.4,141.55,138.05,140.15,882.0
2026-09-15 10:00:00,140.2,140.6,137.0,138.6,723.0
2026-09-15 10:01:00,138.0,138.1,136.85,137.6,138.0
2026-09-15 10:02:00,137.65,141.85,137.65,141.15,430.0
2026-09-15 10:03:00,141.05,141.7,138.7,138.7,299.0
2026-09-15 10:04:00,138.25,141.0,137.65,140.25,340.0
2026-09-15 10:05:00,140.65,143.8,139.9,143.7,475.0
2026-09-15 10:06:00,143.05,144.0,140.65,142.15,364.0
2026-09-15 10:07:00,142.5,142.8,141.3,141.5,119.0
2026-09-15 10:08:00,141.7,142.6,140.7,141.4,153.0
2026-09-15 10:09:00,141.0,141.0,138.25,138.9,323.0
2026-09-15 10:10:00,138.4,139.0,135.25,136.2,1531.0
2026-09-15 10:11:00,136.65,144.0,136.35,143.65,449.0
2026-09-15 10:12:00,143.55,144.0,140.3,143.55,374.0
2026-09-15 10:13:00,143.7,146.0,142.75,143.55,571.0
2026-09-15 10:14:00,143.5,144.9,141.3,141.3,227.0
2026-09-15 10:15:00,141.05,141.75,139.0,140.6,215.0
2026-09-15 10:16:00,140.65,143.9,140.65,141.3,181.0
2026-09-15 10:17:00,140.6,142.8,138.65,141.75,165.0
2026-09-15 10:18:00,141.4,144.5,141.4,143.8,168.0
2026-09-15 10:19:00,143.4,143.9,141.5,142.45,195.0
2026-09-15 10:20:00,142.4,144.0,137.55,138.8,285.0
2026-09-15 10:21:00,138.5,140.55,136.05,140.55,702.0
2026-09-15 10:22:00,140.3,141.6,139.65,139.65,178.0
2026-09-15 10:23:00,139.4,140.45,137.95,140.05,152.0
2026-09-15 10:24:00,140.3,141.0,139.9,140.6,49.0
2026-09-15 10:25:00,140.3,140.35,138.25,138.6,142.0
2026-09-15 10:26:00,139.45,140.65,138.2,140.25,121.0
2026-09-15 10:27:00,140.3,141.7,138.5,138.5,518.0
2026-09-15 10:28:00,138.45,139.25,132.0,134.0,831.0
2026-09-15 10:29:00,134.65,134.75,130.4,132.5,504.0
2026-09-15 10:30:00,132.15,132.5,124.55,132.0,1995.0
2026-09-15 10:31:00,132.45,134.3,128.65,129.05,603.0
2026-09-15 10:32:00,129.3,131.45,128.3,131.0,231.0
2026-09-15 10:33:00,130.9,132.45,130.0,130.0,248.0
2026-09-15 10:34:00,130.3,130.8,129.0,130.05,118.0
2026-09-15 10:35:00,130.1,132.0,129.75,131.05,341.0
2026-09-15 10:36:00,131.3,132.2,130.15,131.0,275.0
2026-09-15 10:37:00,131.25,132.15,130.05,130.05,181.0
2026-09-15 10:38:00,130.4,131.15,129.55,129.55,159.0
2026-09-15 10:39:00,129.3,131.6,129.0,129.75,91.0
2026-09-15 10:40:00,129.95,130.3,127.65,127.65,212.0
2026-09-15 10:41:00,127.7,128.5,126.55,128.15,163.0
2026-09-15 10:42:00,127.6,127.8,126.0,126.2,139.0
2026-09-15 10:43:00,126.2,126.2,120.05,122.85,675.0
2026-09-15 10:44:00,122.5,124.25,120.4,120.7,397.0
2026-09-15 10:45:00,120.6,122.65,120.25,121.45,390.0
2026-09-15 10:46:00,120.7,120.7,113.7,114.75,663.0
2026-09-15 10:47:00,114.7,120.0,114.7,118.4,581.0
2026-09-15 10:48:00,118.6,120.45,117.35,117.35,157.0
2026-09-15 10:49:00,117.6,117.8,115.4,115.45,220.0
2026-09-15 10:50:00,115.75,118.7,115.0,116.65,273.0
2026-09-15 10:51:00,116.55,117.4,113.4,113.75,289.0
2026-09-15 10:52:00,113.5,115.25,113.35,114.65,358.0
2026-09-15 10:53:00,115.0,116.35,113.9,114.35,370.0
2026-09-15 10:54:00,114.65,115.05,113.55,113.8,328.0
2026-09-15 10:55:00,113.85,114.1,111.3,112.25,390.0
2026-09-15 10:56:00,112.65,114.35,112.65,114.05,283.0
2026-09-15 10:57:00,113.45,114.55,113.4,114.1,142.0
2026-09-15 10:58:00,113.85,115.45,113.3,115.3,192.0
2026-09-15 10:59:00,115.55,116.85,114.45,116.25,187.0
2026-09-15 11:00:00,116.15,117.0,115.25,116.8,363.0
2026-09-15 11:01:00,116.55,119.85,116.1,119.85,167.0
2026-09-15 11:02:00,119.6,121.45,119.0,120.95,450.0
2026-09-15 11:03:00,120.6,121.05,118.6,119.0,423.0
2026-09-15 11:04:00,119.1,121.0,117.45,120.55,179.0
2026-09-15 11:05:00,119.95,120.1,117.45,118.0,105.0
2026-09-15 11:06:00,118.7,118.9,117.3,118.8,121.0
2026-09-15 11:07:00,118.6,118.6,113.85,113.85,242.0
2026-09-15 11:08:00,113.9,114.5,112.2,113.65,346.0
2026-09-15 11:09:00,114.5,114.95,112.0,112.15,122.0
2026-09-15 11:10:00,112.0,113.7,108.4,113.45,569.0
2026-09-15 11:11:00,114.05,118.1,113.55,117.95,318.0
2026-09-15 11:12:00,117.35,118.95,116.2,118.45,177.0
2026-09-15 11:13:00,118.35,118.45,116.55,117.1,211.0
2026-09-15 11:14:00,116.3,120.5,116.3,118.8,218.0
2026-09-15 11:15:00,118.95,121.2,118.85,121.2,220.0
2026-09-15 11:16:00,121.15,121.3,116.85,116.85,273.0
2026-09-15 11:17:00,117.0,117.9,115.65,116.0,98.0
2026-09-15 11:18:00,115.95,116.7,113.95,114.0,198.0
2026-09-15 11:19:00,113.9,113.9,111.65,112.05,156.0
2026-09-15 11:20:00,112.0,112.7,110.25,112.05,253.0
2026-09-15 11:21:00,111.9,113.75,111.1,113.3,214.0
2026-09-15 11:22:00,113.45,117.15,113.1,115.55,533.0
2026-09-15 11:23:00,115.55,115.65,114.8,115.4,121.0
2026-09-15 11:24:00,115.25,116.4,115.0,115.8,168.0
2026-09-15 11:25:00,115.85,115.95,113.05,113.5,124.0
2026-09-15 11:26:00,113.15,115.3,112.95,113.9,109.0
2026-09-15 11:27:00,114.2,114.55,113.2,113.9,75.0
2026-09-15 11:28:00,113.35,113.65,110.25,110.65,137.0
2026-09-15 11:29:00,110.25,112.2,109.0,111.55,340.0
2026-09-15 11:30:00,111.4,112.35,109.0,109.0,224.0
2026-09-15 11:31:00,109.15,111.65,109.05,110.4,138.0
2026-09-15 11:32:00,110.85,113.65,110.65,112.5,154.0
2026-09-15 11:33:00,112.65,113.65,111.7,113.65,174.0
2026-09-15 11:34:00,113.15,114.15,112.65,112.65,346.0
2026-09-15 11:35:00,112.65,113.5,112.65,112.8,117.0
2026-09-15 11:36:00,113.05,116.55,113.05,115.4,171.0
2026-09-15 11:37:00,115.65,116.6,115.2,115.4,181.0
2026-09-15 11:38:00,115.1,118.05,114.25,117.0,211.0
2026-09-15 11:39:00,117.15,118.45,115.0,116.8,241.0
2026-09-15 11:40:00,117.3,117.45,114.15,115.2,224.0
2026-09-15 11:41:00,115.0,116.45,114.75,115.0,153.0
2026-09-15 11:42:00,115.05,115.05,113.65,114.15,126.0
2026-09-15 11:43:00,114.4,115.9,113.4,115.45,132.0
2026-09-15 11:44:00,115.85,118.0,115.85,117.65,180.0
2026-09-15 11:45:00,117.5,117.5,115.4,115.7,388.0
2026-09-15 11:46:00,115.7,116.0,114.75,114.95,86.0
2026-09-15 11:47:00,114.65,115.8,114.3,115.25,100.0
2026-09-15 11:48:00,115.0,117.15,114.55,115.65,87.0
2026-09-15 11:49:00,115.75,117.0,113.75,113.75,129.0
2026-09-15 11:50:00,114.15,115.15,112.75,114.7,192.0
2026-09-15 11:51:00,114.3,117.0,114.15,115.5,110.0
2026-09-15 11:52:00,115.35,115.95,112.25,112.25,99.0
2026-09-15 11:53:00,112.25,114.0,111.3,111.3,198.0
2026-09-15 11:54:00,111.7,113.5,111.7,112.75,79.0
2026-09-15 11:55:00,113.0,113.75,112.35,113.6,77.0
2026-09-15 11:56:00,112.85,113.85,112.5,113.6,132.0
2026-09-15 11:57:00,113.45,114.75,113.4,113.85,138.0
2026-09-15 11:58:00,114.15,116.65,113.95,115.6,141.0
2026-09-15 11:59:00,115.0,115.7,114.6,115.25,56.0
2026-09-15 12:00:00,115.2,116.1,114.75,115.25,116.0
2026-09-15 12:01:00,115.2,115.85,114.55,114.8,84.0
2026-09-15 12:02:00,114.8,118.0,114.8,116.85,105.0
2026-09-15 12:03:00,117.0,118.8,117.0,118.25,242.0
2026-09-15 12:04:00,117.95,118.25,115.55,117.5,180.0
2026-09-15 12:05:00,117.55,119.8,117.55,118.2,140.0
2026-09-15 12:06:00,117.95,117.95,115.0,115.2,204.0
2026-09-15 12:07:00,115.65,116.7,115.35,115.6,44.0
2026-09-15 12:08:00,116.05,118.0,115.85,117.4,69.0
2026-09-15 12:09:00,117.0,117.25,115.8,116.5,116.0
2026-09-15 12:10:00,115.55,117.3,115.5,116.6,99.0
2026-09-15 12:11:00,116.1,117.45,115.85,116.0,93.0
2026-09-15 12:12:00,115.95,116.15,113.0,114.4,244.0
2026-09-15 12:13:00,114.0,114.25,113.25,114.0,138.0
2026-09-15 12:14:00,114.5,115.45,114.4,115.15,27.0
2026-09-15 12:15:00,114.85,115.2,113.9,114.5,76.0
2026-09-15 12:16:00,114.7,116.1,114.5,115.95,58.0
2026-09-15 12:17:00,115.1,116.4,114.75,116.4,98.0
2026-09-15 12:18:00,114.75,114.75,111.7,111.8,212.0
2026-09-15 12:19:00,111.8,113.25,111.25,111.9,83.0
2026-09-15 12:20:00,111.65,113.65,111.6,112.65,101.0
2026-09-15 12:21:00,112.6,115.0,112.5,114.95,73.0
2026-09-15 12:22:00,114.4,114.4,112.7,112.7,31.0
2026-09-15 12:23:00,112.75,114.35,111.55,114.35,78.0
2026-09-15 12:24:00,114.0,114.5,113.25,113.4,69.0
2026-09-15 12:25:00,113.8,114.2,112.5,113.1,50.0
2026-09-15 12:26:00,112.9,113.1,112.0,113.1,48.0
2026-09-15 12:27:00,112.55,113.3,112.55,113.3,84.0
2026-09-15 12:28:00,113.3,115.2,113.1,114.8,66.0
2026-09-15 12:29:00,114.3,115.05,113.8,115.05,23.0
2026-09-15 12:30:00,114.6,114.6,111.25,112.5,113.0
2026-09-15 12:31:00,112.45,112.45,104.4,106.5,1152.0
2026-09-15 12:32:00,106.2,107.7,105.5,107.3,229.0
2026-09-15 12:33:00,107.0,107.15,105.35,106.55,186.0
2026-09-15 12:34:00,106.25,108.3,105.7,106.1,354.0
2026-09-15 12:35:00,106.0,112.7,105.0,111.3,367.0
2026-09-15 12:36:00,111.45,112.6,110.35,111.15,249.0
2026-09-15 12:37:00,111.1,111.3,108.25,108.3,74.0
2026-09-15 12:38:00,108.1,108.4,107.05,108.0,80.0
2026-09-15 12:39:00,107.2,107.95,106.8,107.65,70.0
2026-09-15 12:40:00,108.0,108.5,107.1,107.85,158.0
2026-09-15 12:41:00,107.6,108.8,107.25,107.25,60.0
2026-09-15 12:42:00,107.7,108.75,107.25,107.25,90.0
2026-09-15 12:43:00,107.3,108.25,106.7,107.1,160.0
2026-09-15 12:44:00,107.0,107.3,102.0,104.4,246.0
2026-09-15 12:45:00,103.95,105.4,103.0,104.9,468.0
2026-09-15 12:46:00,104.7,106.75,104.5,105.7,71.0
2026-09-15 12:47:00,105.5,106.15,104.35,105.75,166.0
2026-09-15 12:48:00,106.0,107.8,105.85,107.7,138.0
2026-09-15 12:49:00,107.85,108.95,107.25,108.6,101.0
2026-09-15 12:50:00,108.3,112.0,108.3,110.45,244.0
2026-09-15 12:51:00,110.65,110.95,109.05,109.75,180.0
2026-09-15 12:52:00,109.25,109.95,107.25,107.65,109.0
2026-09-15 12:53:00,107.65,109.55,106.8,109.35,69.0
2026-09-15 12:54:00,109.1,109.3,108.3,109.0,57.0
2026-09-15 12:55:00,109.15,109.5,107.9,108.05,122.0
2026-09-15 12:56:00,107.1,107.9,106.0,106.1,216.0
2026-09-15 12:57:00,106.25,106.95,105.1,105.4,113.0
2026-09-15 12:58:00,105.35,105.7,98.95,100.7,741.0
2026-09-15 12:59:00,100.65,102.7,100.65,102.05,332.0
2026-09-15 13:00:00,102.35,104.0,101.6,102.65,234.0
2026-09-15 13:01:00,102.65,102.9,99.7,100.3,280.0
2026-09-15 13:02:00,100.0,101.7,99.85,100.0,458.0
2026-09-15 13:03:00,99.7,100.0,97.25,98.95,540.0
2026-09-15 13:04:00,99.25,101.5,98.95,100.95,246.0
2026-09-15 13:05:00,101.15,102.9,100.75,102.7,309.0
2026-09-15 13:06:00,102.95,102.95,99.8,100.45,288.0
2026-09-15 13:07:00,100.45,101.85,100.0,100.0,144.0
2026-09-15 13:08:00,100.4,101.45,100.1,100.55,124.0
2026-09-15 13:09:00,100.55,101.2,99.65,100.2,240.0
2026-09-15 13:10:00,99.95,100.9,98.8,100.0,138.0
2026-09-15 13:11:00,99.15,99.4,93.6,95.05,1480.0
2026-09-15 13:12:00,95.3,96.4,93.75,96.0,308.0
2026-09-15 13:13:00,95.9,97.65,95.85,97.15,135.0
2026-09-15 13:14:00,97.25,97.6,95.85,96.25,338.0
2026-09-15 13:15:00,96.3,96.55,92.8,92.95,500.0
2026-09-15 13:16:00,92.6,93.25,89.9,90.95,657.0
2026-09-15 13:17:00,90.4,91.65,88.9,91.3,985.0
2026-09-15 13:18:00,91.3,93.2,91.05,93.2,297.0
2026-09-15 13:19:00,92.95,94.0,92.7,92.7,327.0
2026-09-15 13:20:00,92.95,93.55,92.6,93.0,184.0
2026-09-15 13:21:00,93.05,93.85,91.4,91.45,291.0
2026-09-15 13:22:00,91.7,92.5,90.5,90.65,254.0
2026-09-15 13:23:00,90.6,91.0,90.0,90.85,231.0
2026-09-15 13:24:00,91.0,92.5,90.8,91.95,222.0
2026-09-15 13:25:00,91.9,92.4,91.2,91.9,241.0
2026-09-15 13:26:00,91.85,94.0,91.55,94.0,156.0
2026-09-15 13:27:00,94.05,95.0,93.1,93.75,166.0
2026-09-15 13:28:00,93.85,94.6,93.3,94.55,113.0
2026-09-15 13:29:00,94.0,94.35,91.75,92.2,210.0
2026-09-15 13:30:00,91.75,92.3,88.65,88.8,455.0
2026-09-15 13:31:00,88.55,89.2,84.75,86.95,854.0
2026-09-15 13:32:00,86.3,88.75,86.25,87.65,360.0
2026-09-15 13:33:00,87.35,88.45,86.65,87.8,335.0
2026-09-15 13:34:00,88.0,88.55,87.4,88.55,350.0
2026-09-15 13:35:00,88.7,89.45,88.0,89.45,300.0
2026-09-15 13:36:00,89.65,91.05,89.35,90.45,424.0
2026-09-15 13:37:00,90.6,90.9,89.3,89.55,126.0
2026-09-15 13:38:00,89.4,89.7,88.0,88.5,184.0
2026-09-15 13:39:00,89.0,89.0,88.15,88.3,190.0
2026-09-15 13:40:00,88.0,88.05,86.65,86.75,186.0
2026-09-15 13:41:00,86.7,87.2,83.35,86.75,513.0
2026-09-15 13:42:00,86.75,86.75,85.35,85.7,226.0
2026-09-15 13:43:00,85.75,87.8,85.75,87.25,265.0
2026-09-15 13:44:00,87.3,88.0,87.3,87.4,149.0
2026-09-15 13:45:00,87.6,90.3,87.6,90.3,263.0
2026-09-15 13:46:00,90.0,90.4,88.45,90.0,305.0
2026-09-15 13:47:00,90.0,90.0,88.0,88.6,199.0
2026-09-15 13:48:00,89.0,89.0,88.2,88.4,381.0
2026-09-15 13:49:00,88.7,90.25,88.5,90.25,286.0
2026-09-15 13:50:00,90.15,92.75,89.8,91.45,306.0
2026-09-15 13:51:00,91.35,92.15,90.05,91.55,304.0
2026-09-15 13:52:00,91.5,92.0,91.0,91.7,181.0
2026-09-15 13:53:00,91.8,92.0,90.4,90.8,92.0
2026-09-15 13:54:00,90.6,91.4,90.3,91.15,95.0
2026-09-15 13:55:00,90.8,91.55,90.5,90.75,179.0
2026-09-15 13:56:00,90.6,92.2,89.3,91.35,296.0
2026-09-15 13:57:00,91.5,92.55,90.75,90.75,226.0
2026-09-15 13:58:00,91.15,93.0,91.05,91.95,273.0
2026-09-15 13:59:00,91.95,93.1,91.35,92.0,195.0
2026-09-15 14:00:00,92.0,92.65,90.95,92.65,184.0
2026-09-15 14:01:00,92.75,92.75,90.2,90.85,166.0
2026-09-15 14:02:00,91.0,91.35,90.2,90.45,137.0
2026-09-15 14:03:00,90.6,91.15,90.0,90.8,147.0
2026-09-15 14:04:00,90.55,91.15,89.3,89.5,101.0
2026-09-15 14:05:00,89.1,89.6,87.0,88.3,319.0
2026-09-15 14:06:00,88.45,89.95,88.25,88.9,132.0
2026-09-15 14:07:00,89.15,89.4,88.25,88.35,147.0
2026-09-15 14:08:00,88.05,88.05,86.2,86.7,316.0
2026-09-15 14:09:00,86.9,86.9,84.95,85.0,239.0
2026-09-15 14:10:00,85.15,85.5,80.85,81.6,458.0
2026-09-15 14:11:00,81.25,82.75,77.75,78.35,2608.0
2026-09-15 14:12:00,78.15,80.0,77.05,79.7,770.0
2026-09-15 14:13:00,79.45,80.0,78.7,79.95,878.0
2026-09-15 14:14:00,80.0,80.0,76.5,76.75,625.0
2026-09-15 14:15:00,76.55,76.55,70.7,71.9,1210.0
2026-09-15 14:16:00,71.25,73.65,71.0,73.25,960.0
2026-09-15 14:17:00,73.1,74.25,72.1,73.65,556.0
2026-09-15 14:18:00,73.45,74.2,71.5,72.2,682.0
2026-09-15 14:19:00,71.85,72.1,69.15,71.75,1142.0
2026-09-15 14:20:00,71.7,73.35,71.05,72.75,895.0
2026-09-15 14:21:00,72.75,74.3,72.45,73.5,597.0
2026-09-15 14:22:00,73.7,74.7,73.35,74.2,908.0
2026-09-15 14:23:00,74.15,74.4,73.75,73.85,441.0
2026-09-15 14:24:00,73.85,73.85,70.9,71.0,1975.0
2026-09-15 14:25:00,71.1,71.75,70.4,70.65,1729.0
2026-09-15 14:26:00,70.65,71.8,70.65,71.15,617.0
2026-09-15 14:27:00,71.05,72.35,70.4,71.1,1617.0
2026-09-15 14:28:00,71.1,71.7,68.25,68.45,785.0
2026-09-15 14:29:00,68.45,71.55,68.1,70.85,607.0
2026-09-15 14:30:00,70.75,71.4,69.7,69.95,418.0
2026-09-15 14:31:00,70.0,71.0,69.9,70.9,825.0
2026-09-15 14:32:00,71.0,71.25,68.85,69.0,2105.0
2026-09-15 14:33:00,69.15,70.45,68.95,69.9,801.0
2026-09-15 14:34:00,69.9,71.05,69.85,70.7,431.0
2026-09-15 14:35:00,70.7,71.3,70.0,70.9,335.0
2026-09-15 14:36:00,70.6,71.3,70.3,70.9,181.0
2026-09-15 14:37:00,70.95,71.25,70.55,70.8,102.0
2026-09-15 14:38:00,70.95,72.65,70.75,72.3,429.0
2026-09-15 14:39:00,72.95,73.75,72.15,72.2,670.0
2026-09-15 14:40:00,72.1,73.55,71.65,73.0,366.0
2026-09-15 14:41:00,72.9,74.05,72.85,73.65,211.0
2026-09-15 14:42:00,73.8,75.15,73.35,73.55,275.0
2026-09-15 14:43:00,73.35,73.6,72.0,73.0,494.0
2026-09-15 14:44:00,73.05,73.25,72.0,72.2,263.0
2026-09-15 14:45:00,72.45,72.8,71.05,71.65,403.0
2026-09-15 14:46:00,71.6,72.95,67.0,67.0,875.0
2026-09-15 14:47:00,66.9,67.7,61.3,62.0,1777.0
2026-09-15 14:48:00,61.7,61.7,56.4,58.25,1975.0
2026-09-15 14:49:00,58.25,59.85,58.0,59.4,964.0
2026-09-15 14:50:00,59.25,65.4,59.15,64.6,931.0
2026-09-15 14:51:00,64.75,66.45,64.6,65.9,1271.0
2026-09-15 14:52:00,65.95,66.7,65.1,66.4,1398.0
2026-09-15 14:53:00,66.4,66.6,64.4,65.0,709.0
2026-09-15 14:54:00,65.3,65.35,62.1,62.95,1043.0
2026-09-15 14:55:00,63.0,64.95,63.0,63.8,396.0
2026-09-15 14:56:00,63.85,64.85,63.85,64.4,244.0
2026-09-15 14:57:00,64.65,64.9,64.3,64.3,219.0
2026-09-15 14:58:00,64.3,64.5,63.5,63.8,831.0
2026-09-15 14:59:00,63.6,64.05,62.2,63.85,429.0
2026-09-15 15:00:00,63.9,65.0,63.3,65.0,267.0
2026-09-15 15:01:00,65.45,68.25,64.2,68.1,728.0
2026-09-15 15:02:00,68.25,69.7,67.85,67.85,472.0
2026-09-15 15:03:00,68.2,69.85,67.15,69.85,602.0
2026-09-15 15:04:00,69.8,72.3,69.65,72.15,1310.0
2026-09-15 15:05:00,72.05,72.3,69.35,69.5,844.0
2026-09-15 15:06:00,69.55,71.15,68.35,70.7,750.0
2026-09-15 15:07:00,70.9,72.4,70.3,70.45,378.0
2026-09-15 15:08:00,70.6,70.9,69.45,70.05,314.0
2026-09-15 15:09:00,70.4,71.55,69.15,70.7,514.0
2026-09-15 15:10:00,70.7,71.15,69.3,69.35,368.0
2026-09-15 15:11:00,69.3,71.6,69.3,71.35,356.0
2026-09-15 15:12:00,71.1,72.35,70.25,70.85,788.0
2026-09-15 15:13:00,70.45,71.35,70.4,70.7,323.0
2026-09-15 15:14:00,70.6,71.2,69.75,70.85,3188.0
2026-09-15 15:15:00,70.65,70.85,66.0,66.9,1423.0
2026-09-15 15:16:00,66.5,68.65,65.25,67.05,797.0
2026-09-15 15:17:00,67.05,68.5,66.15,68.0,306.0
2026-09-15 15:18:00,67.7,69.05,67.5,68.8,414.0
2026-09-15 15:19:00,68.75,72.15,68.7,71.65,905.0
2026-09-15 15:20:00,71.3,72.2,65.55,65.9,1661.0
2026-09-15 15:21:00,65.75,68.2,65.35,65.85,1590.0
2026-09-15 15:22:00,66.0,66.0,63.35,64.9,1795.0
2026-09-15 15:23:00,65.1,65.25,63.55,65.0,834.0
2026-09-15 15:24:00,65.1,66.8,65.1,66.0,560.0
2026-09-15 15:25:00,65.95,67.0,64.8,65.75,818.0
2026-09-15 15:26:00,65.75,67.45,65.35,67.1,831.0
2026-09-15 15:27:00,67.25,68.85,66.8,67.9,569.0
2026-09-15 15:28:00,67.65,69.3,67.4,68.75,365.0
2026-09-15 15:29:00,68.55,69.0,66.75,68.0,951.0
2026-09-16 09:15:00,75.0,77.75,66.4,73.35,9585.0
2026-09-16 09:16:00,73.85,89.65,72.25,88.65,9400.0
2026-09-16 09:17:00,88.5,92.75,87.3,91.5,9466.0
2026-09-16 09:18:00,91.45,92.6,81.7,83.05,7880.0
2026-09-16 09:19:00,83.05,87.05,81.4,85.1,3782.0
2026-09-16 09:20:00,85.1,85.65,80.6,84.35,3842.0
2026-09-16 09:21:00,84.55,84.75,80.8,82.4,3548.0
2026-09-16 09:22:00,82.3,85.7,79.2,84.0,4021.0
2026-09-16 09:23:00,83.95,85.0,81.7,82.45,2118.0
2026-09-16 09:24:00,82.3,82.4,77.2,79.6,4472.0
2026-09-16 09:25:00,79.65,80.2,75.95,77.2,5775.0
2026-09-16 09:26:00,77.05,80.0,75.25,78.05,3494.0
2026-09-16 09:27:00,78.05,79.0,73.25,75.85,4028.0
2026-09-16 09:28:00,75.85,76.05,69.9,69.95,5018.0
2026-09-16 09:29:00,69.9,73.45,69.55,71.4,2980.0
2026-09-16 09:30:00,71.5,73.0,68.4,69.95,4311.0
2026-09-16 09:31:00,70.0,74.8,69.45,71.9,3093.0
2026-09-16 09:32:00,72.0,73.3,68.9,69.05,3162.0
2026-09-16 09:33:00,69.05,73.75,68.55,73.45,2374.0
2026-09-16 09:34:00,73.55,76.95,73.1,75.3,3902.0
2026-09-16 09:35:00,74.95,75.05,68.4,68.4,3695.0
2026-09-16 09:36:00,68.55,71.35,68.2,71.1,2098.0
2026-09-16 09:37:00,71.2,71.85,65.1,66.4,3043.0
2026-09-16 09:38:00,66.3,67.1,62.6,63.85,3950.0
2026-09-16 09:39:00,63.7,66.05,62.55,63.15,3455.0
2026-09-16 09:40:00,63.0,64.7,62.25,63.25,2858.0
2026-09-16 09:41:00,63.2,63.8,60.5,61.6,2419.0
2026-09-16 09:42:00,61.7,61.95,59.25,60.6,2399.0
2026-09-16 09:43:00,60.5,61.15,59.4,60.2,2236.0
2026-09-16 09:44:00,60.15,62.9,58.25,58.4,2041.0
2026-09-16 09:45:00,58.35,61.45,57.9,61.0,3276.0
2026-09-16 09:46:00,60.9,62.55,59.7,61.85,2501.0
2026-09-16 09:47:00,61.7,63.2,58.6,59.55,2120.0
2026-09-16 09:48:00,59.55,62.2,59.55,61.1,1082.0
2026-09-16 09:49:00,60.95,64.75,60.95,64.25,2214.0
2026-09-16 09:50:00,64.1,69.15,63.85,66.7,5217.0
2026-09-16 09:51:00,66.9,68.35,64.9,67.8,2327.0
2026-09-16 09:52:00,67.95,75.0,67.9,72.65,5646.0
2026-09-16 09:53:00,72.4,74.2,69.25,73.75,3733.0
2026-09-16 09:54:00,73.75,79.9,73.3,79.6,6024.0
2026-09-16 09:55:00,79.6,85.8,79.25,85.5,10921.0
2026-09-16 09:56:00,85.8,88.25,81.2,83.05,8879.0
2026-09-16 09:57:00,83.3,86.25,81.5,83.05,4208.0
2026-09-16 09:58:00,83.0,83.15,76.6,78.15,4711.0
2026-09-16 09:59:00,78.0,84.85,78.0,84.5,3624.0
2026-09-16 10:00:00,84.7,84.85,78.7,82.55,3070.0
2026-09-16 10:01:00,82.4,83.7,77.15,78.25,2849.0
2026-09-16 10:02:00,78.75,79.5,74.55,76.5,3124.0
2026-09-16 10:03:00,76.55,79.3,76.15,76.5,2107.0
2026-09-16 10:04:00,76.6,76.6,72.05,72.1,3106.0
2026-09-16 10:05:00,72.25,72.4,68.35,69.1,3839.0
2026-09-16 10:06:00,69.15,71.4,67.7,71.25,2241.0
2026-09-16 10:07:00,71.35,74.8,68.85,74.75,2058.0
2026-09-16 10:08:00,74.75,75.4,69.75,70.65,3128.0
2026-09-16 10:09:00,70.95,72.6,69.5,70.7,1529.0
2026-09-16 10:10:00,70.7,71.5,68.85,69.4,1359.0
2026-09-16 10:11:00,69.4,72.55,67.35,71.7,2601.0
2026-09-16 10:12:00,71.8,75.75,70.7,73.9,2287.0
2026-09-16 10:13:00,73.7,73.8,67.55,67.85,3582.0
2026-09-16 10:14:00,67.85,69.0,65.7,66.8,2187.0
2026-09-16 10:15:00,67.0,70.25,65.0,69.75,2740.0
2026-09-16 10:16:00,69.5,72.3,69.15,70.85,2363.0
2026-09-16 10:17:00,71.0,78.0,71.0,75.7,3547.0
2026-09-16 10:18:00,75.5,77.2,73.5,74.35,2967.0
2026-09-16 10:19:00,74.2,75.6,70.4,71.2,2165.0
2026-09-16 10:20:00,71.15,74.0,71.05,71.65,1678.0
2026-09-16 10:21:00,71.75,72.55,69.0,70.75,1491.0
2026-09-16 10:22:00,70.75,74.45,70.75,73.25,1471.0
2026-09-16 10:23:00,73.5,77.65,73.25,77.55,2709.0
2026-09-16 10:24:00,77.3,80.0,73.75,77.4,3474.0
2026-09-16 10:25:00,77.5,80.55,76.05,79.75,2929.0
2026-09-16 10:26:00,79.6,82.0,75.8,76.1,4128.0
2026-09-16 10:27:00,76.05,77.75,75.2,76.5,1539.0
2026-09-16 10:28:00,76.6,80.3,76.3,79.3,2265.0
2026-09-16 10:29:00,79.4,81.1,77.5,77.9,2619.0
2026-09-16 10:30:00,78.25,82.3,77.55,78.5,2763.0
2026-09-16 10:31:00,78.35,78.95,75.6,77.35,2443.0
2026-09-16 10:32:00,77.7,82.35,77.45,80.3,2919.0
2026-09-16 10:33:00,80.1,80.95,77.75,80.25,4632.0
2026-09-16 10:34:00,80.45,84.6,79.55,81.6,4761.0
2026-09-16 10:35:00,81.65,83.55,80.25,80.95,2975.0
2026-09-16 10:36:00,81.0,83.35,79.65,81.05,2946.0
2026-09-16 10:37:00,81.25,81.6,75.9,76.8,6317.0
2026-09-16 10:38:00,76.75,81.35,76.75,78.8,2982.0
2026-09-16 10:39:00,78.85,81.5,78.3,80.05,1905.0
2026-09-16 10:40:00,80.0,83.05,80.0,82.3,3556.0
2026-09-16 10:41:00,82.75,84.0,81.15,81.75,2092.0
2026-09-16 10:42:00,81.75,82.2,80.15,80.7,1505.0
2026-09-16 10:43:00,80.65,85.95,79.75,84.85,3162.0
2026-09-16 10:44:00,85.05,85.75,82.0,84.95,2400.0
2026-09-16 10:45:00,84.85,88.0,83.0,83.4,5278.0
2026-09-16 10:46:00,83.5,86.95,82.5,84.3,2289.0
2026-09-16 10:47:00,84.35,86.0,83.05,83.9,1939.0
2026-09-16 10:48:00,83.7,88.5,83.65,87.55,3487.0
2026-09-16 10:49:00,87.55,90.75,86.5,87.55,5359.0
2026-09-16 10:50:00,87.35,88.5,82.15,83.6,5982.0
2026-09-16 10:51:00,83.45,87.3,82.95,85.55,3754.0
2026-09-16 10:52:00,85.65,90.1,85.25,88.25,5067.0
2026-09-16 10:53:00,88.45,90.7,84.5,85.25,6138.0
2026-09-16 10:54:00,85.3,86.15,83.25,84.1,3153.0
2026-09-16 10:55:00,84.1,84.6,79.2,79.4,5566.0
2026-09-16 10:56:00,79.65,83.6,79.45,83.4,4362.0
2026-09-16 10:57:00,83.3,83.7,82.4,83.4,1833.0
2026-09-16 10:58:00,83.3,83.35,80.5,82.7,2537.0
2026-09-16 10:59:00,82.65,83.8,82.0,83.35,1686.0
2026-09-16 11:00:00,83.4,86.15,82.5,85.9,2585.0
2026-09-16 11:01:00,85.9,88.25,84.75,86.35,3568.0
2026-09-16 11:02:00,86.25,90.0,85.9,88.2,3538.0
2026-09-16 11:03:00,87.9,90.9,87.9,88.95,3783.0
2026-09-16 11:04:00,88.9,89.6,86.85,87.2,3577.0
2026-09-16 11:05:00,87.1,87.6,84.45,86.0,2458.0
2026-09-16 11:06:00,85.95,86.25,82.45,82.65,2044.0
2026-09-16 11:07:00,82.85,84.5,80.2,81.45,2660.0
2026-09-16 11:08:00,81.3,83.3,80.3,83.0,1480.0
2026-09-16 11:09:00,82.95,83.5,81.8,82.05,2331.0
2026-09-16 11:10:00,82.25,84.55,81.55,83.8,1581.0
2026-09-16 11:11:00,83.65,85.75,82.15,83.45,2046.0
2026-09-16 11:12:00,83.15,84.9,83.1,83.85,1110.0
2026-09-16 11:13:00,83.9,84.15,81.2,81.6,1637.0
2026-09-16 11:14:00,81.65,81.75,79.05,80.3,2526.0
2026-09-16 11:15:00,80.1,83.5,80.1,83.0,1983.0
2026-09-16 11:16:00,83.1,85.95,82.85,84.9,3032.0
2026-09-16 11:17:00,84.4,85.0,82.0,82.4,1608.0
2026-09-16 11:18:00,82.55,83.9,80.35,81.55,2050.0
2026-09-16 11:19:00,81.85,81.85,77.6,78.2,4437.0
2026-09-16 11:20:00,78.25,78.45,75.25,76.95,3866.0
2026-09-16 11:21:00,76.65,76.9,73.0,75.7,4152.0
2026-09-16 11:22:00,75.9,80.6,75.35,80.05,2352.0
2026-09-16 11:23:00,80.4,83.75,80.35,81.15,3842.0
2026-09-16 11:24:00,81.4,81.7,76.7,77.55,2490.0
2026-09-16 11:25:00,77.6,77.9,74.5,74.85,2091.0
2026-09-16 11:26:00,74.65,75.2,72.45,73.5,2526.0
2026-09-16 11:27:00,73.5,74.45,70.8,72.85,2467.0
2026-09-16 11:28:00,73.0,75.55,71.95,73.3,2243.0
2026-09-16 11:29:00,73.0,73.4,70.0,70.3,2218.0
2026-09-16 11:30:00,70.4,74.3,70.2,73.6,1700.0
2026-09-16 11:31:00,73.6,74.85,72.1,73.85,1277.0
2026-09-16 11:32:00,73.65,75.75,72.85,74.4,1396.0
2026-09-16 11:33:00,74.35,75.3,73.15,73.75,1315.0
2026-09-16 11:34:00,73.7,74.25,70.8,71.35,1263.0
2026-09-16 11:35:00,71.8,72.8,71.4,72.15,951.0
2026-09-16 11:36:00,72.3,72.45,70.3,70.8,1586.0
2026-09-16 11:37:00,71.0,73.3,69.3,73.1,2262.0
2026-09-16 11:38:00,72.9,78.35,72.9,75.2,4638.0
2026-09-16 11:39:00,75.15,76.15,73.15,74.4,1726.0
2026-09-16 11:40:00,74.5,76.35,72.5,75.55,1857.0
2026-09-16 11:41:00,75.4,75.6,72.7,73.2,1148.0
2026-09-16 11:42:00,73.25,74.8,72.4,73.25,719.0
2026-09-16 11:43:00,73.25,75.2,72.9,74.0,677.0
2026-09-16 11:44:00,73.9,74.25,72.3,73.1,944.0
2026-09-16 11:45:00,73.0,73.9,70.7,71.75,1597.0
2026-09-16 11:46:00,71.6,72.3,70.7,71.9,954.0
2026-09-16 11:47:00,71.7,71.7,70.0,70.6,1094.0
2026-09-16 11:48:00,70.5,71.85,70.0,71.4,684.0
2026-09-16 11:49:00,71.55,72.6,71.25,72.25,1023.0
2026-09-16 11:50:00,72.0,76.35,71.15,74.65,2686.0
2026-09-16 11:51:00,74.6,75.95,73.4,74.45,1295.0
2026-09-16 11:52:00,74.65,75.5,71.0,71.2,1521.0
2026-09-16 11:53:00,71.15,71.6,69.55,70.85,1853.0
2026-09-16 11:54:00,70.9,72.2,70.25,70.5,602.0
2026-09-16 11:55:00,70.3,71.45,69.75,70.2,1089.0
2026-09-16 11:56:00,70.2,70.55,66.65,67.95,3175.0
2026-09-16 11:57:00,67.65,68.5,66.45,67.3,1177.0
2026-09-16 11:58:00,67.15,68.0,65.65,66.55,1418.0
2026-09-16 11:59:00,66.5,67.5,66.05,66.8,703.0
2026-09-16 12:00:00,66.45,69.25,66.3,67.95,1317.0
2026-09-16 12:01:00,68.05,68.95,67.15,67.9,509.0
2026-09-16 12:02:00,67.8,67.8,64.35,66.45,2502.0
2026-09-16 12:03:00,66.35,66.65,63.3,64.75,2226.0
2026-09-16 12:04:00,64.65,67.15,64.5,66.8,887.0
2026-09-16 12:05:00,66.55,68.6,66.45,67.8,1383.0
2026-09-16 12:06:00,67.85,69.7,67.6,68.95,3057.0
2026-09-16 12:07:00,68.65,71.7,68.6,71.25,3346.0
2026-09-16 12:08:00,71.15,71.95,69.05,69.05,2240.0
2026-09-16 12:09:00,69.0,69.65,68.0,68.65,1158.0
2026-09-16 12:10:00,68.65,72.1,68.65,71.5,1712.0
2026-09-16 12:11:00,71.5,72.4,69.6,70.5,1935.0
2026-09-16 12:12:00,70.2,72.5,70.15,71.2,1442.0
2026-09-16 12:13:00,71.1,74.9,70.55,74.9,2238.0
2026-09-16 12:14:00,74.9,75.0,71.45,71.9,1689.0
2026-09-16 12:15:00,71.9,71.9,69.2,69.85,2420.0
2026-09-16 12:16:00,69.8,72.95,68.7,72.6,2008.0
2026-09-16 12:17:00,72.65,76.2,72.2,73.2,3821.0
2026-09-16 12:18:00,73.25,73.8,70.7,73.15,1826.0
2026-09-16 12:19:00,72.75,74.35,72.35,72.85,1340.0
2026-09-16 12:20:00,72.75,73.35,70.15,70.75,1382.0
2026-09-16 12:21:00,70.9,72.7,70.9,72.4,830.0
2026-09-16 12:22:00,72.35,73.45,71.75,73.2,881.0
2026-09-16 12:23:00,73.2,74.55,72.85,73.85,1816.0
2026-09-16 12:24:00,73.85,73.95,72.1,73.0,805.0
2026-09-16 12:25:00,73.05,73.9,71.7,72.6,869.0
2026-09-16 12:26:00,72.7,73.05,71.4,71.65,540.0
2026-09-16 12:27:00,71.3,72.2,69.65,70.1,1718.0
2026-09-16 12:28:00,70.15,72.05,69.65,72.05,1034.0
2026-09-16 12:29:00,72.2,73.2,71.55,72.1,1576.0
2026-09-16 12:30:00,72.25,73.2,71.6,72.8,1063.0
2026-09-16 12:31:00,72.75,76.9,72.75,75.95,2677.0
2026-09-16 12:32:00,76.1,78.0,75.4,76.75,3420.0
2026-09-16 12:33:00,76.6,84.55,76.45,81.15,6042.0
2026-09-16 12:34:00,81.1,81.65,78.0,78.7,3219.0
2026-09-16 12:35:00,78.55,80.55,78.1,78.55,2353.0
2026-09-16 12:36:00,78.35,78.75,74.45,75.7,4154.0
2026-09-16 12:37:00,75.6,75.75,73.7,75.4,2008.0
2026-09-16 12:38:00,75.3,76.95,74.3,76.2,2297.0
2026-09-16 12:39:00,76.4,76.7,73.85,74.15,1039.0
2026-09-16 12:40:00,74.25,77.45,73.9,76.4,1296.0
2026-09-16 12:41:00,76.35,77.6,75.4,75.55,864.0
2026-09-16 12:42:00,75.55,76.6,75.2,76.15,794.0
2026-09-16 12:43:00,76.05,82.45,76.05,80.5,3558.0
2026-09-16 12:44:00,80.55,82.25,80.25,81.65,1842.0
2026-09-16 12:45:00,81.45,81.75,78.75,78.85,2324.0
2026-09-16 12:46:00,79.25,79.65,77.05,78.85,1400.0
2026-09-16 12:47:00,78.9,80.65,78.8,79.7,968.0
2026-09-16 12:48:00,80.1,80.95,77.25,78.5,1378.0
2026-09-16 12:49:00,78.45,79.9,77.85,77.9,1271.0
2026-09-16 12:50:00,77.75,78.5,76.5,77.65,1193.0
2026-09-16 12:51:00,77.7,77.9,76.6,76.95,803.0
2026-09-16 12:52:00,77.0,77.7,75.8,77.0,1567.0
2026-09-16 12:53:00,76.85,80.15,76.85,79.3,1320.0
2026-09-16 12:54:00,79.35,80.35,78.1,78.3,1243.0
2026-09-16 12:55:00,78.5,79.1,76.55,77.55,1393.0
2026-09-16 12:56:00,77.7,81.25,77.7,78.5,1948.0
2026-09-16 12:57:00,78.65,80.4,77.65,79.3,1895.0
2026-09-16 12:58:00,79.5,80.05,76.75,76.95,1196.0
2026-09-16 12:59:00,76.95,77.6,74.7,75.35,2122.0
2026-09-16 13:00:00,75.35,77.9,74.9,77.15,1475.0
2026-09-16 13:01:00,77.1,79.3,75.8,76.5,1340.0
2026-09-16 13:02:00,76.6,77.2,76.45,76.5,341.0
2026-09-16 13:03:00,76.3,76.7,74.75,75.55,958.0
2026-09-16 13:04:00,75.55,79.7,75.55,79.7,1247.0
2026-09-16 13:05:00,79.5,80.95,78.65,79.95,1401.0
2026-09-16 13:06:00,79.9,82.35,79.2,81.7,2400.0
2026-09-16 13:07:00,81.8,83.6,81.1,82.75,2907.0
2026-09-16 13:08:00,82.8,87.5,82.25,86.5,4687.0
2026-09-16 13:09:00,86.65,94.65,84.3,86.85,10243.0
2026-09-16 13:10:00,86.6,88.0,85.1,85.1,3423.0
2026-09-16 13:11:00,85.25,87.85,82.55,82.7,4902.0
2026-09-16 13:12:00,82.6,83.7,81.15,81.75,3692.0
2026-09-16 13:13:00,82.0,83.0,80.4,81.25,4118.0
2026-09-16 13:14:00,81.1,81.85,79.25,79.6,1827.0
2026-09-16 13:15:00,79.4,80.1,78.35,80.1,2036.0
2026-09-16 13:16:00,80.4,82.65,79.3,79.4,2529.0
2026-09-16 13:17:00,79.45,82.75,79.0,82.7,1629.0
2026-09-16 13:18:00,82.7,84.85,82.5,84.0,2149.0
2026-09-16 13:19:00,84.15,86.8,84.1,84.45,3126.0
2026-09-16 13:20:00,84.55,84.75,81.5,82.6,1914.0
2026-09-16 13:21:00,82.85,83.5,80.5,81.3,1429.0
2026-09-16 13:22:00,81.35,81.8,79.8,81.2,1155.0
2026-09-16 13:23:00,81.35,81.55,76.8,77.05,2413.0
2026-09-16 13:24:00,77.0,77.85,74.8,75.5,3095.0
2026-09-16 13:25:00,75.65,76.85,74.3,75.65,2227.0
2026-09-16 13:26:00,75.6,76.65,73.4,74.05,2036.0
2026-09-16 13:27:00,73.95,74.85,72.5,73.0,3561.0
2026-09-16 13:28:00,73.2,73.75,68.25,68.8,4236.0
2026-09-16 13:29:00,68.6,70.9,66.5,66.85,2710.0
2026-09-16 13:30:00,66.8,70.2,66.8,69.6,2550.0
2026-09-16 13:31:00,69.55,71.75,69.1,71.2,2821.0
2026-09-16 13:32:00,71.25,71.5,69.5,69.75,2486.0
2026-09-16 13:33:00,69.7,70.3,68.75,69.0,1335.0
2026-09-16 13:34:00,69.05,70.55,68.15,70.3,2704.0
2026-09-16 13:35:00,70.15,72.0,70.0,71.3,1584.0
2026-09-16 13:36:00,71.3,71.5,68.75,69.7,1402.0
2026-09-16 13:37:00,69.7,70.1,68.1,68.95,957.0
2026-09-16 13:38:00,69.0,69.35,65.2,68.5,4287.0
2026-09-16 13:39:00,68.65,68.9,66.1,66.95,1862.0
2026-09-16 13:40:00,66.85,67.0,64.2,65.55,2904.0
2026-09-16 13:41:00,65.8,67.6,65.65,67.1,1083.0
2026-09-16 13:42:00,67.15,67.5,65.5,65.9,938.0
2026-09-16 13:43:00,65.7,66.55,64.75,65.55,1235.0
2026-09-16 13:44:00,65.4,65.4,63.25,64.25,1499.0
2026-09-16 13:45:00,64.25,67.4,64.0,65.55,2077.0
2026-09-16 13:46:00,65.6,65.8,63.95,65.35,993.0
2026-09-16 13:47:00,65.3,66.5,65.15,66.35,799.0
2026-09-16 13:48:00,66.35,66.5,64.65,64.65,1377.0
2026-09-16 13:49:00,64.65,67.2,64.2,65.25,1756.0
2026-09-16 13:50:00,65.25,66.2,64.5,65.2,806.0
2026-09-16 13:51:00,65.25,67.35,64.35,66.05,1323.0
2026-09-16 13:52:00,66.2,67.0,65.3,66.3,1127.0
2026-09-16 13:53:00,66.4,67.3,65.85,66.3,1337.0
2026-09-16 13:54:00,66.2,67.05,65.85,66.05,904.0
2026-09-16 13:55:00,65.95,66.4,65.45,66.2,699.0
2026-09-16 13:56:00,65.9,66.75,65.5,66.75,570.0
2026-09-16 13:57:00,66.8,67.0,66.1,66.75,596.0
2026-09-16 13:58:00,66.9,67.3,65.25,65.6,1157.0
2026-09-16 13:59:00,65.5,67.3,65.35,66.95,770.0
2026-09-16 14:00:00,66.8,69.55,66.1,69.15,3363.0
2026-09-16 14:01:00,68.9,71.85,68.4,70.8,3540.0
2026-09-16 14:02:00,70.9,72.0,69.6,70.95,2397.0
2026-09-16 14:03:00,70.95,72.9,70.0,70.5,2760.0
2026-09-16 14:04:00,70.55,71.75,70.25,71.1,880.0
2026-09-16 14:05:00,71.05,72.2,69.85,70.6,1897.0
2026-09-16 14:06:00,70.45,70.5,69.0,69.5,1400.0
2026-09-16 14:07:00,69.6,69.6,67.3,67.5,2326.0
2026-09-16 14:08:00,67.6,68.25,65.5,66.2,2230.0
2026-09-16 14:09:00,66.45,67.15,66.0,66.65,697.0
2026-09-16 14:10:00,66.5,67.6,65.45,67.5,1364.0
2026-09-16 14:11:00,67.4,68.35,67.05,67.9,861.0
2026-09-16 14:12:00,68.05,69.15,67.3,69.15,815.0
2026-09-16 14:13:00,69.2,71.05,69.05,69.9,3576.0
2026-09-16 14:14:00,70.0,71.9,69.5,71.6,1652.0
2026-09-16 14:15:00,71.6,72.35,70.1,71.65,2013.0
2026-09-16 14:16:00,71.8,73.15,70.8,72.3,1663.0
2026-09-16 14:17:00,72.3,74.0,72.05,72.6,2507.0
2026-09-16 14:18:00,72.65,73.95,71.85,71.9,1658.0
2026-09-16 14:19:00,72.0,72.4,67.4,67.65,3427.0
2026-09-16 14:20:00,67.6,69.2,67.25,67.7,1492.0
2026-09-16 14:21:00,67.8,69.55,67.35,68.75,1081.0
2026-09-16 14:22:00,68.95,71.4,68.4,70.65,1804.0
2026-09-16 14:23:00,70.95,72.0,70.3,70.4,1227.0
2026-09-16 14:24:00,70.75,70.95,69.3,69.7,1134.0
2026-09-16 14:25:00,69.7,70.0,68.95,69.55,1589.0
2026-09-16 14:26:00,69.55,70.4,68.25,68.4,847.0
2026-09-16 14:27:00,68.35,69.2,67.5,68.6,1130.0
2026-09-16 14:28:00,68.5,69.15,66.3,68.5,2135.0
2026-09-16 14:29:00,68.25,71.1,68.0,69.55,2276.0
2026-09-16 14:30:00,69.4,70.0,67.6,67.6,1181.0
2026-09-16 14:31:00,67.55,68.75,66.85,68.0,1520.0
2026-09-16 14:32:00,68.05,69.0,67.25,68.65,695.0
2026-09-16 14:33:00,68.75,69.65,67.25,68.0,743.0
2026-09-16 14:34:00,67.8,68.8,67.05,68.7,858.0
2026-09-16 14:35:00,68.45,70.35,67.7,69.4,1059.0
2026-09-16 14:36:00,69.45,71.0,68.2,68.3,1265.0
2026-09-16 14:37:00,68.3,68.65,67.0,67.85,1530.0
2026-09-16 14:38:00,67.95,68.05,65.85,67.0,1807.0
2026-09-16 14:39:00,67.15,68.2,66.9,67.75,793.0
2026-09-16 14:40:00,67.8,68.7,67.4,68.55,467.0
2026-09-16 14:41:00,68.7,69.35,67.3,68.4,755.0
2026-09-16 14:42:00,68.45,68.75,66.2,66.55,1484.0
2026-09-16 14:43:00,66.75,67.2,66.0,66.9,793.0
2026-09-16 14:44:00,66.95,68.75,66.95,68.0,1760.0
2026-09-16 14:45:00,68.05,68.75,66.8,68.0,999.0
2026-09-16 14:46:00,68.15,69.75,68.0,68.3,1234.0
2026-09-16 14:47:00,68.35,69.35,67.75,69.1,882.0
2026-09-16 14:48:00,69.3,70.35,66.8,67.4,2685.0
2026-09-16 14:49:00,67.25,69.35,66.8,68.95,1123.0
2026-09-16 14:50:00,68.85,70.45,68.0,69.85,1498.0
2026-09-16 14:51:00,70.0,71.0,68.35,68.4,1505.0
2026-09-16 14:52:00,68.6,69.15,67.25,68.25,982.0
2026-09-16 14:53:00,68.35,69.15,68.05,68.1,496.0
2026-09-16 14:54:00,68.3,68.65,66.6,67.85,747.0
2026-09-16 14:55:00,67.75,69.3,67.15,69.0,1274.0
2026-09-16 14:56:00,69.0,72.5,69.0,70.9,2830.0
2026-09-16 14:57:00,70.9,74.0,70.7,71.55,2359.0
2026-09-16 14:58:00,71.75,71.85,67.35,68.25,2709.0
2026-09-16 14:59:00,68.3,69.45,65.8,66.95,2462.0
2026-09-16 15:00:00,66.85,66.85,61.2,63.9,6878.0
2026-09-16 15:01:00,63.95,66.35,63.85,65.6,2515.0
2026-09-16 15:02:00,65.6,67.6,65.55,66.0,2300.0
2026-09-16 15:03:00,65.9,66.45,64.85,65.15,997.0
2026-09-16 15:04:00,65.25,66.7,64.1,65.1,1145.0
2026-09-16 15:05:00,65.1,65.7,63.25,63.6,1608.0
2026-09-16 15:06:00,63.35,64.1,61.65,63.85,2218.0
2026-09-16 15:07:00,63.8,65.5,63.45,64.85,2047.0
2026-09-16 15:08:00,64.85,65.0,63.9,64.55,945.0
2026-09-16 15:09:00,64.35,65.45,64.0,64.9,785.0
2026-09-16 15:10:00,64.9,67.25,64.6,66.45,2288.0
2026-09-16 15:11:00,66.55,66.55,65.0,65.35,802.0
2026-09-16 15:12:00,65.4,66.0,63.9,64.55,1136.0
2026-09-16 15:13:00,64.4,65.5,64.05,64.95,649.0
2026-09-16 15:14:00,64.95,65.45,64.05,64.6,903.0
2026-09-16 15:15:00,64.5,67.45,63.7,65.15,2845.0
2026-09-16 15:16:00,65.2,66.65,64.65,65.8,1104.0
2026-09-16 15:17:00,65.55,66.15,64.4,65.45,870.0
2026-09-16 15:18:00,65.35,66.0,64.25,64.5,871.0
2026-09-16 15:19:00,64.5,65.45,64.45,64.65,696.0
2026-09-16 15:20:00,64.55,67.05,63.6,65.2,5021.0
2026-09-16 15:21:00,65.15,66.15,64.6,65.5,1864.0
2026-09-16 15:22:00,65.6,66.3,64.3,65.2,4586.0
2026-09-16 15:23:00,65.2,65.65,64.55,64.75,1011.0
2026-09-16 15:24:00,64.95,65.5,64.2,64.85,926.0
2026-09-16 15:25:00,64.9,65.3,62.35,62.35,2031.0
2026-09-16 15:26:00,62.6,63.15,61.6,62.1,1929.0
2026-09-16 15:27:00,62.05,63.8,61.75,62.7,1180.0
2026-09-16 15:28:00,62.6,62.9,59.05,59.25,2560.0
2026-09-16 15:29:00,59.3,62.75,59.1,62.75,2150.0
2026-09-17 09:15:00,62.4,67.9,44.1,50.05,12780.0
2026-09-17 09:16:00,49.8,56.15,45.5,53.3,11866.0
2026-09-17 09:17:00,53.55,61.0,52.0,60.45,8595.0
2026-09-17 09:18:00,60.5,65.3,59.5,62.2,8243.0
2026-09-17 09:19:00,62.1,65.45,61.2,61.55,4464.0
2026-09-17 09:20:00,61.6,65.6,58.5,61.1,6519.0
2026-09-17 09:21:00,61.15,63.65,57.65,60.35,5200.0
2026-09-17 09:22:00,60.15,60.45,55.3,55.4,4003.0
2026-09-17 09:23:00,55.55,56.9,54.1,54.65,2576.0
2026-09-17 09:24:00,54.45,55.3,51.0,51.2,3046.0
2026-09-17 09:25:00,51.0,53.75,49.4,51.4,3471.0
2026-09-17 09:26:00,51.35,53.5,50.6,52.25,2492.0
2026-09-17 09:27:00,52.5,56.65,50.65,56.15,3357.0
2026-09-17 09:28:00,56.2,58.5,55.35,56.9,3197.0
2026-09-17 09:29:00,56.95,57.85,53.15,55.8,2454.0
2026-09-17 09:30:00,55.85,58.7,54.2,57.7,3345.0
2026-09-17 09:31:00,57.5,61.3,56.65,60.5,3724.0
2026-09-17 09:32:00,60.4,64.8,59.35,63.3,5092.0
2026-09-17 09:33:00,63.4,66.85,60.25,60.3,7411.0
2026-09-17 09:34:00,60.4,64.5,59.55,62.95,7230.0
2026-09-17 09:35:00,63.05,69.3,62.9,66.95,8891.0
2026-09-17 09:36:00,66.9,68.8,64.7,65.05,5577.0
2026-09-17 09:37:00,65.05,68.7,64.0,65.35,5241.0
2026-09-17 09:38:00,65.6,66.75,62.0,62.0,3642.0
2026-09-17 09:39:00,62.0,62.3,59.7,60.5,4332.0
2026-09-17 09:40:00,60.25,60.95,57.6,59.9,2892.0
2026-09-17 09:41:00,59.7,60.0,55.65,55.8,2556.0
2026-09-17 09:42:00,55.6,55.7,49.65,50.3,4700.0
2026-09-17 09:43:00,50.1,53.5,48.5,52.8,4815.0
2026-09-17 09:44:00,52.7,54.6,50.5,53.95,2717.0
2026-09-17 09:45:00,53.9,55.6,51.6,52.1,3554.0
2026-09-17 09:46:00,52.1,53.3,51.1,53.0,1432.0
2026-09-17 09:47:00,52.85,55.4,52.5,54.55,2765.0
2026-09-17 09:48:00,54.55,56.75,53.4,55.75,2789.0
2026-09-17 09:49:00,56.0,57.9,55.65,55.9,2792.0
2026-09-17 09:50:00,55.65,57.35,54.65,56.75,2187.0
2026-09-17 09:51:00,56.75,58.0,56.35,57.3,1980.0
2026-09-17 09:52:00,56.95,60.55,56.5,58.85,3480.0
2026-09-17 09:53:00,58.85,59.95,58.05,59.05,2451.0
2026-09-17 09:54:00,59.0,61.9,59.0,60.75,3160.0
2026-09-17 09:55:00,60.75,63.25,59.5,61.6,2990.0
2026-09-17 09:56:00,61.6,61.85,58.35,59.9,5221.0
2026-09-17 09:57:00,59.7,62.8,58.6,62.0,1538.0
2026-09-17 09:58:00,62.25,63.95,61.4,61.65,2394.0
2026-09-17 09:59:00,61.95,64.1,61.25,61.95,1381.0
2026-09-17 10:00:00,62.1,62.6,59.65,60.85,2206.0
2026-09-17 10:01:00,60.9,63.5,60.5,62.8,1546.0
2026-09-17 10:02:00,62.8,65.25,62.55,64.6,2993.0
2026-09-17 10:03:00,64.65,66.0,61.65,63.45,4063.0
2026-09-17 10:04:00,63.5,65.0,62.9,64.25,2035.0
2026-09-17 10:05:00,64.25,72.15,64.2,68.0,11408.0
2026-09-17 10:06:00,68.3,71.7,67.6,69.25,4630.0
2026-09-17 10:07:00,69.15,69.4,66.8,68.45,2782.0
2026-09-17 10:08:00,68.4,70.7,67.6,69.35,2026.0
2026-09-17 10:09:00,69.35,71.2,68.5,71.15,2696.0
2026-09-17 10:10:00,71.15,75.9,70.75,75.4,5761.0
2026-09-17 10:11:00,75.5,78.25,72.6,75.95,7068.0
2026-09-17 10:12:00,75.95,78.25,75.0,75.2,4270.0
2026-09-17 10:13:00,75.0,77.3,73.65,75.2,3743.0
2026-09-17 10:14:00,75.0,75.1,73.05,73.45,3023.0
2026-09-17 10:15:00,73.5,77.05,73.3,73.75,2869.0
2026-09-17 10:16:00,73.6,75.7,72.55,73.8,3370.0
2026-09-17 10:17:00,73.65,74.05,70.7,70.75,3198.0
2026-09-17 10:18:00,70.7,71.95,69.2,70.5,2418.0
2026-09-17 10:19:00,70.6,71.0,67.8,68.25,1623.0
2026-09-17 10:20:00,68.25,69.6,66.9,69.35,2474.0
2026-09-17 10:21:00,69.35,70.85,67.9,68.2,2683.0
2026-09-17 10:22:00,68.3,68.75,65.5,65.95,2092.0
2026-09-17 10:23:00,65.6,66.75,63.9,64.35,2424.0
2026-09-17 10:24:00,64.1,65.15,63.0,63.15,1553.0
2026-09-17 10:25:00,63.15,64.0,61.6,62.95,2003.0
2026-09-17 10:26:00,63.0,63.55,61.3,63.4,1345.0
2026-09-17 10:27:00,63.25,65.45,63.15,63.75,2173.0
2026-09-17 10:28:00,63.8,64.9,62.7,63.15,1468.0
2026-09-17 10:29:00,63.2,65.0,62.3,64.1,1157.0
2026-09-17 10:30:00,63.85,64.9,62.6,63.0,1265.0
2026-09-17 10:31:00,62.75,62.8,58.45,59.65,4333.0
2026-09-17 10:32:00,59.65,61.3,59.45,59.6,1721.0
2026-09-17 10:33:00,59.75,59.85,58.35,59.0,1513.0
2026-09-17 10:34:00,59.0,59.75,56.75,57.3,3328.0
2026-09-17 10:35:00,57.3,61.3,55.55,60.9,3253.0
2026-09-17 10:36:00,61.2,63.7,60.5,63.65,3120.0
2026-09-17 10:37:00,63.35,63.7,61.15,61.2,3082.0
2026-09-17 10:38:00,61.15,61.5,58.4,59.1,2898.0
2026-09-17 10:39:00,59.2,60.3,58.1,58.15,987.0
2026-09-17 10:40:00,58.15,59.2,57.3,57.55,1302.0
2026-09-17 10:41:00,57.45,58.55,57.0,57.35,1456.0
2026-09-17 10:42:00,57.45,57.45,53.8,55.3,3511.0
2026-09-17 10:43:00,55.3,58.2,55.05,56.0,1562.0
2026-09-17 10:44:00,56.0,56.85,54.5,54.95,1003.0
2026-09-17 10:45:00,54.75,54.85,53.0,54.05,2074.0
2026-09-17 10:46:00,54.05,55.8,53.95,55.3,1529.0
2026-09-17 10:47:00,55.4,56.85,55.3,56.35,1845.0
2026-09-17 10:48:00,56.35,56.55,54.3,54.8,904.0
2026-09-17 10:49:00,54.75,55.2,53.85,54.3,950.0
2026-09-17 10:50:00,54.45,55.85,54.1,55.85,710.0
2026-09-17 10:51:00,55.45,57.15,54.3,56.5,1327.0
2026-09-17 10:52:00,56.6,56.8,54.4,54.85,973.0
2026-09-17 10:53:00,54.85,56.3,54.5,55.0,735.0
2026-09-17 10:54:00,55.0,55.45,53.7,55.15,790.0
2026-09-17 10:55:00,55.15,56.0,54.6,55.8,950.0
2026-09-17 10:56:00,55.85,57.0,55.7,56.7,1389.0
2026-09-17 10:57:00,56.7,58.75,56.55,57.0,2926.0
2026-09-17 10:58:00,57.0,57.45,55.05,55.15,1621.0
2026-09-17 10:59:00,55.2,55.7,53.65,53.8,1175.0
2026-09-17 11:00:00,53.75,53.95,51.55,51.7,3318.0
2026-09-17 11:01:00,51.7,52.5,50.0,51.3,3302.0
2026-09-17 11:02:00,51.3,52.85,50.85,51.45,1679.0
2026-09-17 11:03:00,51.5,51.5,46.85,47.75,3954.0
2026-09-17 11:04:00,47.8,47.9,46.2,46.45,2841.0
2026-09-17 11:05:00,46.4,46.45,44.6,45.15,4475.0
2026-09-17 11:06:00,45.2,45.85,42.4,44.55,5743.0
2026-09-17 11:07:00,44.5,44.8,42.3,43.2,3149.0
2026-09-17 11:08:00,43.05,44.3,42.4,42.95,2962.0
2026-09-17 11:09:00,42.85,45.2,42.75,44.0,2353.0
2026-09-17 11:10:00,43.9,44.85,43.0,43.0,2673.0
2026-09-17 11:11:00,42.9,44.25,42.65,42.65,1810.0
2026-09-17 11:12:00,42.7,44.7,42.65,44.6,1991.0
2026-09-17 11:13:00,44.7,45.45,44.3,45.35,2595.0
2026-09-17 11:14:00,45.3,46.3,44.55,44.8,2121.0
2026-09-17 11:15:00,44.9,46.45,44.75,46.2,1567.0
2026-09-17 11:16:00,46.1,46.5,45.5,46.1,1440.0
2026-09-17 11:17:00,46.1,48.3,45.8,47.85,2411.0
2026-09-17 11:18:00,47.7,48.95,47.35,48.8,3902.0
2026-09-17 11:19:00,48.65,49.85,48.5,49.7,2411.0
2026-09-17 11:20:00,49.7,51.0,49.55,50.75,3775.0
2026-09-17 11:21:00,50.75,52.35,49.3,49.3,4966.0
2026-09-17 11:22:00,49.3,50.0,47.35,48.35,3476.0
2026-09-17 11:23:00,48.35,50.3,47.75,50.05,1919.0
2026-09-17 11:24:00,50.05,50.45,49.25,49.85,1068.0
2026-09-17 11:25:00,49.9,50.7,49.3,50.15,1468.0
2026-09-17 11:26:00,50.35,50.65,48.3,48.55,1463.0
2026-09-17 11:27:00,48.5,49.0,47.35,47.6,2043.0
2026-09-17 11:28:00,47.8,48.65,46.65,48.2,1743.0
2026-09-17 11:29:00,48.35,49.75,48.3,48.55,1124.0
2026-09-17 11:30:00,48.55,48.65,46.0,47.35,2372.0
2026-09-17 11:31:00,47.35,49.2,47.0,49.15,1478.0
2026-09-17 11:32:00,49.25,51.1,48.85,50.6,2798.0
2026-09-17 11:33:00,50.65,51.0,48.5,49.35,1929.0
2026-09-17 11:34:00,49.1,50.65,48.9,50.25,1639.0
2026-09-17 11:35:00,50.0,50.1,48.3,48.9,1270.0
2026-09-17 11:36:00,48.75,50.7,48.7,49.7,965.0
2026-09-17 11:37:00,49.75,50.25,48.65,49.75,1271.0
2026-09-17 11:38:00,49.75,50.9,49.15,49.6,1095.0
2026-09-17 11:39:00,49.6,50.5,49.15,50.5,640.0
2026-09-17 11:40:00,50.5,51.75,50.2,51.5,2783.0
2026-09-17 11:41:00,51.55,52.75,50.9,51.25,2176.0
2026-09-17 11:42:00,51.2,54.05,51.0,53.15,3652.0
2026-09-17 11:43:00,53.4,57.2,53.0,55.4,6519.0
2026-09-17 11:44:00,55.45,57.2,54.55,55.5,3400.0
2026-09-17 11:45:00,55.45,57.2,53.6,54.1,3971.0
2026-09-17 11:46:00,54.1,54.6,51.8,51.8,2560.0
2026-09-17 11:47:00,51.8,54.45,51.25,54.15,1631.0
2026-09-17 11:48:00,54.15,54.95,53.75,54.15,1420.0
2026-09-17 11:49:00,54.1,55.15,54.0,55.0,1245.0
2026-09-17 11:50:00,54.9,55.95,53.6,55.95,1645.0
2026-09-17 11:51:00,55.95,59.6,55.95,59.0,4529.0
2026-09-17 11:52:00,58.75,61.5,57.5,59.5,5109.0
2026-09-17 11:53:00,59.6,59.85,55.85,56.0,3622.0
2026-09-17 11:54:00,55.95,58.8,55.8,58.0,2092.0
2026-09-17 11:55:00,58.1,59.6,57.9,58.25,2026.0
2026-09-17 11:56:00,58.45,62.0,58.45,61.35,3804.0
2026-09-17 11:57:00,61.45,68.3,61.4,66.2,6586.0
2026-09-17 11:58:00,66.55,66.55,62.5,64.65,3977.0
2026-09-17 11:59:00,64.35,70.8,63.45,70.4,5813.0
2026-09-17 12:00:00,70.35,73.3,67.6,68.35,10222.0
2026-09-17 12:01:00,68.3,72.25,67.8,68.9,4121.0
2026-09-17 12:02:00,69.0,71.2,68.05,69.3,2324.0
2026-09-17 12:03:00,69.3,70.15,66.35,66.4,3119.0
2026-09-17 12:04:00,66.5,67.35,64.75,66.3,2833.0
2026-09-17 12:05:00,66.45,69.5,65.55,69.35,2567.0
2026-09-17 12:06:00,69.35,76.45,69.35,74.6,7183.0
2026-09-17 12:07:00,74.9,85.45,74.9,80.75,14122.0
2026-09-17 12:08:00,80.7,82.5,78.2,80.7,4774.0
2026-09-17 12:09:00,80.7,82.35,78.6,79.05,3262.0
2026-09-17 12:10:00,78.9,80.45,77.7,79.3,2495.0
2026-09-17 12:11:00,79.3,86.7,78.25,82.0,6600.0
2026-09-17 12:12:00,82.1,84.2,80.45,81.2,4833.0
2026-09-17 12:13:00,81.25,82.95,79.15,80.9,3033.0
2026-09-17 12:14:00,81.0,83.35,79.2,80.25,3252.0
2026-09-17 12:15:00,80.25,81.7,77.1,77.85,3375.0
2026-09-17 12:16:00,78.0,81.5,77.65,79.8,2013.0
2026-09-17 12:17:00,79.85,84.15,79.75,82.75,3890.0
2026-09-17 12:18:00,82.95,86.15,81.75,82.45,4967.0
2026-09-17 12:19:00,82.7,82.85,81.05,81.85,1805.0
2026-09-17 12:20:00,81.85,82.15,79.8,81.0,2227.0
2026-09-17 12:21:00,80.7,82.6,79.8,81.2,1281.0
2026-09-17 12:22:00,81.15,88.55,81.1,86.05,5424.0
2026-09-17 12:23:00,86.15,90.75,86.15,88.7,7551.0
2026-09-17 12:24:00,88.95,89.45,84.25,84.8,4464.0
2026-09-17 12:25:00,84.8,85.3,81.8,82.4,3404.0
2026-09-17 12:26:00,82.4,83.15,80.4,81.2,1928.0
2026-09-17 12:27:00,81.35,83.6,80.05,81.3,1738.0
2026-09-17 12:28:00,81.4,83.4,79.75,82.55,1964.0
2026-09-17 12:29:00,82.25,83.75,81.6,81.65,1166.0
2026-09-17 12:30:00,81.55,83.1,79.1,79.45,1836.0
2026-09-17 12:31:00,79.2,80.2,77.95,79.0,2517.0
2026-09-17 12:32:00,79.15,80.8,78.6,79.9,1514.0
2026-09-17 12:33:00,80.05,82.35,79.35,81.45,2446.0
2026-09-17 12:34:00,81.4,81.9,80.0,81.5,1124.0
2026-09-17 12:35:00,81.45,84.6,81.0,83.35,2032.0
2026-09-17 12:36:00,83.5,86.25,83.2,85.0,3340.0
2026-09-17 12:37:00,85.15,88.35,85.15,87.5,3459.0
2026-09-17 12:38:00,87.35,89.4,86.2,87.85,3742.0
2026-09-17 12:39:00,87.8,88.45,85.9,87.05,2103.0
2026-09-17 12:40:00,87.1,88.55,85.0,87.15,2188.0
2026-09-17 12:41:00,87.3,88.1,85.25,86.0,1283.0
2026-09-17 12:42:00,86.0,87.8,85.05,85.5,1434.0
2026-09-17 12:43:00,85.55,85.65,81.75,82.15,2489.0
2026-09-17 12:44:00,82.0,82.25,79.45,80.75,2936.0
2026-09-17 12:45:00,80.65,82.0,79.7,80.05,1343.0
2026-09-17 12:46:00,80.25,82.15,79.35,81.15,1592.0
2026-09-17 12:47:00,81.25,81.9,76.9,77.6,2541.0
2026-09-17 12:48:00,77.8,77.8,75.0,75.3,2843.0
2026-09-17 12:49:00,75.4,76.35,73.4,74.15,2220.0
2026-09-17 12:50:00,74.1,76.1,72.4,75.9,2630.0
2026-09-17 12:51:00,75.8,76.9,74.0,74.25,1840.0
2026-09-17 12:52:00,74.45,76.95,73.9,75.45,1103.0
2026-09-17 12:53:00,75.5,78.15,74.9,77.55,1823.0
2026-09-17 12:54:00,77.35,79.95,76.5,76.5,2375.0
2026-09-17 12:55:00,76.45,77.25,74.5,76.45,1360.0
2026-09-17 12:56:00,76.8,78.55,75.45,76.45,1381.0
2026-09-17 12:57:00,76.1,77.3,75.1,77.05,695.0
2026-09-17 12:58:00,76.9,79.0,76.4,76.7,1242.0
2026-09-17 12:59:00,76.5,77.5,76.3,76.75,1098.0
2026-09-17 13:00:00,76.95,79.15,76.1,78.85,1232.0
2026-09-17 13:01:00,79.0,79.35,74.2,74.2,2142.0
2026-09-17 13:02:00,74.65,75.55,72.15,74.6,2245.0
2026-09-17 13:03:00,74.6,75.6,73.15,73.4,1246.0
2026-09-17 13:04:00,73.6,74.5,70.5,71.35,2716.0
2026-09-17 13:05:00,71.15,72.45,70.95,71.7,1287.0
2026-09-17 13:06:00,71.6,72.4,69.6,70.8,2259.0
2026-09-17 13:07:00,70.8,70.8,68.65,69.95,1512.0
2026-09-17 13:08:00,69.75,70.85,68.75,70.8,1260.0
2026-09-17 13:09:00,70.65,72.7,69.75,71.25,1824.0
2026-09-17 13:10:00,71.3,71.6,69.75,70.6,1277.0
2026-09-17 13:11:00,70.5,71.8,69.75,71.3,931.0
2026-09-17 13:12:00,71.25,72.3,70.8,71.35,1021.0
2026-09-17 13:13:00,71.35,71.5,69.2,70.1,1215.0
2026-09-17 13:14:00,69.75,70.85,67.3,67.65,2179.0
2026-09-17 13:15:00,67.75,69.2,66.15,66.55,1976.0
2026-09-17 13:16:00,66.5,70.6,66.35,69.65,1433.0
2026-09-17 13:17:00,69.75,69.9,65.6,68.25,1907.0
2026-09-17 13:18:00,68.15,69.3,67.25,68.7,1207.0
2026-09-17 13:19:00,68.8,69.2,67.35,67.4,645.0
2026-09-17 13:20:00,67.55,68.65,66.0,67.95,760.0
2026-09-17 13:21:00,68.2,70.0,67.65,68.9,1042.0
2026-09-17 13:22:00,69.1,69.4,64.25,64.8,1928.0
2026-09-17 13:23:00,64.65,66.0,63.85,65.75,2192.0
2026-09-17 13:24:00,65.45,65.6,62.1,62.75,2173.0
2026-09-17 13:25:00,62.75,63.2,59.4,60.0,4768.0
2026-09-17 13:26:00,60.0,60.75,56.65,57.7,3706.0
2026-09-17 13:27:00,57.4,58.5,53.0,53.0,7059.0
2026-09-17 13:28:00,53.35,54.2,49.5,51.4,7002.0
2026-09-17 13:29:00,51.35,52.2,49.6,49.65,5175.0
2026-09-17 13:30:00,49.8,50.35,47.25,49.45,6098.0
2026-09-17 13:31:00,49.55,51.45,48.1,50.2,3623.0
2026-09-17 13:32:00,50.1,51.95,49.95,50.55,2053.0
2026-09-17 13:33:00,50.4,50.8,47.2,48.45,3001.0
2026-09-17 13:34:00,48.5,49.9,47.7,48.15,1901.0
2026-09-17 13:35:00,48.15,48.15,45.35,47.1,4802.0
2026-09-17 13:36:00,47.2,47.2,45.15,45.8,2543.0
2026-09-17 13:37:00,45.9,48.6,45.85,47.8,2079.0
2026-09-17 13:38:00,47.6,48.0,46.65,48.0,1541.0
2026-09-17 13:39:00,47.9,48.9,47.2,47.75,2109.0
2026-09-17 13:40:00,47.75,49.85,47.6,49.0,2389.0
2026-09-17 13:41:00,48.95,51.45,48.5,50.25,3490.0
2026-09-17 13:42:00,50.15,51.1,49.0,49.9,2495.0
2026-09-17 13:43:00,49.65,51.1,48.85,50.35,1535.0
2026-09-17 13:44:00,50.3,50.45,48.3,48.9,1860.0
2026-09-17 13:45:00,49.0,50.7,48.65,50.7,1173.0
2026-09-17 13:46:00,50.65,51.95,50.2,51.1,1967.0
2026-09-17 13:47:00,51.15,52.4,50.1,50.35,2177.0
2026-09-17 13:48:00,50.55,51.0,48.5,49.05,2076.0
2026-09-17 13:49:00,49.05,50.35,49.0,49.55,1105.0
2026-09-17 13:50:00,49.5,50.5,49.2,50.5,660.0
2026-09-17 13:51:00,50.45,51.0,49.4,50.35,700.0
2026-09-17 13:52:00,50.55,51.95,49.8,50.05,1815.0
2026-09-17 13:53:00,50.05,50.05,48.05,48.5,1508.0
2026-09-17 13:54:00,48.3,49.85,47.85,49.65,1681.0
2026-09-17 13:55:00,49.65,50.8,49.0,50.55,1405.0
2026-09-17 13:56:00,50.5,50.7,49.65,50.2,563.0
2026-09-17 13:57:00,50.15,50.9,49.45,50.6,1010.0
2026-09-17 13:58:00,50.55,51.55,50.0,50.2,1218.0
2026-09-17 13:59:00,50.35,51.15,49.15,49.4,1258.0
2026-09-17 14:00:00,49.3,50.4,48.6,49.0,1295.0
2026-09-17 14:01:00,48.85,50.35,48.85,49.7,853.0
2026-09-17 14:02:00,49.7,49.95,48.0,48.4,1618.0
2026-09-17 14:03:00,48.35,49.55,47.6,49.25,1408.0
2026-09-17 14:04:00,49.2,50.75,48.5,49.95,1405.0
2026-09-17 14:05:00,49.75,50.25,49.0,50.0,1066.0
2026-09-17 14:06:00,49.9,51.0,48.05,49.6,1261.0
2026-09-17 14:07:00,49.55,52.85,49.55,52.1,2628.0
2026-09-17 14:08:00,52.0,52.95,50.7,50.85,2647.0
2026-09-17 14:09:00,51.0,52.55,50.95,52.15,1515.0
2026-09-17 14:10:00,52.35,53.45,51.25,51.95,2478.0
2026-09-17 14:11:00,51.85,52.1,49.8,50.5,2015.0
2026-09-17 14:12:00,50.5,51.35,50.0,50.8,1218.0
2026-09-17 14:13:00,50.75,52.15,50.35,51.85,1163.0
2026-09-17 14:14:00,51.9,52.6,51.0,51.05,1016.0
2026-09-17 14:15:00,51.15,51.55,50.15,50.75,1111.0
2026-09-17 14:16:00,50.75,51.0,49.05,49.55,1925.0
2026-09-17 14:17:00,49.55,51.35,49.2,50.8,1012.0
2026-09-17 14:18:00,50.95,54.1,50.85,53.05,2380.0
2026-09-17 14:19:00,53.1,55.0,51.6,51.6,2556.0
2026-09-17 14:20:00,51.55,53.8,51.55,53.0,1435.0
2026-09-17 14:21:00,53.0,55.7,52.95,55.0,2524.0
2026-09-17 14:22:00,55.05,55.95,53.7,55.25,2794.0
2026-09-17 14:23:00,55.1,55.55,54.05,55.0,1829.0
2026-09-17 14:24:00,55.0,56.0,53.45,53.65,1963.0
2026-09-17 14:25:00,53.55,53.6,51.45,51.5,2659.0
2026-09-17 14:26:00,51.5,52.05,50.4,50.8,2355.0
2026-09-17 14:27:00,50.9,51.4,49.45,50.35,1914.0
2026-09-17 14:28:00,50.3,50.65,48.1,49.1,2406.0
2026-09-17 14:29:00,49.1,52.0,48.95,51.05,2254.0
2026-09-17 14:30:00,51.1,52.0,49.0,51.15,2672.0
2026-09-17 14:31:00,51.05,52.0,50.55,51.3,1170.0
2026-09-17 14:32:00,51.25,51.35,50.0,50.1,568.0
2026-09-17 14:33:00,50.0,50.85,48.85,50.4,997.0
2026-09-17 14:34:00,50.25,50.75,48.65,49.15,1063.0
2026-09-17 14:35:00,49.4,52.65,49.2,52.55,1365.0
2026-09-17 14:36:00,52.5,54.0,51.4,51.4,3954.0
2026-09-17 14:37:00,51.75,59.95,51.4,57.6,10711.0
2026-09-17 14:38:00,57.5,58.0,54.35,55.75,6789.0
2026-09-17 14:39:00,55.5,60.3,55.35,57.65,4696.0
2026-09-17 14:40:00,57.7,57.8,54.4,56.4,2866.0
2026-09-17 14:41:00,56.35,56.8,54.8,54.95,2118.0
2026-09-17 14:42:00,54.9,55.0,51.15,52.0,3576.0
2026-09-17 14:43:00,52.1,53.35,51.75,52.65,1710.0
2026-09-17 14:44:00,52.5,52.5,50.25,51.4,2228.0
2026-09-17 14:45:00,51.35,54.4,51.0,53.75,1866.0
2026-09-17 14:46:00,53.75,55.45,53.5,55.45,1774.0
2026-09-17 14:47:00,55.4,56.65,53.8,54.75,2411.0
2026-09-17 14:48:00,54.85,57.0,54.85,56.3,2074.0
2026-09-17 14:49:00,56.15,57.4,54.8,55.3,2758.0
2026-09-17 14:50:00,55.15,56.25,53.95,55.25,2065.0
2026-09-17 14:51:00,55.15,55.4,53.6,54.65,1188.0
2026-09-17 14:52:00,54.5,55.95,54.05,55.1,1133.0
2026-09-17 14:53:00,55.05,55.05,52.95,53.95,1705.0
2026-09-17 14:54:00,53.8,54.3,52.9,53.65,1104.0
2026-09-17 14:55:00,53.55,53.6,51.75,52.65,2116.0
2026-09-17 14:56:00,52.75,53.35,51.3,51.8,1508.0
2026-09-17 14:57:00,52.0,52.2,50.8,51.5,1512.0
2026-09-17 14:58:00,51.55,52.0,50.35,51.4,1520.0
2026-09-17 14:59:00,51.4,51.5,49.65,49.85,2051.0
2026-09-17 15:00:00,49.8,52.2,48.3,51.15,5506.0
2026-09-17 15:01:00,51.35,52.0,50.55,50.75,2715.0
2026-09-17 15:02:00,50.7,52.05,49.45,51.55,1918.0
2026-09-17 15:03:00,51.5,52.3,50.8,52.05,3219.0
2026-09-17 15:04:00,52.0,52.15,49.5,49.8,2420.0
2026-09-17 15:05:00,49.75,51.7,49.25,50.35,12063.0
2026-09-17 15:06:00,50.45,51.9,50.0,51.7,4662.0
2026-09-17 15:07:00,51.55,52.45,50.8,51.3,4789.0
2026-09-17 15:08:00,51.3,51.8,50.25,51.1,1681.0
2026-09-17 15:09:00,51.15,52.8,50.85,51.65,2171.0
2026-09-17 15:10:00,51.6,53.3,51.2,52.5,3168.0
2026-09-17 15:11:00,52.4,52.5,50.75,51.5,2970.0
2026-09-17 15:12:00,51.7,53.4,50.75,52.3,2050.0
2026-09-17 15:13:00,52.25,54.35,52.05,53.75,2284.0
2026-09-17 15:14:00,53.7,56.25,53.2,54.2,3207.0
2026-09-17 15:15:00,54.2,54.35,52.3,53.3,2958.0
2026-09-17 15:16:00,53.3,54.8,52.8,54.4,1953.0
2026-09-17 15:17:00,54.4,54.65,53.2,53.3,1610.0
2026-09-17 15:18:00,53.55,54.3,52.0,53.75,2244.0
2026-09-17 15:19:00,53.85,56.25,53.2,54.45,2858.0
2026-09-17 15:20:00,54.0,55.25,51.75,52.0,5381.0
2026-09-17 15:21:00,52.1,53.2,51.2,52.3,1898.0
2026-09-17 15:22:00,52.45,53.05,51.4,52.1,3408.0
2026-09-17 15:23:00,52.1,52.65,49.9,52.05,3680.0
2026-09-17 15:24:00,52.0,53.9,52.0,52.85,1885.0
2026-09-17 15:25:00,52.85,53.75,52.2,52.75,2424.0
2026-09-17 15:26:00,52.75,52.95,51.3,52.5,1757.0
2026-09-17 15:27:00,52.45,53.0,51.5,52.65,1829.0
2026-09-17 15:28:00,52.6,52.85,51.0,52.2,1617.0
2026-09-17 15:29:00,52.2,52.7,51.0,51.45,5690.0
2026-09-17 15:30:00,51.4,52.0,51.1,51.5,1948.0
2026-09-17 15:31:00,51.5,52.0,50.85,51.1,2114.0
2026-09-17 15:32:00,51.05,51.2,49.9,50.15,2633.0
2026-09-17 15:33:00,50.25,51.95,50.2,51.7,2906.0
2026-09-17 15:34:00,51.65,53.35,51.65,53.1,2476.0
2026-09-17 15:35:00,53.05,55.35,52.75,55.05,2539.0
2026-09-17 15:36:00,54.95,55.3,53.7,55.2,2296.0
2026-09-17 15:37:00,55.2,56.3,54.95,55.95,3437.0
2026-09-17 15:38:00,56.0,58.0,56.0,57.15,3454.0
2026-09-17 15:39:00,57.1,57.65,56.1,56.45,4540.0
2026-09-18 09:15:00,59.25,69.1,54.0,57.7,34408.0
2026-09-18 09:16:00,57.2,61.55,55.3,60.05,16263.0
2026-09-18 09:17:00,60.1,61.65,57.7,60.05,13121.0
2026-09-18 09:18:00,60.2,60.25,54.3,54.9,12451.0
2026-09-18 09:19:00,54.85,57.45,53.35,56.35,9393.0
2026-09-18 09:20:00,56.25,56.25,52.5,53.95,12327.0
2026-09-18 09:21:00,53.95,54.75,52.55,53.75,7535.0
2026-09-18 09:22:00,53.75,56.8,53.4,55.4,8991.0
2026-09-18 09:23:00,55.3,58.6,54.75,58.1,8488.0
2026-09-18 09:24:00,58.0,59.45,56.85,57.35,9152.0
2026-09-18 09:25:00,57.1,57.2,54.0,55.2,7520.0
2026-09-18 09:26:00,55.3,56.25,53.6,54.05,6236.0
2026-09-18 09:27:00,54.0,54.25,51.6,52.35,9170.0
2026-09-18 09:28:00,52.3,53.25,51.45,52.7,6999.0
2026-09-18 09:29:00,52.65,54.65,51.4,52.7,9760.0
2026-09-18 09:30:00,52.7,54.05,50.7,51.0,9856.0
2026-09-18 09:31:00,50.8,53.2,50.35,51.1,7780.0
2026-09-18 09:32:00,51.0,51.9,49.6,51.25,14144.0
2026-09-18 09:33:00,51.3,51.7,49.0,50.25,6868.0
2026-09-18 09:34:00,50.3,51.0,49.25,49.45,4071.0
2026-09-18 09:35:00,49.5,50.85,48.65,50.4,6103.0
2026-09-18 09:36:00,50.35,54.5,50.35,53.65,13953.0
2026-09-18 09:37:00,53.5,53.8,51.6,52.85,11284.0
2026-09-18 09:38:00,52.85,53.65,51.9,52.4,4772.0
2026-09-18 09:39:00,52.55,54.95,51.25,54.3,8654.0
2026-09-18 09:40:00,54.25,55.0,53.3,54.5,7542.0
2026-09-18 09:41:00,54.3,55.1,53.0,53.7,5242.0
2026-09-18 09:42:00,53.65,56.5,53.55,55.0,8272.0
2026-09-18 09:43:00,54.95,55.3,51.3,51.9,9899.0
2026-09-18 09:44:00,51.85,53.2,50.1,52.95,7075.0
2026-09-18 09:45:00,52.95,53.4,50.5,51.1,6209.0
2026-09-18 09:46:00,50.8,53.2,50.4,52.9,3789.0
2026-09-18 09:47:00,52.9,53.25,51.5,53.05,3543.0
2026-09-18 09:48:00,53.1,55.75,52.85,54.65,9052.0
2026-09-18 09:49:00,54.65,55.7,51.15,51.85,7541.0
2026-09-18 09:50:00,51.7,53.55,50.65,50.85,4784.0
2026-09-18 09:51:00,50.7,52.9,50.05,51.75,4720.0
2026-09-18 09:52:00,51.9,54.3,51.5,54.3,4503.0
2026-09-18 09:53:00,54.25,55.1,53.5,55.05,5688.0
2026-09-18 09:54:00,54.95,55.3,53.75,55.2,6006.0
2026-09-18 09:55:00,55.0,57.1,53.55,54.05,11865.0
2026-09-18 09:56:00,53.8,55.2,52.6,55.1,6369.0
2026-09-18 09:57:00,54.95,57.4,54.5,55.25,9253.0
2026-09-18 09:58:00,55.3,56.2,54.45,54.5,4406.0
2026-09-18 09:59:00,54.5,56.3,54.25,55.15,5003.0
2026-09-18 10:00:00,55.05,56.5,54.0,55.85,4834.0
2026-09-18 10:01:00,55.85,56.75,55.1,55.45,5477.0
2026-09-18 10:02:00,55.3,56.35,54.1,54.5,5119.0
2026-09-18 10:03:00,54.25,54.95,52.5,52.6,6288.0
2026-09-18 10:04:00,52.55,54.2,52.1,52.95,4952.0
2026-09-18 10:05:00,52.9,55.6,52.05,54.9,5059.0
2026-09-18 10:06:00,54.7,55.3,51.35,51.6,7306.0
2026-09-18 10:07:00,51.4,53.2,50.65,52.65,8261.0
2026-09-18 10:08:00,52.7,55.15,52.3,55.1,6548.0
2026-09-18 10:09:00,55.0,56.0,53.15,54.65,6340.0
2026-09-18 10:10:00,54.6,55.9,54.0,54.0,4138.0
2026-09-18 10:11:00,54.1,55.65,53.7,55.25,2827.0
2026-09-18 10:12:00,55.3,55.9,54.1,54.7,4764.0
2026-09-18 10:13:00,54.65,56.45,54.25,55.8,5800.0
2026-09-18 10:14:00,55.65,56.0,54.25,55.2,3449.0
2026-09-18 10:15:00,55.0,56.1,54.2,54.35,4078.0
2026-09-18 10:16:00,54.35,54.5,52.6,52.7,5685.0
2026-09-18 10:17:00,52.65,53.6,52.2,53.35,3135.0
2026-09-18 10:18:00,53.2,54.3,52.15,52.6,2642.0
2026-09-18 10:19:00,52.5,52.5,50.9,51.45,6378.0
2026-09-18 10:20:00,51.45,52.9,51.25,52.4,3067.0
2026-09-18 10:21:00,52.2,53.4,51.75,52.9,4085.0
2026-09-18 10:22:00,52.85,52.95,50.65,51.6,3315.0
2026-09-18 10:23:00,51.8,52.3,50.5,50.75,3371.0
2026-09-18 10:24:00,50.9,50.9,48.2,49.1,12888.0
2026-09-18 10:25:00,49.05,51.0,48.9,49.55,5592.0
2026-09-18 10:26:00,49.4,50.4,48.6,48.95,4648.0
2026-09-18 10:27:00,48.8,49.25,46.55,48.75,10173.0
2026-09-18 10:28:00,48.55,50.25,48.55,49.5,5397.0
2026-09-18 10:29:00,49.55,50.0,48.45,50.0,3764.0
2026-09-18 10:30:00,49.9,51.0,49.5,50.75,6754.0
2026-09-18 10:31:00,50.6,51.0,48.55,48.65,5163.0
2026-09-18 10:32:00,48.65,48.7,47.45,47.9,5099.0
2026-09-18 10:33:00,47.9,48.95,47.45,47.55,3169.0
2026-09-18 10:34:00,47.55,47.95,47.1,47.45,10042.0
2026-09-18 10:35:00,47.5,48.0,46.5,46.85,10821.0
2026-09-18 10:36:00,46.85,47.35,46.4,46.45,4468.0
2026-09-18 10:37:00,46.4,48.15,46.05,48.0,7340.0
2026-09-18 10:38:00,47.9,48.6,46.65,46.8,3937.0
2026-09-18 10:39:00,46.65,48.4,46.3,46.55,3235.0
2026-09-18 10:40:00,46.45,46.5,44.5,45.1,10884.0
2026-09-18 10:41:00,45.1,46.3,44.45,46.2,4453.0
2026-09-18 10:42:00,46.1,47.65,45.85,46.5,4925.0
2026-09-18 10:43:00,46.5,46.9,46.05,46.75,1567.0
2026-09-18 10:44:00,46.65,47.1,45.85,47.0,2555.0
2026-09-18 10:45:00,47.0,47.5,46.2,47.35,2707.0
2026-09-18 10:46:00,47.3,47.8,46.65,47.0,3056.0
2026-09-18 10:47:00,47.0,47.2,45.7,46.4,3931.0
2026-09-18 10:48:00,46.35,47.3,46.2,46.4,1623.0
2026-09-18 10:49:00,46.55,46.85,45.1,46.7,3477.0
2026-09-18 10:50:00,46.55,47.4,46.15,46.65,2448.0
2026-09-18 10:51:00,46.6,48.65,46.5,48.65,4640.0
2026-09-18 10:52:00,48.55,49.5,47.5,48.0,6941.0
2026-09-18 10:53:00,48.0,48.15,46.8,47.75,2354.0
2026-09-18 10:54:00,47.55,48.4,47.25,47.4,1861.0
2026-09-18 10:55:00,47.35,49.05,46.95,48.15,4765.0
2026-09-18 10:56:00,48.2,48.5,47.3,48.25,2994.0
2026-09-18 10:57:00,48.3,48.8,48.05,48.4,1426.0
2026-09-18 10:58:00,48.45,48.45,46.95,47.15,2968.0
2026-09-18 10:59:00,47.15,48.0,46.6,47.2,2395.0
2026-09-18 11:00:00,47.25,48.45,47.05,48.45,1581.0
2026-09-18 11:01:00,48.5,48.6,45.35,45.7,5442.0
2026-09-18 11:02:00,45.65,47.45,45.0,47.1,5418.0
2026-09-18 11:03:00,46.95,47.1,45.8,46.25,2739.0
2026-09-18 11:04:00,46.25,46.55,45.1,45.25,2485.0
2026-09-18 11:05:00,45.25,45.3,42.3,43.6,14628.0
2026-09-18 11:06:00,43.6,45.2,43.1,44.95,3690.0
2026-09-18 11:07:00,44.95,45.85,44.6,45.45,3956.0
2026-09-18 11:08:00,45.45,46.35,45.15,45.85,4849.0
2026-09-18 11:09:00,45.75,47.0,45.6,46.6,3382.0
2026-09-18 11:10:00,46.4,46.65,44.9,45.8,3609.0
2026-09-18 11:11:00,45.8,46.95,45.6,46.5,2974.0
2026-09-18 11:12:00,46.3,46.65,44.7,44.85,2263.0
2026-09-18 11:13:00,44.75,45.35,44.0,45.35,3911.0
2026-09-18 11:14:00,45.35,45.55,44.4,45.15,3166.0
2026-09-18 11:15:00,45.1,45.75,44.5,44.5,1730.0
2026-09-18 11:16:00,44.5,45.3,44.2,44.45,1874.0
2026-09-18 11:17:00,44.35,44.55,43.0,43.1,5413.0
2026-09-18 11:18:00,43.05,43.5,42.6,43.0,4257.0
2026-09-18 11:19:00,43.05,43.85,42.85,43.1,2294.0
2026-09-18 11:20:00,43.1,44.5,42.95,44.1,3784.0
2026-09-18 11:21:00,44.0,44.8,43.8,44.3,1991.0
2026-09-18 11:22:00,44.4,45.2,43.9,44.35,1958.0
2026-09-18 11:23:00,44.2,45.25,44.05,44.35,2175.0
2026-09-18 11:24:00,44.2,44.75,43.4,43.7,3854.0
2026-09-18 11:25:00,43.8,43.8,42.2,42.7,4747.0
2026-09-18 11:26:00,42.6,42.8,41.75,42.3,3698.0
2026-09-18 11:27:00,42.1,43.0,42.0,42.95,2360.0
2026-09-18 11:28:00,42.8,42.95,41.75,42.0,2905.0
2026-09-18 11:29:00,42.0,42.9,41.8,42.9,2062.0
2026-09-18 11:30:00,42.8,44.35,42.7,43.25,4323.0
2026-09-18 11:31:00,43.35,43.45,40.4,42.15,8045.0
2026-09-18 11:32:00,42.0,42.85,41.95,42.15,8614.0
2026-09-18 11:33:00,42.05,42.3,40.35,41.1,4958.0
2026-09-18 11:34:00,41.15,42.45,40.9,42.3,3128.0
2026-09-18 11:35:00,42.35,42.65,41.85,42.6,1621.0
2026-09-18 11:36:00,42.6,43.3,42.25,43.0,2471.0
2026-09-18 11:37:00,42.95,43.2,41.9,42.45,1929.0
2026-09-18 11:38:00,42.4,43.0,42.0,42.95,1143.0
2026-09-18 11:39:00,43.0,43.05,42.5,42.65,1601.0
2026-09-18 11:40:00,42.6,42.95,41.8,42.85,3948.0
2026-09-18 11:41:00,42.85,43.4,42.4,43.35,2830.0
2026-09-18 11:42:00,43.35,43.5,42.5,42.65,2770.0
2026-09-18 11:43:00,42.55,43.1,42.0,42.2,1655.0
2026-09-18 11:44:00,42.25,42.65,41.6,42.3,1959.0
2026-09-18 11:45:00,42.3,42.85,42.0,42.8,1319.0
2026-09-18 11:46:00,42.75,44.85,42.65,44.4,7789.0
2026-09-18 11:47:00,44.5,44.7,43.15,44.05,2668.0
2026-09-18 11:48:00,44.0,44.55,43.5,44.55,1464.0
2026-09-18 11:49:00,44.6,45.95,44.4,45.65,5033.0
2026-09-18 11:50:00,45.65,46.7,45.25,46.35,5874.0
2026-09-18 11:51:00,46.2,47.4,45.2,47.4,4603.0
2026-09-18 11:52:00,47.35,49.65,47.2,48.4,11200.0
2026-09-18 11:53:00,48.5,50.7,48.25,49.3,10673.0
2026-09-18 11:54:00,49.3,49.75,48.8,49.3,6122.0
2026-09-18 11:55:00,49.3,50.3,48.0,48.85,9924.0
2026-09-18 11:56:00,48.8,49.4,48.05,49.0,6201.0
2026-09-18 11:57:00,48.95,51.0,48.85,50.6,8889.0
2026-09-18 11:58:00,50.6,52.5,49.2,49.7,15281.0
2026-09-18 11:59:00,49.6,49.75,48.0,48.35,6224.0
2026-09-18 12:00:00,48.25,52.75,48.0,51.25,9981.0
2026-09-18 12:01:00,51.25,52.25,50.15,50.55,7513.0
2026-09-18 12:02:00,50.55,52.0,50.15,51.05,6374.0
2026-09-18 12:03:00,50.95,51.5,49.25,49.75,6071.0
2026-09-18 12:04:00,49.6,49.65,46.3,46.65,11627.0
2026-09-18 12:05:00,46.65,47.2,45.1,45.5,7009.0
2026-09-18 12:06:00,45.6,48.25,45.35,47.85,5645.0
2026-09-18 12:07:00,47.7,48.25,46.9,47.5,4440.0
2026-09-18 12:08:00,47.6,48.3,45.9,46.15,3188.0
2026-09-18 12:09:00,46.25,46.55,45.15,46.55,4277.0
2026-09-18 12:10:00,46.55,47.35,46.15,46.75,3763.0
2026-09-18 12:11:00,46.8,48.65,46.3,48.65,3692.0
2026-09-18 12:12:00,48.55,49.25,47.35,47.95,4094.0
2026-09-18 12:13:00,47.95,49.2,47.65,48.45,2838.0
2026-09-18 12:14:00,48.45,48.65,47.5,47.95,1934.0
2026-09-18 12:15:00,47.85,48.05,46.5,47.25,3664.0
2026-09-18 12:16:00,47.25,48.3,47.2,47.55,1873.0
2026-09-18 12:17:00,47.65,48.7,46.55,46.8,2226.0
2026-09-18 12:18:00,46.85,47.25,46.15,47.05,2847.0
2026-09-18 12:19:00,47.05,47.05,45.35,45.65,3579.0
2026-09-18 12:20:00,45.65,45.85,44.4,45.65,6978.0
2026-09-18 12:21:00,45.85,46.2,45.15,45.9,2552.0
2026-09-18 12:22:00,45.9,46.1,45.05,45.1,2595.0
2026-09-18 12:23:00,45.05,46.75,44.55,46.3,3884.0
2026-09-18 12:24:00,46.15,47.8,45.8,46.55,6159.0
2026-09-18 12:25:00,46.5,46.7,45.25,45.7,2595.0
2026-09-18 12:26:00,45.7,46.45,45.55,45.6,1510.0
2026-09-18 12:27:00,45.6,47.05,45.25,46.65,2045.0
2026-09-18 12:28:00,46.8,48.2,46.6,47.35,4466.0
2026-09-18 12:29:00,47.35,48.9,47.3,48.65,4115.0
2026-09-18 12:30:00,48.65,49.75,48.05,49.05,5438.0
2026-09-18 12:31:00,49.05,49.95,48.8,48.95,3795.0
2026-09-18 12:32:00,48.9,49.2,48.1,48.4,3090.0
2026-09-18 12:33:00,48.5,49.0,47.45,47.45,4941.0
2026-09-18 12:34:00,47.45,48.4,47.05,48.05,2175.0
2026-09-18 12:35:00,48.15,49.1,48.1,48.95,2968.0
2026-09-18 12:36:00,49.0,51.25,48.85,50.7,8265.0
2026-09-18 12:37:00,50.7,52.0,50.0,50.35,8346.0
2026-09-18 12:38:00,50.55,51.0,48.5,48.9,5965.0
2026-09-18 12:39:00,48.75,48.9,47.35,48.3,5301.0
2026-09-18 12:40:00,48.45,49.6,48.45,49.15,3274.0
2026-09-18 12:41:00,49.0,50.5,48.85,50.35,4684.0
2026-09-18 12:42:00,50.35,51.3,49.85,50.5,4978.0
2026-09-18 12:43:00,50.4,51.55,49.7,51.4,6278.0
2026-09-18 12:44:00,51.45,52.0,49.2,49.45,7590.0
2026-09-18 12:45:00,49.6,49.7,47.85,48.75,9904.0
2026-09-18 12:46:00,48.75,49.7,48.3,49.4,2984.0
2026-09-18 12:47:00,49.35,50.25,49.0,49.1,3753.0
2026-09-18 12:48:00,49.2,49.6,48.25,48.5,2255.0
2026-09-18 12:49:00,48.55,48.7,46.7,47.7,5191.0
2026-09-18 12:50:00,47.55,48.7,47.15,47.35,2492.0
2026-09-18 12:51:00,47.3,48.0,46.0,46.15,9549.0
2026-09-18 12:52:00,46.15,47.55,46.0,46.9,3061.0
2026-09-18 12:53:00,46.8,48.3,46.65,47.4,4495.0
2026-09-18 12:54:00,47.4,48.75,47.2,48.3,4852.0
2026-09-18 12:55:00,48.35,48.85,47.8,48.35,2719.0
2026-09-18 12:56:00,48.45,49.75,48.0,48.2,6437.0
2026-09-18 12:57:00,48.1,48.35,46.75,47.25,4326.0
2026-09-18 12:58:00,47.3,48.9,47.2,47.7,2250.0
2026-09-18 12:59:00,47.8,49.85,47.25,49.15,4992.0
2026-09-18 13:00:00,49.15,49.75,48.45,49.7,3860.0
2026-09-18 13:01:00,49.7,50.4,49.0,49.95,3519.0
2026-09-18 13:02:00,49.95,51.25,49.35,50.9,4959.0
2026-09-18 13:03:00,50.95,51.6,49.9,51.3,5400.0
2026-09-18 13:04:00,51.25,53.6,51.25,52.4,21426.0
2026-09-18 13:05:00,52.4,52.65,50.25,50.65,11331.0
2026-09-18 13:06:00,50.8,52.45,50.4,51.1,3603.0
2026-09-18 13:07:00,51.1,52.2,50.75,51.4,3361.0
2026-09-18 13:08:00,51.55,52.65,51.1,51.7,5065.0
2026-09-18 13:09:00,51.75,51.85,50.75,51.1,2558.0
2026-09-18 13:10:00,50.95,51.3,49.3,49.75,5252.0
2026-09-18 13:11:00,49.85,50.0,47.9,48.1,7280.0
2026-09-18 13:12:00,48.15,49.55,48.05,48.8,4766.0
2026-09-18 13:13:00,48.8,49.5,47.55,47.75,2431.0
2026-09-18 13:14:00,47.75,48.5,47.1,47.85,5733.0
2026-09-18 13:15:00,47.8,48.05,46.0,46.3,5374.0
2026-09-18 13:16:00,46.2,47.4,46.15,46.75,3833.0
2026-09-18 13:17:00,46.75,48.0,46.65,47.0,3012.0
2026-09-18 13:18:00,46.9,47.1,44.9,45.25,7029.0
2026-09-18 13:19:00,45.3,46.15,44.5,44.95,5352.0
2026-09-18 13:20:00,44.85,45.05,43.8,44.15,7693.0
2026-09-18 13:21:00,44.1,45.5,43.8,45.4,3908.0
2026-09-18 13:22:00,45.4,46.1,45.05,45.9,4069.0
2026-09-18 13:23:00,45.85,46.9,45.65,46.1,5223.0
2026-09-18 13:24:00,46.1,47.4,45.85,46.65,3302.0
2026-09-18 13:25:00,46.55,46.85,45.6,45.9,3123.0
2026-09-18 13:26:00,45.9,46.5,45.3,46.1,6178.0
2026-09-18 13:27:00,46.0,46.6,45.2,45.8,3409.0
2026-09-18 13:28:00,45.8,47.05,45.05,45.2,4384.0
2026-09-18 13:29:00,45.05,45.45,44.2,45.3,3278.0
2026-09-18 13:30:00,45.25,45.85,44.8,45.75,1865.0
2026-09-18 13:31:00,45.75,45.9,42.75,43.3,9049.0
2026-09-18 13:32:00,43.25,45.5,43.2,45.2,3835.0
2026-09-18 13:33:00,45.25,46.25,45.05,46.1,4296.0
2026-09-18 13:34:00,45.95,46.85,43.45,43.6,5945.0
2026-09-18 13:35:00,43.7,44.1,42.55,43.55,5272.0
2026-09-18 13:36:00,43.55,43.6,42.0,42.45,5913.0
2026-09-18 13:37:00,42.35,43.85,42.3,43.8,2956.0
2026-09-18 13:38:00,43.9,44.7,43.25,44.7,3112.0
2026-09-18 13:39:00,44.65,45.25,42.8,43.2,5709.0
2026-09-18 13:40:00,43.2,43.25,41.2,42.05,5669.0
2026-09-18 13:41:00,42.15,42.25,41.3,41.55,4385.0
2026-09-18 13:42:00,41.5,41.9,39.85,40.1,10052.0
2026-09-18 13:43:00,40.1,40.6,39.2,39.5,8949.0
2026-09-18 13:44:00,39.5,39.5,37.3,37.35,9963.0
2026-09-18 13:45:00,37.35,38.45,36.3,38.3,13809.0
2026-09-18 13:46:00,38.2,39.2,38.2,39.0,9041.0
2026-09-18 13:47:00,39.0,40.5,38.35,39.8,10324.0
2026-09-18 13:48:00,39.8,40.0,38.25,38.7,6815.0
2026-09-18 13:49:00,38.75,39.6,38.55,39.2,2971.0
2026-09-18 13:50:00,39.3,40.45,39.3,40.45,3713.0
2026-09-18 13:51:00,40.45,43.35,40.35,43.2,11792.0
2026-09-18 13:52:00,43.2,43.95,41.6,42.05,9120.0
2026-09-18 13:53:00,42.0,43.05,41.65,42.5,4376.0
2026-09-18 13:54:00,42.5,44.3,42.5,43.7,6747.0
2026-09-18 13:55:00,43.7,44.5,43.0,43.2,7563.0
2026-09-18 13:56:00,43.2,44.2,42.0,44.1,5146.0
2026-09-18 13:57:00,44.1,44.45,43.5,44.45,3438.0
2026-09-18 13:58:00,44.4,45.15,43.15,43.2,7018.0
2026-09-18 13:59:00,43.2,43.5,42.15,42.25,4391.0
2026-09-18 14:00:00,42.25,43.25,41.85,43.0,3542.0
2026-09-18 14:01:00,42.9,43.25,42.1,42.2,2132.0
2026-09-18 14:02:00,42.25,43.65,42.05,43.6,2456.0
2026-09-18 14:03:00,43.5,45.0,43.05,44.55,3571.0
2026-09-18 14:04:00,44.6,45.85,44.0,45.4,4764.0
2026-09-18 14:05:00,45.3,47.45,45.25,46.95,12572.0
2026-09-18 14:06:00,46.95,48.6,45.45,47.55,13060.0
2026-09-18 14:07:00,47.45,49.0,47.3,48.4,9259.0
2026-09-18 14:08:00,48.4,49.85,47.3,47.7,11669.0
2026-09-18 14:09:00,47.75,53.0,47.6,51.65,33783.0
2026-09-18 14:10:00,51.7,54.4,51.55,52.9,34138.0
2026-09-18 14:11:00,53.05,54.7,51.8,52.2,15503.0
2026-09-18 14:12:00,52.3,52.95,49.95,50.0,10914.0
2026-09-18 14:13:00,50.05,50.2,48.0,49.0,10968.0
2026-09-18 14:14:00,48.95,50.1,47.85,48.0,7489.0
2026-09-18 14:15:00,48.0,51.0,47.2,49.8,9899.0
2026-09-18 14:16:00,49.7,52.15,49.5,51.85,7948.0
2026-09-18 14:17:00,51.75,52.05,50.95,51.4,5497.0
2026-09-18 14:18:00,51.35,51.4,49.3,50.05,5837.0
2026-09-18 14:19:00,50.0,50.5,49.15,50.0,2619.0
2026-09-18 14:20:00,50.0,51.2,49.8,50.7,3949.0
2026-09-18 14:21:00,50.7,51.85,50.2,51.0,4246.0
2026-09-18 14:22:00,51.05,52.8,51.0,52.55,6189.0
2026-09-18 14:23:00,52.4,53.0,50.5,50.9,7494.0
2026-09-18 14:24:00,51.05,51.8,49.65,49.9,5626.0
2026-09-18 14:25:00,49.8,50.95,49.5,50.35,4053.0
2026-09-18 14:26:00,50.4,50.9,49.7,50.8,2851.0
2026-09-18 14:27:00,50.95,53.35,50.75,52.2,8152.0
2026-09-18 14:28:00,52.2,57.1,52.05,55.7,14997.0
2026-09-18 14:29:00,55.85,58.95,54.85,58.2,23010.0
2026-09-18 14:30:00,58.0,60.75,56.6,58.8,26687.0
2026-09-18 14:31:00,58.8,58.95,56.0,56.25,17239.0
2026-09-18 14:32:00,56.4,59.6,55.95,58.9,14149.0
2026-09-18 14:33:00,58.9,63.15,58.7,58.95,25972.0
2026-09-18 14:34:00,58.85,60.85,58.1,59.2,11613.0
2026-09-18 14:35:00,59.35,59.4,57.3,58.45,9447.0
2026-09-18 14:36:00,58.25,59.85,57.65,58.4,11860.0
2026-09-18 14:37:00,58.4,59.65,57.8,58.05,5336.0
2026-09-18 14:38:00,57.85,58.0,56.0,57.15,10937.0
2026-09-18 14:39:00,57.1,57.75,55.25,56.0,8266.0
2026-09-18 14:40:00,55.95,56.05,54.05,54.5,9909.0
2026-09-18 14:41:00,54.6,55.55,52.45,53.4,12105.0
2026-09-18 14:42:00,53.5,53.95,51.95,51.95,8945.0
2026-09-18 14:43:00,51.85,52.75,50.95,50.95,6758.0
2026-09-18 14:44:00,51.05,51.5,49.0,49.2,13109.0
2026-09-18 14:45:00,49.2,51.75,49.05,51.6,11959.0
2026-09-18 14:46:00,51.65,52.5,50.6,52.3,8198.0
2026-09-18 14:47:00,52.3,54.25,51.55,54.15,9326.0
2026-09-18 14:48:00,54.05,54.4,52.5,53.7,7604.0
2026-09-18 14:49:00,53.8,56.2,53.7,55.25,8747.0
2026-09-18 14:50:00,55.25,57.3,54.6,57.1,13126.0
2026-09-18 14:51:00,57.0,59.15,56.3,57.05,15570.0
2026-09-18 14:52:00,57.0,61.15,56.85,61.1,12694.0
2026-09-18 14:53:00,60.95,61.6,59.2,60.85,19856.0
2026-09-18 14:54:00,60.75,63.9,60.05,60.85,20196.0
2026-09-18 14:55:00,60.85,62.25,59.4,60.45,13167.0
2026-09-18 14:56:00,60.45,60.75,58.2,58.55,9019.0
2026-09-18 14:57:00,58.7,58.75,56.5,57.55,11500.0
2026-09-18 14:58:00,57.6,62.4,56.7,61.55,13729.0
2026-09-18 14:59:00,61.7,61.9,59.25,59.85,11579.0
2026-09-18 15:00:00,59.7,59.7,53.2,53.45,22436.0
2026-09-18 15:01:00,53.4,55.5,52.0,54.5,16076.0
2026-09-18 15:02:00,54.4,55.3,53.4,54.6,7160.0
2026-09-18 15:03:00,54.65,55.7,54.0,54.65,8542.0
2026-09-18 15:04:00,54.65,55.2,52.25,53.0,9931.0
2026-09-18 15:05:00,52.95,53.6,51.75,53.35,7658.0
2026-09-18 15:06:00,53.4,54.85,52.9,53.15,8592.0
2026-09-18 15:07:00,52.9,53.2,49.7,50.5,13778.0
2026-09-18 15:08:00,50.5,50.5,47.35,48.05,19171.0
2026-09-18 15:09:00,48.0,48.55,46.65,47.9,10720.0
2026-09-18 15:10:00,47.9,49.05,47.65,48.45,13366.0
2026-09-18 15:11:00,48.45,50.2,48.25,49.45,10714.0
2026-09-18 15:12:00,49.4,49.7,47.15,48.6,7369.0
2026-09-18 15:13:00,48.55,50.35,48.25,49.25,9214.0
2026-09-18 15:14:00,49.1,49.45,47.0,47.5,13672.0
2026-09-18 15:15:00,47.5,49.8,47.45,49.1,14638.0
2026-09-18 15:16:00,49.15,49.3,47.75,48.3,10012.0
2026-09-18 15:17:00,48.35,49.0,45.9,47.0,9971.0
2026-09-18 15:18:00,46.95,47.5,44.4,45.15,13958.0
2026-09-18 15:19:00,45.2,47.15,45.1,46.15,7742.0
2026-09-18 15:20:00,46.25,46.9,41.4,44.6,33073.0
2026-09-18 15:21:00,44.6,46.5,43.7,44.65,11754.0
2026-09-18 15:22:00,44.65,45.0,42.75,44.05,16304.0
2026-09-18 15:23:00,43.95,44.75,43.2,43.65,7043.0
2026-09-18 15:24:00,43.65,44.3,42.7,43.9,5648.0
2026-09-18 15:25:00,43.8,44.85,43.7,44.5,6649.0
2026-09-18 15:26:00,44.55,47.85,43.8,47.35,12507.0
2026-09-18 15:27:00,47.2,49.4,47.15,49.3,12646.0
2026-09-18 15:28:00,49.15,49.4,46.5,48.75,12774.0
2026-09-18 15:29:00,48.6,49.35,47.6,47.95,11955.0
2026-09-18 15:30:00,47.9,49.45,47.1,47.1,7424.0
2026-09-18 15:31:00,47.1,48.0,45.7,46.4,7407.0
2026-09-18 15:32:00,46.5,47.0,44.85,45.2,5379.0
2026-09-18 15:33:00,45.05,47.1,45.0,47.05,3688.0
2026-09-18 15:34:00,47.1,48.0,47.0,47.3,6265.0
2026-09-18 15:35:00,47.5,48.0,46.0,46.55,10200.0
2026-09-18 15:36:00,46.65,46.85,45.75,46.2,4180.0
2026-09-18 15:37:00,46.05,46.5,45.0,45.25,5659.0
2026-09-18 15:38:00,45.3,45.45,44.4,44.7,7098.0
2026-09-18 15:39:00,44.7,46.0,44.25,44.65,10029.0
2026-09-21 09:15:00,37.7,49.4,35.1,37.25,51901.0
2026-09-21 09:16:00,36.9,41.0,34.35,40.2,40459.0
2026-09-21 09:17:00,40.15,45.0,38.6,43.8,46998.0
2026-09-21 09:18:00,43.8,46.1,42.05,42.45,32660.0
2026-09-21 09:19:00,42.45,44.8,42.05,43.6,16320.0
2026-09-21 09:20:00,43.6,45.75,42.2,43.65,26802.0
2026-09-21 09:21:00,43.8,44.9,42.6,42.75,13872.0
2026-09-21 09:22:00,42.85,43.9,41.35,42.5,14948.0
2026-09-21 09:23:00,42.5,45.15,41.55,44.7,14982.0
2026-09-21 09:24:00,44.7,44.8,42.0,42.55,11804.0
2026-09-21 09:25:00,42.5,44.85,41.35,43.85,14129.0
2026-09-21 09:26:00,43.85,45.6,42.8,45.35,14279.0
2026-09-21 09:27:00,45.35,48.7,44.9,46.95,31802.0
2026-09-21 09:28:00,47.05,49.0,46.2,47.1,17775.0
2026-09-21 09:29:00,47.1,50.55,46.35,49.25,25589.0
2026-09-21 09:30:00,49.25,51.6,49.1,50.5,32489.0
2026-09-21 09:31:00,50.55,51.8,48.7,50.4,28785.0
2026-09-21 09:32:00,50.5,52.75,48.7,49.35,23762.0
2026-09-21 09:33:00,49.15,50.45,48.25,49.35,13095.0
2026-09-21 09:34:00,49.25,49.6,46.7,48.4,19939.0
2026-09-21 09:35:00,48.25,51.5,48.2,51.35,22090.0
2026-09-21 09:36:00,51.45,51.9,48.05,48.55,26055.0
2026-09-21 09:37:00,48.65,49.0,46.0,46.4,21376.0
2026-09-21 09:38:00,46.3,48.2,45.35,45.85,15906.0
2026-09-21 09:39:00,45.9,47.95,45.3,45.75,12066.0
2026-09-21 09:40:00,45.7,46.25,43.0,43.0,24209.0
2026-09-21 09:41:00,42.9,45.0,42.45,43.9,20143.0
2026-09-21 09:42:00,43.8,45.5,42.5,43.2,11962.0
2026-09-21 09:43:00,43.1,45.2,42.95,43.9,9828.0
2026-09-21 09:44:00,43.8,46.75,43.7,45.25,13913.0
2026-09-21 09:45:00,45.15,46.75,44.85,46.35,14539.0
2026-09-21 09:46:00,46.35,48.75,46.05,48.4,22430.0
2026-09-21 09:47:00,48.4,48.8,45.2,45.65,25890.0
2026-09-21 09:48:00,45.65,48.8,45.25,48.6,24067.0
2026-09-21 09:49:00,48.6,50.45,47.6,47.75,29965.0
2026-09-21 09:50:00,47.75,49.25,47.65,48.45,13440.0
2026-09-21 09:51:00,48.5,50.0,47.65,48.4,12198.0
2026-09-21 09:52:00,48.45,48.75,47.0,48.4,12031.0
2026-09-21 09:53:00,48.55,48.95,46.0,46.55,14653.0
2026-09-21 09:54:00,46.5,47.6,45.0,45.55,13372.0
2026-09-21 09:55:00,45.4,46.65,45.0,45.75,18384.0
2026-09-21 09:56:00,45.8,47.2,45.6,46.0,8549.0
2026-09-21 09:57:00,46.05,49.35,45.9,48.25,26958.0
2026-09-21 09:58:00,48.2,48.45,44.15,44.65,21501.0
2026-09-21 09:59:00,44.65,46.35,43.8,46.25,22938.0
2026-09-21 10:00:00,46.1,46.65,44.5,44.9,14205.0
2026-09-21 10:01:00,44.85,45.5,43.65,43.75,10598.0
2026-09-21 10:02:00,43.75,44.55,42.5,42.85,14089.0
2026-09-21 10:03:00,42.8,42.95,40.85,40.95,17192.0
2026-09-21 10:04:00,41.0,41.5,39.7,41.2,26429.0
2026-09-21 10:05:00,41.15,42.65,40.3,40.6,17522.0
2026-09-21 10:06:00,40.6,41.0,39.05,39.9,16195.0
2026-09-21 10:07:00,39.9,40.8,39.4,40.1,10118.0
2026-09-21 10:08:00,40.0,40.9,39.4,40.85,8188.0
2026-09-21 10:09:00,40.7,42.0,40.5,41.4,10533.0
2026-09-21 10:10:00,41.5,42.5,40.45,42.05,12472.0
2026-09-21 10:11:00,41.95,43.9,41.55,43.65,18222.0
2026-09-21 10:12:00,43.65,44.3,42.4,42.45,14045.0
2026-09-21 10:13:00,42.3,42.75,39.2,39.75,22184.0
2026-09-21 10:14:00,39.85,39.95,37.9,38.65,19109.0
2026-09-21 10:15:00,38.5,38.9,37.0,38.25,16002.0
2026-09-21 10:16:00,38.15,39.8,37.2,39.65,9801.0
2026-09-21 10:17:00,39.55,40.0,37.05,37.7,9225.0
2026-09-21 10:18:00,37.75,39.5,37.35,38.6,5736.0
2026-09-21 10:19:00,38.5,39.15,37.0,37.55,6815.0
2026-09-21 10:20:00,37.75,39.0,37.4,37.6,4551.0
2026-09-21 10:21:00,37.7,38.6,37.0,37.85,6222.0
2026-09-21 10:22:00,37.85,38.55,37.4,37.95,5597.0
2026-09-21 10:23:00,37.95,39.6,37.55,39.15,7873.0
2026-09-21 10:24:00,39.1,39.45,37.65,37.65,9256.0
2026-09-21 10:25:00,37.65,37.8,35.9,36.4,15785.0
2026-09-21 10:26:00,36.3,37.5,36.1,36.8,8322.0
2026-09-21 10:27:00,36.8,37.0,35.1,35.65,12195.0
2026-09-21 10:28:00,35.6,36.8,35.5,36.3,7847.0
2026-09-21 10:29:00,36.3,38.1,36.2,37.65,11774.0
2026-09-21 10:30:00,37.55,38.0,36.75,37.15,9168.0
2026-09-21 10:31:00,37.1,38.15,36.9,37.3,7340.0
2026-09-21 10:32:00,37.25,37.55,36.1,36.7,8313.0
2026-09-21 10:33:00,36.6,37.1,35.3,35.6,7932.0
2026-09-21 10:34:00,35.6,35.75,34.3,35.25,14936.0
2026-09-21 10:35:00,35.3,35.75,34.15,35.15,8755.0
2026-09-21 10:36:00,35.1,35.8,34.7,35.05,8548.0
2026-09-21 10:37:00,35.1,35.8,34.4,35.4,9686.0
2026-09-21 10:38:00,35.3,36.1,35.15,35.5,6693.0
2026-09-21 10:39:00,35.35,35.8,34.15,34.3,9724.0
2026-09-21 10:40:00,34.2,35.55,34.15,34.7,7213.0
2026-09-21 10:41:00,34.7,36.8,34.6,36.55,9634.0
2026-09-21 10:42:00,36.5,38.0,36.4,37.45,14584.0
2026-09-21 10:43:00,37.4,37.9,37.15,37.65,9311.0
2026-09-21 10:44:00,37.65,38.35,37.2,38.0,8897.0
2026-09-21 10:45:00,37.9,40.0,37.8,39.6,19418.0
2026-09-21 10:46:00,39.65,40.65,39.1,39.65,19108.0
2026-09-21 10:47:00,39.65,41.2,38.1,38.2,19364.0
2026-09-21 10:48:00,38.2,39.0,37.2,37.5,12599.0
2026-09-21 10:49:00,37.5,39.2,37.5,38.9,9623.0
2026-09-21 10:50:00,38.9,39.9,38.8,39.25,7528.0
2026-09-21 10:51:00,39.45,40.9,39.3,40.5,12051.0
2026-09-21 10:52:00,40.6,41.0,39.75,40.75,8561.0
2026-09-21 10:53:00,40.6,41.7,40.4,41.4,13877.0
2026-09-21 10:54:00,41.45,42.1,40.35,41.0,15725.0
2026-09-21 10:55:00,41.0,41.2,38.55,39.0,15920.0
2026-09-21 10:56:00,39.0,40.5,38.95,39.75,6298.0
2026-09-21 10:57:00,39.8,40.95,39.8,40.4,6894.0
2026-09-21 10:58:00,40.45,41.45,39.6,39.7,10246.0
2026-09-21 10:59:00,39.7,41.8,39.6,41.5,8393.0
2026-09-21 11:00:00,41.5,41.75,39.7,40.2,9065.0
2026-09-21 11:01:00,40.2,40.5,39.1,39.65,5980.0
2026-09-21 11:02:00,39.65,41.2,39.6,40.2,6736.0
2026-09-21 11:03:00,40.1,42.0,40.1,41.5,6908.0
2026-09-21 11:04:00,41.6,42.6,41.05,41.6,12030.0
2026-09-21 11:05:00,41.65,42.25,40.65,41.35,7615.0
2026-09-21 11:06:00,41.35,42.8,40.85,41.95,8523.0
2026-09-21 11:07:00,41.8,42.85,41.7,42.35,7717.0
2026-09-21 11:08:00,42.45,43.25,41.95,42.5,19157.0
2026-09-21 11:09:00,42.35,43.5,42.0,43.2,16225.0
2026-09-21 11:10:00,43.2,43.6,42.55,43.0,9837.0
2026-09-21 11:11:00,43.0,44.8,42.95,44.25,28289.0
2026-09-21 11:12:00,44.25,44.4,43.0,43.3,9323.0
2026-09-21 11:13:00,43.3,45.0,43.2,44.35,16363.0
2026-09-21 11:14:00,44.5,44.6,43.0,43.75,10846.0
2026-09-21 11:15:00,43.8,44.55,42.5,42.65,12820.0
2026-09-21 11:16:00,42.65,43.3,40.7,41.35,28280.0
2026-09-21 11:17:00,41.4,42.35,40.25,40.4,11989.0
2026-09-21 11:18:00,40.4,41.35,39.25,39.65,12272.0
2026-09-21 11:19:00,39.6,41.05,39.55,40.85,8003.0
2026-09-21 11:20:00,40.85,42.0,40.55,41.25,6515.0
2026-09-21 11:21:00,41.4,42.2,40.2,41.4,5495.0
2026-09-21 11:22:00,41.4,42.6,41.25,42.25,5104.0
2026-09-21 11:23:00,42.25,43.7,42.0,43.6,11205.0
2026-09-21 11:24:00,43.6,44.0,42.75,43.0,21289.0
2026-09-21 11:25:00,43.0,43.2,41.5,41.95,14314.0
2026-09-21 11:26:00,41.95,42.85,41.3,41.45,5077.0
2026-09-21 11:27:00,41.45,42.95,41.4,42.3,5836.0
2026-09-21 11:28:00,42.3,43.8,42.15,43.1,7188.0
2026-09-21 11:29:00,43.1,43.8,42.75,43.15,5571.0
2026-09-21 11:30:00,43.15,45.45,43.1,44.5,29911.0
2026-09-21 11:31:00,44.65,45.6,43.9,45.15,18886.0
2026-09-21 11:32:00,45.15,45.5,44.35,44.7,10842.0
2026-09-21 11:33:00,44.9,46.75,44.2,46.65,19185.0
2026-09-21 11:34:00,46.65,47.0,44.8,45.5,18174.0
2026-09-21 11:35:00,45.65,45.7,42.55,42.9,22676.0
2026-09-21 11:36:00,43.0,44.75,43.0,43.85,11996.0
2026-09-21 11:37:00,43.9,44.35,43.1,43.7,7278.0
2026-09-21 11:38:00,43.7,43.85,42.65,42.8,8851.0
2026-09-21 11:39:00,42.8,43.1,41.75,41.75,14770.0
2026-09-21 11:40:00,41.75,42.5,41.25,42.05,15492.0
2026-09-21 11:41:00,42.0,44.0,41.9,43.85,11187.0
2026-09-21 11:42:00,43.8,45.4,43.75,45.15,16979.0
2026-09-21 11:43:00,45.25,46.05,44.65,45.15,19488.0
2026-09-21 11:44:00,45.35,45.95,44.0,45.5,10231.0
2026-09-21 11:45:00,45.5,45.6,44.05,44.65,8009.0
2026-09-21 11:46:00,44.7,45.2,42.65,43.0,11425.0
2026-09-21 11:47:00,43.15,43.7,42.25,42.95,9992.0
2026-09-21 11:48:00,42.95,44.0,42.8,43.8,4573.0
2026-09-21 11:49:00,43.8,43.85,42.7,43.25,8730.0
2026-09-21 11:50:00,43.2,44.55,42.85,44.4,7218.0
2026-09-21 11:51:00,44.4,44.8,43.85,44.7,8381.0
2026-09-21 11:52:00,44.75,46.45,44.6,46.15,17666.0
2026-09-21 11:53:00,46.15,48.3,46.0,47.7,26283.0
2026-09-21 11:54:00,47.75,51.5,47.65,50.65,59818.0
2026-09-21 11:55:00,50.75,51.2,49.2,51.15,29283.0
2026-09-21 11:56:00,51.05,54.4,51.05,52.85,65036.0
2026-09-21 11:57:00,52.8,54.25,51.8,53.45,32524.0
2026-09-21 11:58:00,53.35,55.8,53.15,54.4,47157.0
2026-09-21 11:59:00,54.25,54.95,51.75,52.5,29923.0
2026-09-21 12:00:00,52.35,55.5,52.05,54.1,37376.0
2026-09-21 12:01:00,54.1,54.5,51.25,52.7,23161.0
2026-09-21 12:02:00,52.55,52.75,51.3,51.65,14483.0
2026-09-21 12:03:00,51.6,52.0,49.25,50.25,31375.0
2026-09-21 12:04:00,50.2,52.45,49.55,52.3,17975.0
2026-09-21 12:05:00,52.4,52.6,50.5,51.1,12352.0
2026-09-21 12:06:00,51.1,52.95,51.0,51.4,12277.0
2026-09-21 12:07:00,51.45,52.35,50.0,50.0,12871.0
2026-09-21 12:08:00,50.0,51.0,49.15,50.25,17254.0
2026-09-21 12:09:00,50.2,50.5,48.5,49.9,16049.0
2026-09-21 12:10:00,49.85,49.9,48.0,48.35,20785.0
2026-09-21 12:11:00,48.45,50.95,48.35,50.6,21434.0
2026-09-21 12:12:00,50.5,51.25,49.55,49.95,15628.0
2026-09-21 12:13:00,49.95,50.95,49.3,50.95,10884.0
2026-09-21 12:14:00,50.8,51.65,50.3,51.45,13914.0
2026-09-21 12:15:00,51.55,52.0,50.0,51.5,11517.0
2026-09-21 12:16:00,51.5,52.2,50.6,51.0,12430.0
2026-09-21 12:17:00,51.05,51.4,50.0,50.15,8846.0
2026-09-21 12:18:00,50.1,50.7,48.65,48.9,13323.0
2026-09-21 12:19:00,48.85,50.6,48.8,50.4,5689.0
2026-09-21 12:20:00,50.5,50.9,49.25,50.65,9257.0
2026-09-21 12:21:00,50.75,52.4,50.55,51.25,17720.0
2026-09-21 12:22:00,51.1,51.9,49.55,49.75,12693.0
2026-09-21 12:23:00,49.6,49.9,48.25,48.9,15856.0
2026-09-21 12:24:00,48.95,49.45,48.3,49.1,9038.0
2026-09-21 12:25:00,49.1,49.6,48.5,49.4,8673.0
2026-09-21 12:26:00,49.35,50.9,49.3,49.9,12122.0
2026-09-21 12:27:00,49.7,50.65,49.65,49.85,7427.0
2026-09-21 12:28:00,49.8,50.75,49.5,50.7,6456.0
2026-09-21 12:29:00,50.55,51.55,50.25,51.3,12138.0
2026-09-21 12:30:00,51.2,52.9,50.6,52.75,32482.0
2026-09-21 12:31:00,52.6,52.95,50.25,50.25,21982.0
2026-09-21 12:32:00,50.25,51.1,48.55,49.4,16659.0
2026-09-21 12:33:00,49.4,50.5,48.65,49.1,10703.0
2026-09-21 12:34:00,49.25,50.7,48.65,50.25,9505.0
2026-09-21 12:35:00,50.2,50.95,49.0,50.05,7906.0
2026-09-21 12:36:00,49.9,50.5,49.25,49.55,4731.0
2026-09-21 12:37:00,49.5,50.2,49.4,49.9,4037.0
2026-09-21 12:38:00,49.9,50.2,48.2,48.6,8785.0
2026-09-21 12:39:00,48.6,48.85,47.25,48.25,19479.0
2026-09-21 12:40:00,48.45,49.1,46.4,47.2,15471.0
2026-09-21 12:41:00,47.2,47.4,45.2,46.0,24070.0
2026-09-21 12:42:00,46.0,47.4,45.75,46.85,11946.0
2026-09-21 12:43:00,46.9,48.15,46.8,46.95,15815.0
2026-09-21 12:44:00,46.95,49.4,46.65,49.05,15392.0
2026-09-21 12:45:00,49.0,49.5,48.2,49.35,13319.0
2026-09-21 12:46:00,49.25,50.0,48.6,49.4,15213.0
2026-09-21 12:47:00,49.55,49.6,47.2,47.7,12863.0
2026-09-21 12:48:00,47.75,48.2,47.0,47.9,6813.0
2026-09-21 12:49:00,48.0,48.4,46.7,47.8,6442.0
2026-09-21 12:50:00,47.8,48.05,46.8,47.1,6317.0
2026-09-21 12:51:00,47.25,48.0,46.0,47.7,10273.0
2026-09-21 12:52:00,47.65,48.1,45.85,46.1,7707.0
2026-09-21 12:53:00,46.0,47.0,45.85,46.45,7364.0
2026-09-21 12:54:00,46.55,48.5,46.45,48.15,10682.0
2026-09-21 12:55:00,48.25,49.2,47.55,48.35,10994.0
2026-09-21 12:56:00,48.35,48.6,47.55,48.4,5775.0
2026-09-21 12:57:00,48.4,49.25,47.8,48.5,7181.0
2026-09-21 12:58:00,48.6,48.75,47.1,48.25,8879.0
2026-09-21 12:59:00,48.25,48.4,46.75,46.95,6454.0
2026-09-21 13:00:00,46.95,47.55,46.0,46.35,8742.0
2026-09-21 13:01:00,46.3,48.15,46.15,47.95,8466.0
2026-09-21 13:02:00,47.95,48.35,47.2,47.65,7128.0
2026-09-21 13:03:00,47.55,47.9,44.65,44.7,20636.0
2026-09-21 13:04:00,44.7,45.35,43.4,44.65,27043.0
2026-09-21 13:05:00,44.7,45.95,44.0,44.65,14020.0
2026-09-21 13:06:00,44.65,45.4,44.25,45.1,7681.0
2026-09-21 13:07:00,45.0,45.2,42.65,43.15,18282.0
2026-09-21 13:08:00,43.05,44.6,42.6,43.9,16720.0
2026-09-21 13:09:00,43.7,44.25,42.0,42.3,16889.0
2026-09-21 13:10:00,42.4,43.35,41.7,42.9,14376.0
2026-09-21 13:11:00,42.9,43.3,41.1,41.7,12152.0
2026-09-21 13:12:00,41.7,43.3,41.65,42.65,10150.0
2026-09-21 13:13:00,42.55,44.0,42.45,43.45,20531.0
2026-09-21 13:14:00,43.55,45.0,43.3,44.25,18585.0
2026-09-21 13:15:00,44.35,47.45,44.05,47.0,33273.0
2026-09-21 13:16:00,47.15,48.25,46.65,48.05,29777.0
2026-09-21 13:17:00,48.05,48.7,47.0,47.5,17562.0
2026-09-21 13:18:00,47.65,49.75,47.15,49.75,22276.0
2026-09-21 13:19:00,49.65,50.95,49.05,50.15,43488.0
2026-09-21 13:20:00,50.3,51.8,49.8,50.9,36213.0
2026-09-21 13:21:00,50.75,51.0,48.75,50.95,23759.0
2026-09-21 13:22:00,50.95,52.65,50.25,50.3,35337.0
2026-09-21 13:23:00,50.45,52.25,50.35,51.1,16676.0
2026-09-21 13:24:00,51.2,51.25,49.05,50.45,19735.0
2026-09-21 13:25:00,50.35,51.3,49.85,50.95,11047.0
2026-09-21 13:26:00,50.95,52.2,50.5,51.8,17850.0
2026-09-21 13:27:00,51.6,53.15,51.15,51.9,26763.0
2026-09-21 13:28:00,51.9,52.5,51.4,52.25,12329.0
2026-09-21 13:29:00,52.4,52.5,50.4,51.6,16887.0
2026-09-21 13:30:00,51.55,51.95,49.65,49.65,15351.0
2026-09-21 13:31:00,49.8,51.25,49.6,50.95,12528.0
2026-09-21 13:32:00,50.9,52.5,50.85,52.0,12522.0
2026-09-21 13:33:00,52.0,53.6,51.8,53.6,25982.0
2026-09-21 13:34:00,53.6,55.6,53.2,55.55,44188.0
2026-09-21 13:35:00,55.6,55.75,53.5,54.0,34224.0
2026-09-21 13:36:00,54.0,55.0,52.15,53.1,28899.0
2026-09-21 13:37:00,52.95,54.2,52.05,52.7,19146.0
2026-09-21 13:38:00,52.6,53.6,52.1,52.55,10997.0
2026-09-21 13:39:00,52.45,53.2,51.5,52.3,14137.0
2026-09-21 13:40:00,52.3,53.0,50.25,50.3,21850.0
2026-09-21 13:41:00,50.35,52.0,50.0,51.05,17563.0
2026-09-21 13:42:00,51.15,52.55,50.0,50.15,14939.0
2026-09-21 13:43:00,50.15,50.4,48.9,49.75,21600.0
2026-09-21 13:44:00,49.8,51.45,49.6,50.65,12066.0
2026-09-21 13:45:00,50.7,51.75,50.6,51.0,11252.0
2026-09-21 13:46:00,51.05,51.1,49.75,50.6,11232.0
2026-09-21 13:47:00,50.65,51.9,50.65,51.25,12651.0
2026-09-21 13:48:00,51.4,52.0,50.5,50.55,10003.0
2026-09-21 13:49:00,50.7,52.5,49.85,52.35,14690.0
2026-09-21 13:50:00,52.5,53.95,52.15,53.8,26115.0
2026-09-21 13:51:00,53.8,57.0,53.7,54.65,53891.0
2026-09-21 13:52:00,54.55,56.5,54.35,55.45,21745.0
2026-09-21 13:53:00,55.45,56.8,54.15,54.3,25327.0
2026-09-21 13:54:00,54.45,55.15,53.4,54.3,16181.0
2026-09-21 13:55:00,54.35,56.3,54.3,56.0,23964.0
2026-09-21 13:56:00,55.85,56.65,55.2,55.8,22391.0
2026-09-21 13:57:00,55.75,63.75,55.55,62.15,95489.0
2026-09-21 13:58:00,62.0,69.65,62.0,66.85,93234.0
2026-09-21 13:59:00,67.0,77.35,65.85,71.05,106982.0
2026-09-21 14:00:00,71.1,72.55,67.65,70.3,52666.0
2026-09-21 14:01:00,70.2,70.7,66.45,67.75,32300.0
2026-09-21 14:02:00,67.55,70.85,67.25,69.05,24277.0
2026-09-21 14:03:00,69.05,71.6,68.35,69.95,23863.0
2026-09-21 14:04:00,70.15,70.4,66.0,66.45,27377.0
2026-09-21 14:05:00,66.45,67.0,64.5,66.65,32680.0
2026-09-21 14:06:00,66.65,68.4,65.65,67.95,20316.0
2026-09-21 14:07:00,67.95,68.2,65.1,65.9,18834.0
2026-09-21 14:08:00,66.05,67.45,63.6,63.8,20574.0
2026-09-21 14:09:00,63.65,64.85,62.45,64.6,21149.0
2026-09-21 14:10:00,64.45,64.95,61.5,62.0,21422.0
2026-09-21 14:11:00,61.95,65.5,61.8,64.95,24298.0
2026-09-21 14:12:00,64.95,66.55,64.3,66.55,21386.0
2026-09-21 14:13:00,66.55,67.2,64.4,65.6,17767.0
2026-09-21 14:14:00,65.5,66.3,63.0,63.65,15600.0
2026-09-21 14:15:00,63.8,64.2,62.0,62.3,15506.0
2026-09-21 14:16:00,62.1,63.85,61.45,63.8,17687.0
2026-09-21 14:17:00,63.65,65.5,63.4,65.35,20142.0
2026-09-21 14:18:00,65.35,67.1,65.1,66.8,22771.0
2026-09-21 14:19:00,66.8,67.75,65.8,67.2,20360.0
2026-09-21 14:20:00,67.2,69.45,67.0,68.0,31223.0
2026-09-21 14:21:00,68.0,68.2,65.05,65.65,21289.0
2026-09-21 14:22:00,65.65,65.9,63.3,64.35,21740.0
2026-09-21 14:23:00,64.5,66.3,64.35,65.6,11219.0
2026-09-21 14:24:00,65.5,66.45,65.5,65.6,10083.0
2026-09-21 14:25:00,65.65,66.25,64.35,64.6,8836.0
2026-09-21 14:26:00,64.6,65.8,63.75,65.75,9341.0
2026-09-21 14:27:00,65.75,67.3,65.5,66.9,13627.0
2026-09-21 14:28:00,67.0,68.0,63.45,63.95,21742.0
2026-09-21 14:29:00,63.85,64.25,62.1,63.65,24944.0
2026-09-21 14:30:00,63.65,63.8,59.1,60.9,53474.0
2026-09-21 14:31:00,60.9,62.45,60.3,61.25,20928.0
2026-09-21 14:32:00,61.15,62.2,59.65,61.55,16504.0
2026-09-21 14:33:00,61.45,61.85,60.0,60.75,11094.0
2026-09-21 14:34:00,60.55,61.5,59.65,60.4,11350.0
2026-09-21 14:35:00,60.25,60.8,58.55,59.2,19075.0
2026-09-21 14:36:00,59.05,61.55,58.95,61.15,16803.0
2026-09-21 14:37:00,61.15,62.45,61.0,62.3,17876.0
2026-09-21 14:38:00,62.3,65.0,62.15,64.35,38160.0
2026-09-21 14:39:00,64.25,64.6,61.4,62.0,23314.0
2026-09-21 14:40:00,62.05,64.35,62.05,63.3,19634.0
2026-09-21 14:41:00,63.5,63.8,61.7,62.35,11882.0
2026-09-21 14:42:00,62.2,63.45,61.15,63.25,10296.0
2026-09-21 14:43:00,63.4,63.95,62.6,63.15,14146.0
2026-09-21 14:44:00,63.2,64.15,62.3,63.4,9916.0
2026-09-21 14:45:00,63.55,64.15,62.75,62.95,12937.0
2026-09-21 14:46:00,62.95,63.5,61.0,61.05,11314.0
2026-09-21 14:47:00,61.05,63.35,60.6,63.2,17903.0
2026-09-21 14:48:00,63.2,64.55,62.75,63.0,20348.0
2026-09-21 14:49:00,63.15,63.5,62.25,62.75,7004.0
2026-09-21 14:50:00,62.9,64.7,61.8,61.95,25269.0
2026-09-21 14:51:00,62.2,63.4,61.0,62.8,16602.0
2026-09-21 14:52:00,63.0,63.5,61.75,63.1,7448.0
2026-09-21 14:53:00,63.05,63.2,60.85,62.0,11846.0
2026-09-21 14:54:00,62.0,63.25,61.9,62.45,8961.0
2026-09-21 14:55:00,62.55,62.75,61.6,62.05,6528.0
2026-09-21 14:56:00,62.2,63.0,61.8,62.45,6475.0
2026-09-21 14:57:00,62.6,64.2,62.1,62.5,17975.0
2026-09-21 14:58:00,62.7,63.45,59.4,59.65,21934.0
2026-09-21 14:59:00,59.6,61.6,58.6,60.1,26383.0
2026-09-21 15:00:00,60.2,61.0,55.6,60.5,59199.0
2026-09-21 15:01:00,60.55,61.15,58.1,58.7,24878.0
2026-09-21 15:02:00,58.75,59.15,57.0,58.15,19547.0
2026-09-21 15:03:00,58.25,60.25,57.9,58.95,15094.0
2026-09-21 15:04:00,58.95,59.35,58.2,58.7,7544.0
2026-09-21 15:05:00,58.65,60.2,58.5,59.45,11392.0
2026-09-21 15:06:00,59.6,59.9,57.65,57.7,14318.0
2026-09-21 15:07:00,57.7,58.35,56.4,57.15,21280.0
2026-09-21 15:08:00,57.3,57.3,55.25,56.85,23494.0
2026-09-21 15:09:00,56.75,59.0,56.45,58.0,18078.0
2026-09-21 15:10:00,58.0,58.9,57.85,58.1,15062.0
2026-09-21 15:11:00,58.1,58.35,56.25,57.3,14115.0
2026-09-21 15:12:00,57.2,58.2,55.25,55.9,19570.0
2026-09-21 15:13:00,55.9,57.9,54.5,56.55,23464.0
2026-09-21 15:14:00,56.55,57.75,55.9,56.1,18587.0
2026-09-21 15:15:00,56.2,60.3,55.6,58.75,41597.0
2026-09-21 15:16:00,58.95,60.0,57.7,58.65,22978.0
2026-09-21 15:17:00,58.7,59.25,57.1,57.65,18370.0
2026-09-21 15:18:00,57.65,58.9,57.3,58.3,10457.0
2026-09-21 15:19:00,58.2,61.6,58.1,59.95,27618.0
2026-09-21 15:20:00,59.95,60.0,55.0,57.8,44632.0
2026-09-21 15:21:00,57.9,59.85,57.75,59.45,18261.0
2026-09-21 15:22:00,59.45,60.5,57.65,58.25,29988.0
2026-09-21 15:23:00,58.3,58.95,56.65,58.35,15398.0
2026-09-21 15:24:00,58.25,59.7,57.4,57.95,17425.0
2026-09-21 15:25:00,57.8,58.75,55.45,56.55,27104.0
2026-09-21 15:26:00,56.6,57.0,53.8,55.8,34129.0
2026-09-21 15:27:00,55.9,56.15,54.3,55.45,16282.0
2026-09-21 15:28:00,55.45,57.25,55.4,56.3,24425.0
2026-09-21 15:29:00,56.2,57.0,55.5,56.25,24666.0
2026-09-21 15:30:00,56.4,57.0,55.75,56.55,12928.0
