dt,open,high,low,close,volume
2026-09-07 09:15:00,23883.15,23890.0,23837.9,23838.4,0.0
2026-09-07 09:16:00,23837.3,23846.6,23818.5,23845.0,0.0
2026-09-07 09:17:00,23846.75,23854.5,23841.75,23845.5,0.0
2026-09-07 09:18:00,23846.1,23858.25,23843.0,23856.7,0.0
2026-09-07 09:19:00,23858.7,23862.6,23854.75,23858.8,0.0
2026-09-07 09:20:00,23859.35,23859.35,23846.0,23847.35,0.0
2026-09-07 09:21:00,23847.8,23858.35,23846.4,23850.8,0.0
2026-09-07 09:22:00,23852.85,23857.75,23848.55,23857.75,0.0
2026-09-07 09:23:00,23859.3,23861.3,23849.15,23851.4,0.0
2026-09-07 09:24:00,23853.45,23853.7,23838.25,23838.25,0.0
2026-09-07 09:25:00,23841.75,23841.75,23831.05,23834.5,0.0
2026-09-07 09:26:00,23837.95,23838.0,23832.75,23835.15,0.0
2026-09-07 09:27:00,23835.9,23835.9,23828.35,23830.15,0.0
2026-09-07 09:28:00,23831.35,23833.0,23826.65,23831.25,0.0
2026-09-07 09:29:00,23834.0,23834.0,23828.65,23828.65,0.0
2026-09-07 09:30:00,23830.95,23840.9,23828.25,23836.85,0.0
2026-09-07 09:31:00,23840.5,23841.05,23832.95,23833.15,0.0
2026-09-07 09:32:00,23835.3,23835.7,23832.0,23834.85,0.0
2026-09-07 09:33:00,23836.35,23840.4,23833.75,23836.3,0.0
2026-09-07 09:34:00,23837.85,23840.0,23831.15,23839.2,0.0
2026-09-07 09:35:00,23840.5,23840.5,23833.85,23836.9,0.0
2026-09-07 09:36:00,23838.65,23844.95,23837.95,23842.65,0.0
2026-09-07 09:37:00,23843.6,23845.0,23835.95,23838.45,0.0
2026-09-07 09:38:00,23839.3,23840.8,23835.95,23836.25,0.0
2026-09-07 09:39:00,23838.5,23840.35,23835.7,23838.0,0.0
2026-09-07 09:40:00,23839.25,23844.0,23838.1,23840.9,0.0
2026-09-07 09:41:00,23842.15,23842.65,23835.85,23837.6,0.0
2026-09-07 09:42:00,23837.85,23842.5,23835.55,23841.5,0.0
2026-09-07 09:43:00,23841.8,23845.65,23838.95,23840.15,0.0
2026-09-07 09:44:00,23840.85,23840.85,23833.5,23835.85,0.0
2026-09-07 09:45:00,23837.65,23841.8,23836.35,23838.5,0.0
2026-09-07 09:46:00,23840.1,23841.5,23835.4,23836.2,0.0
2026-09-07 09:47:00,23837.25,23838.1,23833.45,23834.35,0.0
2026-09-07 09:48:00,23835.45,23836.1,23827.85,23829.35,0.0
2026-09-07 09:49:00,23830.1,23831.1,23827.7,23829.25,0.0
2026-09-07 09:50:00,23830.45,23832.3,23825.95,23827.75,0.0
2026-09-07 09:51:00,23829.3,23833.3,23828.45,23830.7,0.0
2026-09-07 09:52:00,23832.0,23832.4,23825.2,23825.2,0.0
2026-09-07 09:53:00,23826.75,23827.45,23824.2,23824.65,0.0
2026-09-07 09:54:00,23826.0,23826.35,23815.0,23817.15,0.0
2026-09-07 09:55:00,23818.15,23820.05,23810.15,23815.55,0.0
2026-09-07 09:56:00,23816.65,23822.4,23814.4,23822.4,0.0
2026-09-07 09:57:00,23823.45,23827.8,23822.0,23822.8,0.0
2026-09-07 09:58:00,23823.45,23823.8,23815.65,23817.1,0.0
2026-09-07 09:59:00,23818.15,23820.6,23815.55,23815.95,0.0
2026-09-07 10:00:00,23817.05,23821.8,23816.85,23817.75,0.0
2026-09-07 10:01:00,23819.0,23819.65,23812.1,23817.45,0.0
2026-09-07 10:02:00,23818.25,23825.5,23816.95,23821.7,0.0
2026-09-07 10:03:00,23823.1,23827.05,23821.55,23822.55,0.0
2026-09-07 10:04:00,23822.45,23824.35,23818.25,23822.15,0.0
2026-09-07 10:05:00,23823.55,23823.55,23816.5,23819.15,0.0
2026-09-07 10:06:00,23820.2,23821.0,23816.15,23818.85,0.0
2026-09-07 10:07:00,23819.7,23820.7,23817.3,23818.9,0.0
2026-09-07 10:08:00,23820.3,23821.75,23816.9,23820.1,0.0
2026-09-07 10:09:00,23821.65,23823.1,23816.7,23816.95,0.0
2026-09-07 10:10:00,23819.45,23820.65,23814.55,23814.9,0.0
2026-09-07 10:11:00,23816.45,23817.3,23813.85,23814.65,0.0
2026-09-07 10:12:00,23815.85,23816.9,23813.4,23815.15,0.0
2026-09-07 10:13:00,23816.2,23816.7,23808.75,23809.6,0.0
2026-09-07 10:14:00,23810.75,23812.9,23806.1,23806.45,0.0
2026-09-07 10:15:00,23808.1,23811.15,23805.7,23806.05,0.0
2026-09-07 10:16:00,23807.4,23807.4,23792.55,23792.9,0.0
2026-09-07 10:17:00,23793.55,23793.7,23789.45,23791.65,0.0
2026-09-07 10:18:00,23792.95,23798.8,23791.1,23796.7,0.0
2026-09-07 10:19:00,23798.5,23799.05,23795.75,23796.55,0.0
2026-09-07 10:20:00,23797.75,23801.2,23795.7,23798.65,0.0
2026-09-07 10:21:00,23799.7,23802.3,23797.7,23801.35,0.0
2026-09-07 10:22:00,23802.2,23809.15,23801.55,23806.95,0.0
2026-09-07 10:23:00,23808.1,23809.45,23804.3,23804.5,0.0
2026-09-07 10:24:00,23806.0,23806.0,23801.4,23801.6,0.0
2026-09-07 10:25:00,23802.4,23804.2,23801.45,23802.75,0.0
2026-09-07 10:26:00,23803.75,23804.7,23800.6,23801.35,0.0
2026-09-07 10:27:00,23802.55,23806.0,23800.9,23804.85,0.0
2026-09-07 10:28:00,23804.95,23804.95,23798.6,23800.45,0.0
2026-09-07 10:29:00,23801.0,23804.0,23798.4,23799.6,0.0
2026-09-07 10:30:00,23801.1,23804.25,23799.4,23800.9,0.0
2026-09-07 10:31:00,23802.3,23805.45,23800.0,23803.65,0.0
2026-09-07 10:32:00,23804.95,23805.3,23801.45,23802.05,0.0
2026-09-07 10:33:00,23802.1,23802.15,23798.5,23799.35,0.0
2026-09-07 10:34:00,23800.35,23801.4,23799.05,23799.1,0.0
2026-09-07 10:35:00,23800.85,23800.95,23797.55,23798.35,0.0
2026-09-07 10:36:00,23799.7,23800.35,23795.1,23795.85,0.0
2026-09-07 10:37:00,23797.6,23804.05,23796.25,23801.1,0.0
2026-09-07 10:38:00,23802.3,23803.05,23799.45,23799.45,0.0
2026-09-07 10:39:00,23801.1,23801.75,23798.55,23799.15,0.0
2026-09-07 10:40:00,23800.7,23800.7,23796.1,23797.0,0.0
2026-09-07 10:41:00,23798.65,23798.7,23796.15,23797.45,0.0
2026-09-07 10:42:00,23799.3,23800.6,23796.5,23800.6,0.0
2026-09-07 10:43:00,23800.75,23802.8,23799.05,23801.05,0.0
2026-09-07 10:44:00,23802.2,23802.3,23797.45,23802.05,0.0
2026-09-07 10:45:00,23803.05,23803.9,23797.4,23799.7,0.0
2026-09-07 10:46:00,23799.9,23801.35,23797.55,23798.7,0.0
2026-09-07 10:47:00,23799.8,23800.15,23797.25,23797.95,0.0
2026-09-07 10:48:00,23799.05,23799.3,23794.55,23794.6,0.0
2026-09-07 10:49:00,23796.5,23797.45,23791.75,23794.3,0.0
2026-09-07 10:50:00,23795.7,23799.8,23792.35,23797.4,0.0
2026-09-07 10:51:00,23798.15,23798.4,23790.7,23793.45,0.0
2026-09-07 10:52:00,23793.9,23795.1,23792.1,23794.65,0.0
2026-09-07 10:53:00,23796.0,23796.4,23790.35,23790.7,0.0
2026-09-07 10:54:00,23791.85,23791.85,23788.0,23789.0,0.0
2026-09-07 10:55:00,23790.6,23790.6,23784.45,23787.35,0.0
2026-09-07 10:56:00,23789.4,23795.35,23787.95,23789.5,0.0
2026-09-07 10:57:00,23790.8,23791.1,23787.2,23789.1,0.0
2026-09-07 10:58:00,23790.25,23791.05,23787.1,23789.3,0.0
2026-09-07 10:59:00,23790.85,23790.85,23787.1,23788.15,0.0
2026-09-07 11:00:00,23789.2,23789.2,23783.15,23785.4,0.0
2026-09-07 11:01:00,23786.85,23787.35,23784.05,23784.05,0.0
2026-09-07 11:02:00,23786.45,23786.45,23779.35,23781.35,0.0
2026-09-07 11:03:00,23783.2,23784.4,23780.4,23780.75,0.0
2026-09-07 11:04:00,23781.3,23781.3,23771.95,23774.1,0.0
2026-09-07 11:05:00,23775.35,23777.3,23772.65,23775.95,0.0
2026-09-07 11:06:00,23778.25,23778.25,23772.75,23774.4,0.0
2026-09-07 11:07:00,23775.5,23775.5,23770.25,23771.75,0.0
2026-09-07 11:08:00,23774.05,23774.05,23768.85,23772.5,0.0
2026-09-07 11:09:00,23773.8,23774.05,23768.7,23770.2,0.0
2026-09-07 11:10:00,23771.2,23773.6,23769.0,23770.3,0.0
2026-09-07 11:11:00,23771.25,23775.15,23769.55,23773.5,0.0
2026-09-07 11:12:00,23775.1,23775.1,23769.7,23771.45,0.0
2026-09-07 11:13:00,23773.5,23773.75,23762.6,23764.75,0.0
2026-09-07 11:14:00,23764.9,23771.9,23764.9,23769.15,0.0
2026-09-07 11:15:00,23770.25,23771.1,23764.2,23764.2,0.0
2026-09-07 11:16:00,23766.15,23769.2,23762.95,23767.7,0.0
2026-09-07 11:17:00,23769.25,23772.05,23766.55,23770.55,0.0
2026-09-07 11:18:00,23771.05,23771.05,23767.9,23769.35,0.0
2026-09-07 11:19:00,23770.45,23770.45,23763.55,23769.3,0.0
2026-09-07 11:20:00,23769.5,23773.6,23766.95,23773.6,0.0
2026-09-07 11:21:00,23774.1,23775.5,23771.95,23773.95,0.0
2026-09-07 11:22:00,23775.4,23776.6,23772.95,23776.05,0.0
2026-09-07 11:23:00,23777.65,23777.65,23773.45,23774.2,0.0
2026-09-07 11:24:00,23776.4,23776.4,23769.2,23770.3,0.0
2026-09-07 11:25:00,23770.95,23770.95,23765.8,23768.45,0.0
2026-09-07 11:26:00,23768.4,23769.8,23766.35,23767.7,0.0
2026-09-07 11:27:00,23769.8,23769.8,23764.45,23768.0,0.0
2026-09-07 11:28:00,23769.45,23771.45,23765.85,23767.9,0.0
2026-09-07 11:29:00,23770.3,23770.75,23765.5,23766.6,0.0
2026-09-07 11:30:00,23767.5,23772.25,23765.1,23766.15,0.0
2026-09-07 11:31:00,23766.7,23769.7,23764.25,23765.45,0.0
2026-09-07 11:32:00,23767.65,23769.25,23765.35,23768.3,0.0
2026-09-07 11:33:00,23770.05,23770.05,23765.65,23768.15,0.0
2026-09-07 11:34:00,23769.55,23769.55,23766.15,23767.15,0.0
2026-09-07 11:35:00,23768.25,23768.3,23763.5,23765.25,0.0
2026-09-07 11:36:00,23766.75,23767.45,23762.55,23763.6,0.0
2026-09-07 11:37:00,23765.3,23767.0,23764.1,23765.8,0.0
2026-09-07 11:38:00,23766.85,23766.95,23762.95,23764.55,0.0
2026-09-07 11:39:00,23766.7,23766.7,23762.05,23764.5,0.0
2026-09-07 11:40:00,23765.05,23765.05,23757.7,23758.1,0.0
2026-09-07 11:41:00,23760.7,23763.05,23757.65,23761.65,0.0
2026-09-07 11:42:00,23763.25,23769.1,23761.2,23767.55,0.0
2026-09-07 11:43:00,23768.5,23771.6,23767.1,23769.0,0.0
2026-09-07 11:44:00,23771.05,23773.1,23769.1,23771.9,0.0
2026-09-07 11:45:00,23773.75,23775.0,23771.45,23772.15,0.0
2026-09-07 11:46:00,23773.0,23773.65,23768.8,23772.1,0.0
2026-09-07 11:47:00,23773.75,23774.4,23771.0,23772.65,0.0
2026-09-07 11:48:00,23774.7,23774.7,23768.4,23770.3,0.0
2026-09-07 11:49:00,23771.1,23772.75,23767.9,23768.85,0.0
2026-09-07 11:50:00,23771.85,23773.55,23768.75,23769.2,0.0
2026-09-07 11:51:00,23770.45,23773.25,23768.5,23768.8,0.0
2026-09-07 11:52:00,23771.3,23774.65,23770.25,23773.55,0.0
2026-09-07 11:53:00,23774.85,23775.05,23770.8,23774.05,0.0
2026-09-07 11:54:00,23776.2,23779.35,23774.8,23775.5,0.0
2026-09-07 11:55:00,23777.15,23777.2,23773.6,23773.9,0.0
2026-09-07 11:56:00,23775.75,23776.7,23770.3,23770.45,0.0
2026-09-07 11:57:00,23773.25,23774.6,23770.35,23771.8,0.0
2026-09-07 11:58:00,23772.65,23775.8,23770.55,23774.35,0.0
2026-09-07 11:59:00,23776.25,23776.75,23773.9,23774.75,0.0
2026-09-07 12:00:00,23776.1,23776.5,23772.05,23773.85,0.0
2026-09-07 12:01:00,23774.9,23774.95,23769.25,23773.35,0.0
2026-09-07 12:02:00,23774.75,23775.4,23772.8,23773.15,0.0
2026-09-07 12:03:00,23775.0,23775.7,23772.55,23772.95,0.0
2026-09-07 12:04:00,23775.8,23777.0,23772.95,23774.8,0.0
2026-09-07 12:05:00,23776.25,23776.25,23771.45,23774.0,0.0
2026-09-07 12:06:00,23776.3,23777.75,23773.2,23776.3,0.0
2026-09-07 12:07:00,23777.5,23779.85,23776.55,23778.95,0.0
2026-09-07 12:08:00,23780.25,23786.8,23779.15,23783.25,0.0
2026-09-07 12:09:00,23784.7,23788.75,23783.45,23787.1,0.0
2026-09-07 12:10:00,23787.75,23787.75,23778.75,23779.7,0.0
2026-09-07 12:11:00,23781.25,23782.9,23778.4,23782.15,0.0
2026-09-07 12:12:00,23783.65,23787.15,23781.95,23785.5,0.0
2026-09-07 12:13:00,23786.9,23786.9,23779.9,23781.45,0.0
2026-09-07 12:14:00,23782.3,23786.95,23779.85,23785.95,0.0
2026-09-07 12:15:00,23786.7,23788.4,23782.8,23783.6,0.0
2026-09-07 12:16:00,23784.75,23784.85,23778.7,23778.9,0.0
2026-09-07 12:17:00,23780.25,23780.6,23775.25,23775.25,0.0
2026-09-07 12:18:00,23777.7,23778.85,23773.65,23773.65,0.0
2026-09-07 12:19:00,23774.6,23775.0,23767.5,23769.4,0.0
2026-09-07 12:20:00,23769.3,23772.1,23766.15,23771.7,0.0
2026-09-07 12:21:00,23772.8,23772.8,23767.05,23767.05,0.0
2026-09-07 12:22:00,23768.95,23768.95,23764.05,23764.85,0.0
2026-09-07 12:23:00,23765.55,23765.9,23763.85,23764.7,0.0
2026-09-07 12:24:00,23765.45,23768.75,23764.5,23767.85,0.0
2026-09-07 12:25:00,23768.15,23768.55,23765.05,23765.45,0.0
2026-09-07 12:26:00,23767.15,23767.95,23763.0,23764.2,0.0
2026-09-07 12:27:00,23765.65,23766.15,23762.3,23764.65,0.0
2026-09-07 12:28:00,23765.85,23765.85,23761.75,23762.1,0.0
2026-09-07 12:29:00,23763.4,23765.95,23759.8,23761.4,0.0
2026-09-07 12:30:00,23761.9,23761.9,23754.5,23756.45,0.0
2026-09-07 12:31:00,23757.15,23757.35,23752.9,23755.3,0.0
2026-09-07 12:32:00,23756.45,23758.7,23754.0,23757.35,0.0
2026-09-07 12:33:00,23758.95,23763.0,23757.05,23762.45,0.0
2026-09-07 12:34:00,23764.0,23764.0,23759.95,23761.4,0.0
2026-09-07 12:35:00,23762.1,23762.1,23751.75,23757.1,0.0
2026-09-07 12:36:00,23758.05,23760.45,23752.85,23757.2,0.0
2026-09-07 12:37:00,23757.85,23766.95,23756.2,23765.15,0.0
2026-09-07 12:38:00,23765.65,23768.15,23761.45,23765.15,0.0
2026-09-07 12:39:00,23766.25,23767.6,23759.75,23761.0,0.0
2026-09-07 12:40:00,23762.45,23763.7,23759.2,23761.35,0.0
2026-09-07 12:41:00,23763.1,23763.95,23755.45,23760.95,0.0
2026-09-07 12:42:00,23761.85,23764.0,23756.6,23757.35,0.0
2026-09-07 12:43:00,23759.0,23762.1,23757.55,23758.7,0.0
2026-09-07 12:44:00,23760.65,23761.2,23756.95,23758.4,0.0
2026-09-07 12:45:00,23760.45,23760.45,23755.1,23756.85,0.0
2026-09-07 12:46:00,23758.05,23758.7,23754.95,23756.2,0.0
2026-09-07 12:47:00,23757.2,23757.45,23751.1,23754.1,0.0
2026-09-07 12:48:00,23754.5,23754.5,23750.6,23752.45,0.0
2026-09-07 12:49:00,23753.25,23754.35,23750.8,23752.75,0.0
2026-09-07 12:50:00,23753.85,23753.85,23744.5,23746.25,0.0
2026-09-07 12:51:00,23747.7,23748.95,23742.35,23746.9,0.0
2026-09-07 12:52:00,23747.5,23747.5,23741.65,23741.9,0.0
2026-09-07 12:53:00,23743.2,23744.7,23740.5,23742.55,0.0
2026-09-07 12:54:00,23743.3,23745.6,23739.65,23744.65,0.0
2026-09-07 12:55:00,23744.7,23744.7,23739.25,23739.4,0.0
2026-09-07 12:56:00,23740.7,23743.4,23738.7,23741.4,0.0
2026-09-07 12:57:00,23743.45,23746.4,23740.9,23744.8,0.0
2026-09-07 12:58:00,23745.1,23746.75,23743.75,23744.9,0.0
2026-09-07 12:59:00,23745.25,23745.45,23742.95,23744.45,0.0
2026-09-07 13:00:00,23744.8,23746.55,23742.8,23743.1,0.0
2026-09-07 13:01:00,23744.1,23746.1,23741.05,23745.45,0.0
2026-09-07 13:02:00,23746.7,23750.35,23746.05,23747.2,0.0
2026-09-07 13:03:00,23747.85,23747.95,23744.15,23744.15,0.0
2026-09-07 13:04:00,23745.75,23747.0,23741.8,23746.25,0.0
2026-09-07 13:05:00,23747.25,23751.1,23745.7,23749.75,0.0
2026-09-07 13:06:00,23750.75,23755.0,23749.2,23753.4,0.0
2026-09-07 13:07:00,23754.55,23755.9,23750.65,23751.1,0.0
2026-09-07 13:08:00,23752.75,23753.75,23750.55,23751.6,0.0
2026-09-07 13:09:00,23752.8,23753.05,23750.0,23751.4,0.0
2026-09-07 13:10:00,23753.2,23754.3,23751.55,23752.35,0.0
2026-09-07 13:11:00,23753.45,23753.45,23749.2,23749.85,0.0
2026-09-07 13:12:00,23752.05,23754.4,23749.45,23753.9,0.0
2026-09-07 13:13:00,23754.9,23754.9,23750.85,23752.75,0.0
2026-09-07 13:14:00,23754.4,23754.9,23749.75,23750.15,0.0
2026-09-07 13:15:00,23751.35,23753.5,23749.45,23751.7,0.0
2026-09-07 13:16:00,23753.7,23754.2,23750.2,23750.85,0.0
2026-09-07 13:17:00,23752.75,23757.5,23750.75,23752.3,0.0
2026-09-07 13:18:00,23753.85,23753.85,23747.3,23747.3,0.0
2026-09-07 13:19:00,23749.45,23754.8,23748.3,23754.05,0.0
2026-09-07 13:20:00,23755.25,23758.3,23754.15,23755.1,0.0
2026-09-07 13:21:00,23756.65,23758.75,23755.35,23756.75,0.0
2026-09-07 13:22:00,23758.55,23761.15,23757.0,23758.95,0.0
2026-09-07 13:23:00,23760.65,23760.75,23754.95,23755.75,0.0
2026-09-07 13:24:00,23757.05,23759.35,23755.05,23756.55,0.0
2026-09-07 13:25:00,23759.15,23762.1,23756.1,23760.7,0.0
2026-09-07 13:26:00,23761.8,23763.5,23758.5,23761.7,0.0
2026-09-07 13:27:00,23763.75,23763.75,23758.3,23758.55,0.0
2026-09-07 13:28:00,23760.95,23760.95,23758.1,23758.35,0.0
2026-09-07 13:29:00,23760.15,23760.2,23755.35,23756.85,0.0
2026-09-07 13:30:00,23758.0,23758.3,23755.35,23756.45,0.0
2026-09-07 13:31:00,23756.9,23757.6,23755.2,23757.1,0.0
2026-09-07 13:32:00,23758.1,23758.1,23751.0,23754.1,0.0
2026-09-07 13:33:00,23755.15,23758.25,23751.8,23756.1,0.0
2026-09-07 13:34:00,23757.05,23757.25,23754.3,23756.1,0.0
2026-09-07 13:35:00,23757.65,23757.65,23752.85,23754.0,0.0
2026-09-07 13:36:00,23755.6,23759.1,23754.25,23757.4,0.0
2026-09-07 13:37:00,23758.3,23763.65,23756.45,23762.9,0.0
2026-09-07 13:38:00,23764.3,23765.35,23759.75,23761.35,0.0
2026-09-07 13:39:00,23762.5,23763.15,23759.25,23759.95,0.0
2026-09-07 13:40:00,23761.3,23761.85,23758.0,23758.4,0.0
2026-09-07 13:41:00,23759.65,23761.45,23757.3,23760.7,0.0
2026-09-07 13:42:00,23762.45,23762.5,23759.3,23759.55,0.0
2026-09-07 13:43:00,23761.1,23761.1,23757.15,23758.55,0.0
2026-09-07 13:44:00,23759.55,23763.2,23758.3,23761.8,0.0
2026-09-07 13:45:00,23763.5,23764.65,23759.45,23759.55,0.0
2026-09-07 13:46:00,23762.05,23767.5,23760.85,23766.35,0.0
2026-09-07 13:47:00,23768.15,23768.95,23764.85,23767.95,0.0
2026-09-07 13:48:00,23767.65,23770.0,23763.35,23764.05,0.0
2026-09-07 13:49:00,23765.7,23768.3,23763.85,23765.95,0.0
2026-09-07 13:50:00,23767.65,23768.1,23764.1,23766.2,0.0
2026-09-07 13:51:00,23768.35,23768.55,23765.5,23767.5,0.0
2026-09-07 13:52:00,23768.65,23771.7,23765.7,23770.25,0.0
2026-09-07 13:53:00,23771.2,23781.5,23768.6,23779.6,0.0
2026-09-07 13:54:00,23779.95,23780.25,23776.15,23778.2,0.0
2026-09-07 13:55:00,23780.05,23781.7,23778.15,23778.8,0.0
2026-09-07 13:56:00,23779.65,23779.65,23776.25,23777.3,0.0
2026-09-07 13:57:00,23777.8,23780.75,23776.9,23777.65,0.0
2026-09-07 13:58:00,23779.55,23779.55,23776.1,23776.35,0.0
2026-09-07 13:59:00,23777.8,23777.95,23774.85,23775.05,0.0
2026-09-07 14:00:00,23777.65,23779.05,23775.5,23777.65,0.0
2026-09-07 14:01:00,23778.9,23779.6,23777.3,23778.75,0.0
2026-09-07 14:02:00,23780.5,23784.5,23778.2,23781.65,0.0
2026-09-07 14:03:00,23783.65,23784.25,23777.95,23781.65,0.0
2026-09-07 14:04:00,23782.05,23783.1,23779.15,23780.15,0.0
2026-09-07 14:05:00,23781.15,23781.9,23776.05,23776.05,0.0
2026-09-07 14:06:00,23778.4,23778.4,23774.45,23775.0,0.0
2026-09-07 14:07:00,23776.1,23776.1,23771.85,23772.4,0.0
2026-09-07 14:08:00,23773.8,23773.8,23767.5,23767.5,0.0
2026-09-07 14:09:00,23770.0,23773.6,23768.6,23771.8,0.0
2026-09-07 14:10:00,23773.4,23776.7,23772.85,23774.1,0.0
2026-09-07 14:11:00,23775.75,23775.75,23772.1,23773.45,0.0
2026-09-07 14:12:00,23774.55,23776.05,23772.45,23773.6,0.0
2026-09-07 14:13:00,23775.3,23777.0,23774.15,23775.35,0.0
2026-09-07 14:14:00,23776.4,23776.85,23773.55,23774.05,0.0
2026-09-07 14:15:00,23776.0,23778.85,23773.45,23773.45,0.0
2026-09-07 14:16:00,23775.3,23775.35,23771.6,23772.75,0.0
2026-09-07 14:17:00,23773.95,23775.2,23769.2,23769.85,0.0
2026-09-07 14:18:00,23771.4,23773.5,23768.95,23772.05,0.0
2026-09-07 14:19:00,23773.2,23773.7,23770.05,23771.7,0.0
2026-09-07 14:20:00,23773.05,23775.95,23771.9,23774.5,0.0
2026-09-07 14:21:00,23776.1,23777.25,23774.5,23775.35,0.0
2026-09-07 14:22:00,23777.0,23777.15,23774.75,23775.05,0.0
2026-09-07 14:23:00,23777.1,23781.15,23775.05,23779.55,0.0
2026-09-07 14:24:00,23781.85,23782.45,23779.25,23780.2,0.0
2026-09-07 14:25:00,23781.0,23783.7,23779.35,23781.05,0.0
2026-09-07 14:26:00,23782.6,23784.15,23780.55,23781.4,0.0
2026-09-07 14:27:00,23782.55,23784.65,23781.4,23783.05,0.0
2026-09-07 14:28:00,23784.4,23784.9,23781.0,23781.9,0.0
2026-09-07 14:29:00,23783.85,23786.65,23781.6,23784.15,0.0
2026-09-07 14:30:00,23784.9,23786.8,23783.75,23783.75,0.0
2026-09-07 14:31:00,23784.95,23784.95,23776.65,23776.95,0.0
2026-09-07 14:32:00,23778.75,23781.4,23777.4,23779.7,0.0
2026-09-07 14:33:00,23781.2,23781.2,23777.65,23777.9,0.0
2026-09-07 14:34:00,23779.55,23779.55,23773.3,23774.25,0.0
2026-09-07 14:35:00,23776.8,23779.7,23774.2,23774.55,0.0
2026-09-07 14:36:00,23775.95,23776.7,23773.55,23774.2,0.0
2026-09-07 14:37:00,23776.05,23776.05,23771.85,23772.2,0.0
2026-09-07 14:38:00,23773.15,23773.5,23768.3,23769.25,0.0
2026-09-07 14:39:00,23770.05,23770.15,23765.75,23766.5,0.0
2026-09-07 14:40:00,23767.2,23767.2,23761.0,23761.05,0.0
2026-09-07 14:41:00,23762.55,23762.85,23758.8,23760.15,0.0
2026-09-07 14:42:00,23761.45,23764.45,23759.35,23761.55,0.0
2026-09-07 14:43:00,23762.9,23763.25,23760.7,23761.15,0.0
2026-09-07 14:44:00,23761.9,23762.6,23758.3,23758.7,0.0
2026-09-07 14:45:00,23759.15,23759.35,23754.8,23756.1,0.0
2026-09-07 14:46:00,23756.7,23758.25,23754.2,23755.35,0.0
2026-09-07 14:47:00,23756.55,23757.35,23754.4,23755.95,0.0
2026-09-07 14:48:00,23756.55,23759.25,23754.9,23755.4,0.0
2026-09-07 14:49:00,23757.0,23758.25,23754.0,23754.4,0.0
2026-09-07 14:50:00,23757.35,23761.9,23751.8,23760.35,0.0
2026-09-07 14:51:00,23760.75,23765.5,23758.5,23763.15,0.0
2026-09-07 14:52:00,23764.15,23764.15,23751.05,23752.05,0.0
2026-09-07 14:53:00,23753.0,23753.3,23749.75,23750.05,0.0
2026-09-07 14:54:00,23753.0,23753.0,23748.85,23750.6,0.0
2026-09-07 14:55:00,23751.4,23755.15,23750.85,23751.95,0.0
2026-09-07 14:56:00,23754.25,23756.55,23752.3,23752.85,0.0
2026-09-07 14:57:00,23753.2,23754.65,23751.8,23753.2,0.0
2026-09-07 14:58:00,23754.0,23754.2,23748.35,23748.35,0.0
2026-09-07 14:59:00,23750.2,23751.65,23745.65,23749.4,0.0
2026-09-07 15:00:00,23749.35,23749.35,23742.85,23747.8,0.0
2026-09-07 15:01:00,23748.65,23755.2,23748.4,23751.75,0.0
2026-09-07 15:02:00,23751.7,23755.95,23750.4,23755.5,0.0
2026-09-07 15:03:00,23755.8,23757.35,23754.05,23754.8,0.0
2026-09-07 15:04:00,23754.95,23755.2,23747.25,23750.15,0.0
2026-09-07 15:05:00,23749.95,23750.4,23743.8,23745.1,0.0
2026-09-07 15:06:00,23747.15,23750.4,23743.6,23750.15,0.0
2026-09-07 15:07:00,23749.7,23750.35,23746.6,23749.1,0.0
2026-09-07 15:08:00,23749.45,23752.1,23745.6,23747.05,0.0
2026-09-07 15:09:00,23747.65,23747.7,23737.9,23740.7,0.0
2026-09-07 15:10:00,23741.55,23746.15,23740.2,23744.05,0.0
2026-09-07 15:11:00,23744.95,23748.25,23741.7,23747.2,0.0
2026-09-07 15:12:00,23747.8,23753.05,23741.8,23747.3,0.0
2026-09-07 15:13:00,23748.7,23757.85,23744.3,23754.85,0.0
2026-09-07 15:14:00,23754.95,23765.7,23753.0,23759.4,0.0
2026-09-07 15:29:00,23779.15,23779.15,23779.15,23779.15,0.0
2026-09-08 09:15:00,23743.1,23758.95,23685.6,23690.1,0.0
2026-09-08 09:16:00,23691.6,23697.15,23680.65,23691.65,0.0
2026-09-08 09:17:00,23692.15,23700.25,23689.5,23690.8,0.0
2026-09-08 09:18:00,23691.5,23697.75,23690.7,23693.75,0.0
2026-09-08 09:19:00,23694.75,23696.45,23691.95,23694.15,0.0
2026-09-08 09:20:00,23693.6,23695.4,23689.85,23690.5,0.0
2026-09-08 09:21:00,23691.4,23692.65,23688.05,23690.2,0.0
2026-09-08 09:22:00,23689.95,23693.75,23684.35,23691.3,0.0
2026-09-08 09:23:00,23691.75,23692.7,23681.9,23682.35,0.0
2026-09-08 09:24:00,23683.95,23685.1,23678.9,23679.5,0.0
2026-09-08 09:25:00,23680.6,23684.7,23677.5,23682.7,0.0
2026-09-08 09:26:00,23682.3,23685.05,23679.55,23681.8,0.0
2026-09-08 09:27:00,23681.9,23683.05,23675.05,23677.0,0.0
2026-09-08 09:28:00,23677.5,23677.65,23669.65,23674.45,0.0
2026-09-08 09:29:00,23674.1,23675.55,23669.2,23672.5,0.0
2026-09-08 09:30:00,23670.85,23674.05,23668.15,23672.5,0.0
2026-09-08 09:31:00,23671.8,23680.05,23670.85,23674.5,0.0
2026-09-08 09:32:00,23674.3,23678.4,23673.05,23674.0,0.0
2026-09-08 09:33:00,23674.25,23675.9,23671.65,23674.7,0.0
2026-09-08 09:34:00,23674.95,23677.15,23672.0,23676.0,0.0
2026-09-08 09:35:00,23676.4,23683.95,23674.6,23682.0,0.0
2026-09-08 09:36:00,23682.75,23686.95,23678.9,23684.95,0.0
2026-09-08 09:37:00,23684.9,23690.2,23682.45,23689.85,0.0
2026-09-08 09:38:00,23690.75,23692.45,23687.9,23688.95,0.0
2026-09-08 09:39:00,23690.7,23691.1,23684.85,23686.7,0.0
2026-09-08 09:40:00,23688.3,23688.45,23680.0,23681.2,0.0
2026-09-08 09:41:00,23681.45,23690.7,23681.05,23685.6,0.0
2026-09-08 09:42:00,23686.8,23687.15,23675.3,23676.4,0.0
2026-09-08 09:43:00,23676.7,23679.45,23671.4,23671.45,0.0
2026-09-08 09:44:00,23672.05,23676.6,23669.65,23674.35,0.0
2026-09-08 09:45:00,23673.9,23676.4,23671.85,23674.85,0.0
2026-09-08 09:46:00,23675.0,23681.25,23673.85,23680.45,0.0
2026-09-08 09:47:00,23680.7,23682.0,23677.2,23680.45,0.0
2026-09-08 09:48:00,23681.35,23682.65,23678.8,23679.8,0.0
2026-09-08 09:49:00,23680.65,23689.45,23679.8,23686.45,0.0
2026-09-08 09:50:00,23687.2,23691.45,23686.6,23689.9,0.0
2026-09-08 09:51:00,23690.45,23691.6,23683.45,23683.75,0.0
2026-09-08 09:52:00,23684.7,23685.55,23678.75,23678.8,0.0
2026-09-08 09:53:00,23680.75,23680.75,23674.5,23677.7,0.0
2026-09-08 09:54:00,23678.15,23681.65,23677.25,23678.55,0.0
2026-09-08 09:55:00,23679.55,23679.6,23673.55,23674.6,0.0
2026-09-08 09:56:00,23675.4,23676.15,23672.95,23673.8,0.0
2026-09-08 09:57:00,23674.8,23675.75,23670.6,23670.95,0.0
2026-09-08 09:58:00,23671.9,23674.55,23667.15,23668.15,0.0
2026-09-08 09:59:00,23667.7,23670.4,23664.7,23666.95,0.0
2026-09-08 10:00:00,23666.65,23673.8,23666.65,23673.8,0.0
2026-09-08 10:01:00,23674.85,23674.85,23668.1,23670.85,0.0
2026-09-08 10:02:00,23671.5,23672.35,23665.8,23666.0,0.0
2026-09-08 10:03:00,23665.55,23665.55,23659.05,23660.95,0.0
2026-09-08 10:04:00,23662.05,23663.85,23659.25,23659.7,0.0
2026-09-08 10:05:00,23661.3,23663.25,23657.15,23659.4,0.0
2026-09-08 10:06:00,23659.8,23668.05,23658.85,23667.1,0.0
2026-09-08 10:07:00,23667.7,23679.3,23666.5,23678.35,0.0
2026-09-08 10:08:00,23679.45,23682.9,23677.05,23681.7,0.0
2026-09-08 10:09:00,23682.6,23683.25,23678.9,23681.65,0.0
2026-09-08 10:10:00,23681.85,23683.55,23678.85,23680.35,0.0
2026-09-08 10:11:00,23680.15,23683.5,23679.05,23681.7,0.0
2026-09-08 10:12:00,23682.3,23691.45,23680.75,23689.45,0.0
2026-09-08 10:13:00,23690.45,23701.95,23689.55,23698.8,0.0
2026-09-08 10:14:00,23699.1,23708.5,23697.05,23707.9,0.0
2026-09-08 10:15:00,23708.75,23717.25,23705.95,23706.75,0.0
2026-09-08 10:16:00,23708.4,23708.4,23705.0,23707.1,0.0
2026-09-08 10:17:00,23707.25,23709.0,23704.15,23704.2,0.0
2026-09-08 10:18:00,23704.15,23704.45,23695.35,23698.45,0.0
2026-09-08 10:19:00,23699.0,23705.05,23697.95,23703.65,0.0
2026-09-08 10:20:00,23704.65,23708.85,23703.65,23705.3,0.0
2026-09-08 10:21:00,23705.2,23705.85,23698.8,23701.9,0.0
2026-09-08 10:22:00,23702.0,23705.3,23699.55,23701.6,0.0
2026-09-08 10:23:00,23701.9,23705.7,23701.4,23702.5,0.0
2026-09-08 10:24:00,23702.75,23703.35,23696.2,23698.25,0.0
2026-09-08 10:25:00,23699.1,23699.1,23686.6,23690.0,0.0
2026-09-08 10:26:00,23691.1,23693.65,23688.75,23690.45,0.0
2026-09-08 10:27:00,23690.4,23700.6,23689.7,23698.2,0.0
2026-09-08 10:28:00,23699.5,23700.5,23692.85,23695.5,0.0
2026-09-08 10:29:00,23696.35,23696.95,23692.2,23693.9,0.0
2026-09-08 10:30:00,23694.6,23697.4,23693.6,23695.7,0.0
2026-09-08 10:31:00,23696.45,23701.6,23689.9,23689.9,0.0
2026-09-08 10:32:00,23690.6,23693.2,23688.45,23688.45,0.0
2026-09-08 10:33:00,23690.1,23692.0,23687.95,23689.95,0.0
2026-09-08 10:34:00,23690.8,23695.0,23689.0,23692.35,0.0
2026-09-08 10:35:00,23693.0,23693.0,23686.1,23687.45,0.0
2026-09-08 10:36:00,23687.3,23687.3,23675.45,23675.45,0.0
2026-09-08 10:37:00,23675.9,23677.65,23673.2,23674.05,0.0
2026-09-08 10:38:00,23674.95,23675.5,23669.2,23670.5,0.0
2026-09-08 10:39:00,23671.9,23674.45,23669.75,23671.85,0.0
2026-09-08 10:40:00,23673.0,23673.0,23668.85,23670.05,0.0
2026-09-08 10:41:00,23670.8,23673.8,23667.75,23672.4,0.0
2026-09-08 10:42:00,23673.0,23674.0,23669.95,23672.2,0.0
2026-09-08 10:43:00,23672.5,23673.2,23669.1,23670.15,0.0
2026-09-08 10:44:00,23670.85,23673.25,23668.45,23669.3,0.0
2026-09-08 10:45:00,23669.8,23677.15,23669.55,23673.65,0.0
2026-09-08 10:46:00,23674.5,23683.85,23673.75,23683.25,0.0
2026-09-08 10:47:00,23684.1,23686.15,23681.75,23685.45,0.0
2026-09-08 10:48:00,23686.1,23688.8,23685.55,23686.75,0.0
2026-09-08 10:49:00,23687.7,23692.15,23686.65,23689.25,0.0
2026-09-08 10:50:00,23690.2,23698.6,23689.15,23696.2,0.0
2026-09-08 10:51:00,23696.4,23696.6,23693.0,23694.2,0.0
2026-09-08 10:52:00,23695.05,23695.35,23690.35,23691.5,0.0
2026-09-08 10:53:00,23692.3,23692.3,23687.2,23687.35,0.0
2026-09-08 10:54:00,23688.6,23691.45,23681.7,23682.35,0.0
2026-09-08 10:55:00,23683.0,23683.3,23675.3,23678.15,0.0
2026-09-08 10:56:00,23679.2,23680.45,23674.55,23676.1,0.0
2026-09-08 10:57:00,23676.6,23676.6,23672.85,23674.8,0.0
2026-09-08 10:58:00,23675.65,23676.4,23670.3,23670.65,0.0
2026-09-08 10:59:00,23671.75,23673.4,23669.3,23670.35,0.0
2026-09-08 11:00:00,23671.05,23671.75,23666.2,23667.6,0.0
2026-09-08 11:01:00,23667.3,23668.95,23663.25,23666.4,0.0
2026-09-08 11:02:00,23667.45,23668.6,23666.3,23666.7,0.0
2026-09-08 11:03:00,23667.6,23671.25,23662.95,23669.55,0.0
2026-09-08 11:04:00,23669.7,23671.4,23662.5,23662.6,0.0
2026-09-08 11:05:00,23663.35,23668.4,23662.1,23667.15,0.0
2026-09-08 11:06:00,23666.6,23671.3,23666.6,23669.95,0.0
2026-09-08 11:07:00,23670.5,23675.45,23667.95,23673.0,0.0
2026-09-08 11:08:00,23673.1,23678.25,23672.55,23677.9,0.0
2026-09-08 11:09:00,23678.25,23680.4,23672.95,23676.3,0.0
2026-09-08 11:10:00,23676.9,23681.1,23672.0,23672.25,0.0
2026-09-08 11:11:00,23673.1,23677.45,23670.0,23676.0,0.0
2026-09-08 11:12:00,23676.1,23677.55,23672.4,23673.15,0.0
2026-09-08 11:13:00,23674.75,23678.05,23671.05,23677.85,0.0
2026-09-08 11:14:00,23678.3,23678.5,23673.35,23677.65,0.0
2026-09-08 11:15:00,23678.25,23678.25,23673.55,23674.65,0.0
2026-09-08 11:16:00,23675.5,23679.9,23671.3,23678.75,0.0
2026-09-08 11:17:00,23678.7,23681.9,23676.95,23678.2,0.0
2026-09-08 11:18:00,23679.3,23683.9,23678.1,23681.85,0.0
2026-09-08 11:19:00,23682.35,23685.3,23681.2,23684.35,0.0
2026-09-08 11:20:00,23685.0,23685.0,23680.65,23681.3,0.0
2026-09-08 11:21:00,23682.15,23684.2,23678.05,23679.8,0.0
2026-09-08 11:22:00,23680.35,23680.35,23672.15,23674.0,0.0
2026-09-08 11:23:00,23673.95,23677.8,23673.1,23676.0,0.0
2026-09-08 11:24:00,23677.1,23677.5,23670.65,23672.55,0.0
2026-09-08 11:25:00,23673.15,23680.55,23671.45,23679.7,0.0
2026-09-08 11:26:00,23681.0,23687.6,23679.45,23679.9,0.0
2026-09-08 11:27:00,23681.45,23682.9,23678.8,23679.5,0.0
2026-09-08 11:28:00,23680.25,23682.35,23673.6,23673.6,0.0
2026-09-08 11:29:00,23675.0,23676.05,23670.95,23672.9,0.0
2026-09-08 11:30:00,23673.85,23680.7,23670.5,23670.5,0.0
2026-09-08 11:31:00,23671.9,23672.65,23666.25,23670.9,0.0
2026-09-08 11:32:00,23671.35,23672.95,23669.75,23670.05,0.0
2026-09-08 11:33:00,23670.85,23670.85,23663.7,23668.2,0.0
2026-09-08 11:34:00,23668.3,23668.65,23664.2,23667.55,0.0
2026-09-08 11:35:00,23669.25,23674.35,23666.75,23667.6,0.0
2026-09-08 11:36:00,23668.4,23672.5,23667.25,23670.25,0.0
2026-09-08 11:37:00,23671.1,23674.05,23669.1,23670.75,0.0
2026-09-08 11:38:00,23671.35,23674.5,23670.1,23672.8,0.0
2026-09-08 11:39:00,23673.85,23673.85,23670.25,23672.25,0.0
2026-09-08 11:40:00,23674.0,23676.45,23671.15,23675.25,0.0
2026-09-08 11:41:00,23675.9,23676.8,23673.8,23674.15,0.0
2026-09-08 11:42:00,23675.35,23676.1,23670.85,23672.0,0.0
2026-09-08 11:43:00,23672.65,23674.3,23668.65,23669.15,0.0
2026-09-08 11:44:00,23668.6,23676.4,23667.9,23673.35,0.0
2026-09-08 11:45:00,23673.3,23676.4,23670.55,23675.0,0.0
2026-09-08 11:46:00,23675.8,23676.1,23668.95,23673.0,0.0
2026-09-08 11:47:00,23674.2,23674.7,23668.25,23670.85,0.0
2026-09-08 11:48:00,23671.8,23677.2,23669.85,23671.05,0.0
2026-09-08 11:49:00,23671.85,23671.85,23661.45,23662.85,0.0
2026-09-08 11:50:00,23663.6,23663.8,23653.0,23659.4,0.0
2026-09-08 11:51:00,23660.4,23665.3,23657.95,23664.7,0.0
2026-09-08 11:52:00,23665.55,23669.15,23660.5,23667.95,0.0
2026-09-08 11:53:00,23668.7,23670.1,23663.25,23665.45,0.0
2026-09-08 11:54:00,23668.2,23671.45,23661.35,23668.75,0.0
2026-09-08 11:55:00,23669.1,23670.55,23662.75,23665.15,0.0
2026-09-08 11:56:00,23666.35,23666.35,23659.3,23659.45,0.0
2026-09-08 11:57:00,23659.95,23664.3,23658.2,23661.2,0.0
2026-09-08 11:58:00,23661.25,23663.15,23653.55,23659.8,0.0
2026-09-08 11:59:00,23660.45,23662.05,23654.85,23657.25,0.0
2026-09-08 12:00:00,23658.0,23658.5,23652.85,23654.45,0.0
2026-09-08 12:01:00,23655.35,23655.55,23649.65,23651.2,0.0
2026-09-08 12:02:00,23652.45,23658.55,23651.4,23655.35,0.0
2026-09-08 12:03:00,23656.85,23656.85,23651.65,23651.65,0.0
2026-09-08 12:04:00,23654.1,23654.1,23648.7,23649.1,0.0
2026-09-08 12:05:00,23649.65,23649.65,23640.9,23646.1,0.0
2026-09-08 12:06:00,23647.35,23647.75,23643.05,23643.5,0.0
2026-09-08 12:07:00,23644.3,23647.9,23643.55,23646.7,0.0
2026-09-08 12:08:00,23646.95,23647.7,23637.75,23641.6,0.0
2026-09-08 12:09:00,23642.1,23647.6,23639.25,23644.35,0.0
2026-09-08 12:10:00,23645.25,23650.25,23643.45,23649.6,0.0
2026-09-08 12:11:00,23650.65,23651.85,23647.7,23647.7,0.0
2026-09-08 12:12:00,23649.15,23652.0,23646.15,23651.6,0.0
2026-09-08 12:13:00,23652.35,23654.05,23648.55,23649.85,0.0
2026-09-08 12:14:00,23650.65,23651.95,23648.25,23649.7,0.0
2026-09-08 12:15:00,23650.6,23650.6,23644.2,23647.2,0.0
2026-09-08 12:16:00,23647.85,23651.35,23646.3,23650.75,0.0
2026-09-08 12:17:00,23650.95,23652.55,23648.4,23649.65,0.0
2026-09-08 12:18:00,23650.85,23651.6,23648.55,23651.3,0.0
2026-09-08 12:19:00,23651.4,23654.65,23648.05,23651.7,0.0
2026-09-08 12:20:00,23652.3,23654.95,23647.4,23654.45,0.0
2026-09-08 12:21:00,23655.2,23655.2,23648.65,23649.65,0.0
2026-09-08 12:22:00,23650.7,23653.1,23649.25,23651.45,0.0
2026-09-08 12:23:00,23652.75,23659.95,23650.9,23656.2,0.0
2026-09-08 12:24:00,23657.05,23661.45,23655.9,23658.85,0.0
2026-09-08 12:25:00,23659.45,23661.95,23658.0,23659.85,0.0
2026-09-08 12:26:00,23660.75,23660.75,23655.85,23656.45,0.0
2026-09-08 12:27:00,23657.1,23658.95,23655.0,23655.75,0.0
2026-09-08 12:28:00,23656.15,23657.95,23654.3,23655.0,0.0
2026-09-08 12:29:00,23656.45,23663.0,23654.35,23662.6,0.0
2026-09-08 12:30:00,23662.95,23665.25,23662.1,23663.6,0.0
2026-09-08 12:31:00,23664.55,23669.2,23660.3,23660.4,0.0
2026-09-08 12:32:00,23661.45,23666.85,23657.3,23659.2,0.0
2026-09-08 12:33:00,23660.4,23663.9,23658.15,23663.55,0.0
2026-09-08 12:34:00,23664.0,23665.3,23662.1,23663.8,0.0
2026-09-08 12:35:00,23665.0,23670.8,23663.8,23666.6,0.0
2026-09-08 12:36:00,23667.15,23672.6,23665.7,23671.05,0.0
2026-09-08 12:37:00,23670.9,23673.65,23670.2,23672.55,0.0
2026-09-08 12:38:00,23673.55,23675.1,23670.05,23673.15,0.0
2026-09-08 12:39:00,23672.6,23673.25,23667.2,23667.95,0.0
2026-09-08 12:40:00,23668.9,23670.05,23663.55,23664.25,0.0
2026-09-08 12:41:00,23665.9,23671.65,23664.85,23669.15,0.0
2026-09-08 12:42:00,23669.45,23669.45,23665.2,23666.65,0.0
2026-09-08 12:43:00,23667.75,23667.75,23660.6,23661.5,0.0
2026-09-08 12:44:00,23662.1,23663.9,23659.95,23660.65,0.0
2026-09-08 12:45:00,23660.8,23660.8,23654.1,23655.85,0.0
2026-09-08 12:46:00,23656.35,23656.9,23654.2,23655.95,0.0
2026-09-08 12:47:00,23656.9,23657.85,23653.6,23653.6,0.0
2026-09-08 12:48:00,23654.1,23654.95,23649.5,23650.0,0.0
2026-09-08 12:49:00,23650.65,23655.75,23649.4,23654.75,0.0
2026-09-08 12:50:00,23654.65,23655.45,23652.8,23653.95,0.0
2026-09-08 12:51:00,23654.6,23657.15,23652.45,23653.25,0.0
2026-09-08 12:52:00,23653.8,23653.95,23650.4,23651.2,0.0
2026-09-08 12:53:00,23651.6,23655.55,23648.35,23654.0,0.0
2026-09-08 12:54:00,23654.1,23657.75,23653.15,23656.6,0.0
2026-09-08 12:55:00,23656.55,23661.7,23655.6,23660.55,0.0
2026-09-08 12:56:00,23660.8,23661.65,23658.05,23658.7,0.0
2026-09-08 12:57:00,23659.1,23662.75,23658.1,23660.05,0.0
2026-09-08 12:58:00,23661.05,23663.85,23658.0,23660.3,0.0
2026-09-08 12:59:00,23660.65,23663.4,23654.9,23655.1,0.0
2026-09-08 13:00:00,23655.75,23658.7,23653.05,23654.8,0.0
2026-09-08 13:01:00,23654.3,23655.85,23653.15,23655.1,0.0
2026-09-08 13:02:00,23655.95,23660.65,23654.35,23658.3,0.0
2026-09-08 13:03:00,23659.15,23660.8,23653.55,23654.15,0.0
2026-09-08 13:04:00,23655.0,23655.0,23649.4,23650.45,0.0
2026-09-08 13:05:00,23651.25,23653.0,23649.2,23650.2,0.0
2026-09-08 13:06:00,23650.75,23652.65,23649.15,23652.65,0.0
2026-09-08 13:07:00,23653.25,23655.5,23651.65,23654.2,0.0
2026-09-08 13:08:00,23654.95,23656.6,23652.5,23653.2,0.0
2026-09-08 13:09:00,23653.8,23654.8,23652.6,23653.6,0.0
2026-09-08 13:10:00,23654.8,23656.25,23653.5,23655.25,0.0
2026-09-08 13:11:00,23656.05,23656.65,23653.65,23654.55,0.0
2026-09-08 13:12:00,23655.5,23655.85,23651.5,23652.85,0.0
2026-09-08 13:13:00,23653.8,23656.0,23653.3,23655.85,0.0
2026-09-08 13:14:00,23656.85,23662.25,23655.0,23661.3,0.0
2026-09-08 13:15:00,23661.7,23662.85,23656.3,23658.1,0.0
2026-09-08 13:16:00,23658.15,23660.4,23652.5,23658.95,0.0
2026-09-08 13:17:00,23659.4,23659.4,23656.25,23657.3,0.0
2026-09-08 13:18:00,23658.2,23658.2,23653.7,23654.55,0.0
2026-09-08 13:19:00,23654.85,23657.85,23653.9,23655.6,0.0
2026-09-08 13:20:00,23656.9,23658.15,23654.45,23655.0,0.0
2026-09-08 13:21:00,23655.55,23656.85,23653.1,23655.9,0.0
2026-09-08 13:22:00,23656.5,23657.3,23652.4,23653.9,0.0
2026-09-08 13:23:00,23654.25,23654.25,23651.6,23652.85,0.0
2026-09-08 13:24:00,23653.45,23654.75,23651.05,23652.75,0.0
2026-09-08 13:25:00,23653.7,23653.85,23648.95,23650.25,0.0
2026-09-08 13:26:00,23650.55,23651.8,23648.4,23649.5,0.0
2026-09-08 13:27:00,23650.35,23650.9,23645.6,23649.25,0.0
2026-09-08 13:28:00,23650.05,23652.85,23648.55,23648.7,0.0
2026-09-08 13:29:00,23650.1,23652.4,23646.85,23647.05,0.0
2026-09-08 13:30:00,23648.45,23651.3,23646.8,23649.35,0.0
2026-09-08 13:31:00,23649.9,23650.95,23647.15,23648.65,0.0
2026-09-08 13:32:00,23649.2,23649.2,23642.85,23644.5,0.0
2026-09-08 13:33:00,23645.55,23645.7,23638.65,23641.3,0.0
2026-09-08 13:34:00,23642.3,23645.8,23640.6,23642.65,0.0
2026-09-08 13:35:00,23643.65,23653.7,23642.25,23648.8,0.0
2026-09-08 13:36:00,23650.85,23653.2,23648.0,23650.8,0.0
2026-09-08 13:37:00,23651.65,23653.95,23646.8,23649.95,0.0
2026-09-08 13:38:00,23651.0,23653.55,23643.25,23644.5,0.0
2026-09-08 13:39:00,23645.7,23646.7,23641.15,23644.85,0.0
2026-09-08 13:40:00,23644.55,23650.1,23643.4,23646.0,0.0
2026-09-08 13:41:00,23646.45,23646.45,23639.25,23641.95,0.0
2026-09-08 13:42:00,23643.05,23646.75,23639.85,23642.8,0.0
2026-09-08 13:43:00,23644.65,23648.1,23642.95,23644.5,0.0
2026-09-08 13:44:00,23645.5,23645.5,23638.1,23638.55,0.0
2026-09-08 13:45:00,23640.25,23642.8,23635.95,23640.3,0.0
2026-09-08 13:46:00,23641.7,23643.65,23639.5,23641.65,0.0
2026-09-08 13:47:00,23643.2,23643.75,23640.2,23643.4,0.0
2026-09-08 13:48:00,23644.15,23645.65,23641.4,23642.05,0.0
2026-09-08 13:49:00,23642.7,23643.35,23639.55,23639.75,0.0
2026-09-08 13:50:00,23641.5,23642.5,23637.0,23637.15,0.0
2026-09-08 13:51:00,23637.95,23638.15,23623.1,23624.45,0.0
2026-09-08 13:52:00,23625.2,23629.6,23624.3,23627.35,0.0
2026-09-08 13:53:00,23628.15,23633.75,23627.0,23631.85,0.0
2026-09-08 13:54:00,23633.05,23634.5,23629.25,23631.7,0.0
2026-09-08 13:55:00,23632.25,23634.75,23631.05,23632.7,0.0
2026-09-08 13:56:00,23633.45,23636.35,23631.65,23634.9,0.0
2026-09-08 13:57:00,23635.15,23637.55,23631.75,23636.35,0.0
2026-09-08 13:58:00,23637.7,23637.7,23632.75,23634.9,0.0
2026-09-08 13:59:00,23635.2,23636.15,23632.85,23633.75,0.0
2026-09-08 14:00:00,23634.8,23639.4,23633.0,23635.95,0.0
2026-09-08 14:01:00,23636.6,23639.55,23635.05,23638.6,0.0
2026-09-08 14:02:00,23639.7,23640.05,23634.3,23634.4,0.0
2026-09-08 14:03:00,23635.2,23645.05,23634.35,23643.45,0.0
2026-09-08 14:04:00,23643.9,23646.5,23642.05,23644.85,0.0
2026-09-08 14:05:00,23645.55,23656.3,23645.2,23655.25,0.0
2026-09-08 14:06:00,23655.55,23656.65,23648.45,23649.25,0.0
2026-09-08 14:07:00,23649.8,23652.1,23643.8,23644.4,0.0
2026-09-08 14:08:00,23645.4,23647.95,23643.55,23646.5,0.0
2026-09-08 14:09:00,23646.85,23651.4,23646.05,23648.15,0.0
2026-09-08 14:10:00,23649.55,23651.35,23646.0,23649.5,0.0
2026-09-08 14:11:00,23650.15,23653.15,23648.6,23650.55,0.0
2026-09-08 14:12:00,23651.9,23656.9,23650.6,23652.4,0.0
2026-09-08 14:13:00,23653.8,23656.9,23652.45,23653.65,0.0
2026-09-08 14:14:00,23654.2,23656.3,23647.7,23649.1,0.0
2026-09-08 14:15:00,23649.9,23652.55,23646.7,23650.9,0.0
2026-09-08 14:16:00,23652.75,23656.4,23650.5,23654.75,0.0
2026-09-08 14:17:00,23654.6,23657.6,23653.35,23657.2,0.0
2026-09-08 14:18:00,23658.0,23659.25,23652.95,23653.35,0.0
2026-09-08 14:19:00,23654.65,23657.95,23652.2,23653.2,0.0
2026-09-08 14:20:00,23654.15,23656.8,23653.15,23653.15,0.0
2026-09-08 14:21:00,23654.8,23655.3,23650.95,23652.45,0.0
2026-09-08 14:22:00,23652.7,23654.35,23650.2,23652.8,0.0
2026-09-08 14:23:00,23654.1,23655.1,23649.7,23649.7,0.0
2026-09-08 14:24:00,23651.0,23653.65,23648.6,23650.6,0.0
2026-09-08 14:25:00,23651.65,23651.75,23644.15,23644.15,0.0
2026-09-08 14:26:00,23644.5,23649.0,23642.7,23647.55,0.0
2026-09-08 14:27:00,23647.5,23652.7,23647.25,23650.5,0.0
2026-09-08 14:28:00,23653.0,23653.85,23649.55,23652.7,0.0
2026-09-08 14:29:00,23654.1,23656.15,23652.4,23654.0,0.0
2026-09-08 14:30:00,23654.95,23656.05,23650.0,23650.3,0.0
2026-09-08 14:31:00,23651.3,23653.95,23648.3,23652.3,0.0
2026-09-08 14:32:00,23652.95,23655.15,23651.25,23653.95,0.0
2026-09-08 14:33:00,23655.75,23657.9,23652.65,23654.7,0.0
2026-09-08 14:34:00,23656.15,23658.3,23654.1,23656.65,0.0
2026-09-08 14:35:00,23657.2,23658.85,23654.75,23655.75,0.0
2026-09-08 14:36:00,23657.5,23657.6,23654.55,23655.15,0.0
2026-09-08 14:37:00,23655.8,23656.35,23650.55,23652.2,0.0
2026-09-08 14:38:00,23652.75,23653.85,23645.85,23646.8,0.0
2026-09-08 14:39:00,23647.45,23650.2,23646.05,23649.0,0.0
2026-09-08 14:40:00,23649.4,23650.1,23645.5,23647.05,0.0
2026-09-08 14:41:00,23647.9,23651.5,23646.1,23651.5,0.0
2026-09-08 14:42:00,23650.4,23654.75,23648.45,23649.5,0.0
2026-09-08 14:43:00,23649.6,23650.15,23647.0,23649.05,0.0
2026-09-08 14:44:00,23648.9,23651.2,23647.8,23648.15,0.0
2026-09-08 14:45:00,23648.7,23649.15,23644.9,23647.85,0.0
2026-09-08 14:46:00,23649.0,23649.2,23643.65,23644.7,0.0
2026-09-08 14:47:00,23644.75,23646.45,23641.25,23645.75,0.0
2026-09-08 14:48:00,23646.45,23647.5,23643.25,23645.1,0.0
2026-09-08 14:49:00,23646.05,23646.2,23640.65,23641.3,0.0
2026-09-08 14:50:00,23642.8,23644.15,23640.05,23641.35,0.0
2026-09-08 14:51:00,23642.5,23644.95,23641.25,23643.85,0.0
2026-09-08 14:52:00,23643.95,23644.25,23639.1,23639.75,0.0
2026-09-08 14:53:00,23640.65,23641.9,23637.5,23638.55,0.0
2026-09-08 14:54:00,23639.2,23647.85,23637.8,23647.85,0.0
2026-09-08 14:55:00,23647.4,23648.15,23640.85,23642.65,0.0
2026-09-08 14:56:00,23643.4,23645.1,23639.7,23639.7,0.0
2026-09-08 14:57:00,23641.15,23646.55,23638.25,23644.7,0.0
2026-09-08 14:58:00,23645.55,23648.3,23643.85,23646.05,0.0
2026-09-08 14:59:00,23646.7,23646.85,23643.35,23644.55,0.0
2026-09-08 15:00:00,23642.75,23643.5,23638.75,23643.3,0.0
2026-09-08 15:01:00,23642.7,23648.45,23640.7,23647.8,0.0
2026-09-08 15:02:00,23647.3,23649.55,23642.4,23643.1,0.0
2026-09-08 15:03:00,23643.15,23644.75,23640.85,23641.4,0.0
2026-09-08 15:04:00,23641.15,23643.65,23640.9,23642.25,0.0
2026-09-08 15:05:00,23643.55,23643.55,23638.95,23640.0,0.0
2026-09-08 15:06:00,23640.65,23643.3,23639.55,23640.85,0.0
2026-09-08 15:07:00,23640.5,23644.2,23640.5,23641.35,0.0
2026-09-08 15:08:00,23641.95,23641.95,23638.05,23639.6,0.0
2026-09-08 15:09:00,23639.65,23647.3,23637.0,23647.3,0.0
2026-09-08 15:10:00,23646.0,23658.4,23644.65,23656.9,0.0
2026-09-08 15:11:00,23656.35,23659.1,23653.7,23654.55,0.0
2026-09-08 15:12:00,23655.25,23659.3,23648.05,23654.2,0.0
2026-09-08 15:13:00,23654.15,23655.5,23638.7,23643.9,0.0
2026-09-08 15:14:00,23640.95,23651.1,23634.1,23641.1,0.0
2026-09-08 15:29:00,23635.1,23635.1,23635.1,23635.1,0.0
2026-09-09 09:15:00,23522.05,23536.5,23493.3,23494.95,0.0
2026-09-09 09:16:00,23495.5,23496.75,23477.55,23483.7,0.0
2026-09-09 09:17:00,23484.0,23489.85,23480.9,23485.95,0.0
2026-09-09 09:18:00,23486.85,23504.25,23485.05,23501.5,0.0
2026-09-09 09:19:00,23503.65,23504.65,23497.6,23500.45,0.0
2026-09-09 09:20:00,23500.35,23506.1,23495.85,23506.1,0.0
2026-09-09 09:21:00,23506.9,23515.0,23503.2,23507.25,0.0
2026-09-09 09:22:00,23508.7,23509.95,23498.8,23502.45,0.0
2026-09-09 09:23:00,23501.55,23503.2,23493.8,23500.85,0.0
2026-09-09 09:24:00,23502.5,23512.5,23497.95,23512.4,0.0
2026-09-09 09:25:00,23511.8,23515.5,23508.05,23514.95,0.0
2026-09-09 09:26:00,23515.95,23521.75,23511.65,23512.85,0.0
2026-09-09 09:27:00,23513.55,23513.55,23503.95,23512.7,0.0
2026-09-09 09:28:00,23513.8,23513.8,23507.25,23509.05,0.0
2026-09-09 09:29:00,23511.1,23511.25,23506.2,23509.4,0.0
2026-09-09 09:30:00,23510.85,23517.8,23509.0,23510.45,0.0
2026-09-09 09:31:00,23511.55,23517.9,23508.5,23509.5,0.0
2026-09-09 09:32:00,23511.55,23516.0,23506.2,23510.7,0.0
2026-09-09 09:33:00,23511.8,23515.65,23509.9,23511.6,0.0
2026-09-09 09:34:00,23512.55,23518.2,23511.0,23515.9,0.0
2026-09-09 09:35:00,23515.1,23516.5,23508.15,23509.85,0.0
2026-09-09 09:36:00,23511.1,23513.35,23506.6,23512.55,0.0
2026-09-09 09:37:00,23513.15,23521.3,23513.15,23519.4,0.0
2026-09-09 09:38:00,23521.4,23526.2,23518.95,23525.15,0.0
2026-09-09 09:39:00,23526.65,23531.25,23523.05,23526.25,0.0
2026-09-09 09:40:00,23527.6,23533.45,23524.9,23532.3,0.0
2026-09-09 09:41:00,23532.55,23532.55,23525.0,23525.4,0.0
2026-09-09 09:42:00,23526.85,23527.9,23524.35,23527.15,0.0
2026-09-09 09:43:00,23527.8,23531.9,23526.2,23529.9,0.0
2026-09-09 09:44:00,23530.6,23532.05,23524.8,23525.45,0.0
2026-09-09 09:45:00,23526.6,23527.75,23519.15,23521.85,0.0
2026-09-09 09:46:00,23522.7,23522.7,23513.35,23515.05,0.0
2026-09-09 09:47:00,23515.7,23519.5,23509.95,23510.85,0.0
2026-09-09 09:48:00,23512.05,23512.05,23504.65,23506.95,0.0
2026-09-09 09:49:00,23507.85,23507.85,23497.5,23498.55,0.0
2026-09-09 09:50:00,23498.6,23500.25,23488.4,23490.1,0.0
2026-09-09 09:51:00,23491.15,23495.45,23490.45,23491.4,0.0
2026-09-09 09:52:00,23491.75,23500.9,23490.05,23498.35,0.0
2026-09-09 09:53:00,23498.8,23499.15,23494.75,23494.9,0.0
2026-09-09 09:54:00,23496.55,23498.45,23494.7,23497.4,0.0
2026-09-09 09:55:00,23498.0,23498.8,23494.1,23496.05,0.0
2026-09-09 09:56:00,23497.4,23498.65,23492.5,23492.5,0.0
2026-09-09 09:57:00,23494.05,23495.5,23491.1,23494.3,0.0
2026-09-09 09:58:00,23494.85,23495.55,23487.35,23489.35,0.0
2026-09-09 09:59:00,23491.55,23493.5,23484.4,23488.85,0.0
2026-09-09 10:00:00,23491.0,23491.0,23472.85,23473.75,0.0
2026-09-09 10:01:00,23474.55,23476.55,23468.45,23474.1,0.0
2026-09-09 10:02:00,23475.4,23481.6,23474.4,23479.35,0.0
2026-09-09 10:03:00,23480.25,23482.25,23476.45,23480.4,0.0
2026-09-09 10:04:00,23481.4,23483.9,23474.95,23479.8,0.0
2026-09-09 10:05:00,23480.5,23480.95,23477.35,23479.15,0.0
2026-09-09 10:06:00,23479.65,23481.35,23473.75,23474.45,0.0
2026-09-09 10:07:00,23475.8,23475.9,23467.85,23472.45,0.0
2026-09-09 10:08:00,23473.7,23475.35,23470.3,23472.15,0.0
2026-09-09 10:09:00,23474.55,23478.35,23472.45,23475.8,0.0
2026-09-09 10:10:00,23477.7,23477.7,23469.8,23470.1,0.0
2026-09-09 10:11:00,23470.35,23474.9,23466.65,23474.05,0.0
2026-09-09 10:12:00,23475.2,23480.35,23473.1,23480.35,0.0
2026-09-09 10:13:00,23481.0,23486.6,23479.8,23486.45,0.0
2026-09-09 10:14:00,23486.85,23487.2,23481.65,23484.85,0.0
2026-09-09 10:15:00,23486.0,23490.4,23484.7,23487.1,0.0
2026-09-09 10:16:00,23488.25,23496.25,23485.6,23495.85,0.0
2026-09-09 10:17:00,23496.95,23503.55,23496.0,23501.95,0.0
2026-09-09 10:18:00,23502.7,23512.95,23502.5,23511.65,0.0
2026-09-09 10:19:00,23512.6,23519.85,23509.4,23516.8,0.0
2026-09-09 10:20:00,23518.25,23527.4,23515.55,23522.9,0.0
2026-09-09 10:21:00,23524.5,23526.45,23521.5,23522.85,0.0
2026-09-09 10:22:00,23523.45,23526.85,23521.0,23522.0,0.0
2026-09-09 10:23:00,23523.25,23532.9,23521.6,23531.95,0.0
2026-09-09 10:24:00,23533.75,23549.3,23533.6,23537.8,0.0
2026-09-09 10:25:00,23538.7,23541.0,23533.8,23534.4,0.0
2026-09-09 10:26:00,23535.1,23539.3,23533.4,23535.45,0.0
2026-09-09 10:27:00,23536.55,23538.0,23533.1,23537.6,0.0
2026-09-09 10:28:00,23538.55,23540.5,23537.25,23539.5,0.0
2026-09-09 10:29:00,23541.2,23541.65,23538.2,23539.65,0.0
2026-09-09 10:30:00,23540.1,23545.45,23538.35,23539.3,0.0
2026-09-09 10:31:00,23539.9,23539.9,23532.65,23533.6,0.0
2026-09-09 10:32:00,23534.75,23534.75,23528.8,23532.3,0.0
2026-09-09 10:33:00,23534.05,23535.9,23532.05,23534.0,0.0
2026-09-09 10:34:00,23534.6,23534.95,23525.5,23525.8,0.0
2026-09-09 10:35:00,23527.2,23527.2,23519.05,23519.4,0.0
2026-09-09 10:36:00,23520.95,23523.55,23518.05,23522.6,0.0
2026-09-09 10:37:00,23523.5,23524.35,23514.4,23515.95,0.0
2026-09-09 10:38:00,23516.4,23518.2,23509.55,23510.1,0.0
2026-09-09 10:39:00,23511.2,23512.05,23505.85,23512.05,0.0
2026-09-09 10:40:00,23512.1,23512.35,23504.6,23505.55,0.0
2026-09-09 10:41:00,23507.35,23507.35,23502.55,23504.45,0.0
2026-09-09 10:42:00,23506.0,23506.1,23501.6,23502.15,0.0
2026-09-09 10:43:00,23503.6,23508.45,23501.7,23505.3,0.0
2026-09-09 10:44:00,23506.9,23510.5,23504.5,23509.75,0.0
2026-09-09 10:45:00,23510.65,23514.65,23507.85,23513.9,0.0
2026-09-09 10:46:00,23514.4,23519.75,23514.4,23516.5,0.0
2026-09-09 10:47:00,23516.4,23522.45,23515.7,23517.7,0.0
2026-09-09 10:48:00,23519.05,23525.2,23515.75,23521.85,0.0
2026-09-09 10:49:00,23522.95,23525.05,23518.35,23518.35,0.0
2026-09-09 10:50:00,23519.2,23523.7,23518.0,23520.6,0.0
2026-09-09 10:51:00,23522.8,23522.8,23514.6,23515.9,0.0
2026-09-09 10:52:00,23516.7,23518.5,23514.35,23516.7,0.0
2026-09-09 10:53:00,23517.5,23521.4,23515.85,23519.5,0.0
2026-09-09 10:54:00,23520.95,23525.25,23517.4,23525.25,0.0
2026-09-09 10:55:00,23525.35,23530.35,23523.95,23529.15,0.0
2026-09-09 10:56:00,23530.1,23532.05,23526.5,23527.6,0.0
2026-09-09 10:57:00,23529.0,23531.5,23527.55,23530.5,0.0
2026-09-09 10:58:00,23532.2,23532.25,23524.7,23528.65,0.0
2026-09-09 10:59:00,23529.6,23537.15,23527.8,23535.6,0.0
2026-09-09 11:00:00,23536.65,23540.1,23533.15,23540.1,0.0
2026-09-09 11:01:00,23541.3,23543.7,23533.5,23536.9,0.0
2026-09-09 11:02:00,23537.7,23541.65,23536.15,23536.7,0.0
2026-09-09 11:03:00,23537.85,23541.45,23534.7,23539.55,0.0
2026-09-09 11:04:00,23540.2,23540.2,23534.65,23536.95,0.0
2026-09-09 11:05:00,23537.3,23537.3,23532.4,23534.0,0.0
2026-09-09 11:06:00,23535.05,23535.5,23527.5,23530.2,0.0
2026-09-09 11:07:00,23531.7,23535.75,23531.15,23532.5,0.0
2026-09-09 11:08:00,23533.45,23534.05,23530.5,23532.45,0.0
2026-09-09 11:09:00,23532.9,23535.6,23529.8,23531.6,0.0
2026-09-09 11:10:00,23531.5,23533.2,23527.5,23528.55,0.0
2026-09-09 11:11:00,23529.4,23530.45,23524.9,23528.75,0.0
2026-09-09 11:12:00,23530.85,23530.85,23524.8,23527.45,0.0
2026-09-09 11:13:00,23528.0,23528.8,23524.0,23527.25,0.0
2026-09-09 11:14:00,23528.05,23530.4,23524.95,23524.95,0.0
2026-09-09 11:15:00,23527.0,23530.95,23525.45,23527.9,0.0
2026-09-09 11:16:00,23528.6,23529.3,23523.1,23524.6,0.0
2026-09-09 11:17:00,23525.7,23529.4,23521.15,23522.6,0.0
2026-09-09 11:18:00,23524.05,23524.3,23518.6,23520.05,0.0
2026-09-09 11:19:00,23521.6,23528.8,23518.0,23526.95,0.0
2026-09-09 11:20:00,23527.7,23531.4,23524.7,23526.6,0.0
2026-09-09 11:21:00,23526.55,23527.3,23520.4,23520.65,0.0
2026-09-09 11:22:00,23521.15,23521.3,23515.35,23516.35,0.0
2026-09-09 11:23:00,23517.3,23518.1,23514.05,23516.15,0.0
2026-09-09 11:24:00,23517.7,23518.6,23514.8,23517.05,0.0
2026-09-09 11:25:00,23518.45,23522.8,23516.4,23520.35,0.0
2026-09-09 11:26:00,23522.2,23522.3,23515.5,23517.4,0.0
2026-09-09 11:27:00,23518.5,23518.8,23512.6,23516.3,0.0
2026-09-09 11:28:00,23516.15,23518.5,23513.55,23517.7,0.0
2026-09-09 11:29:00,23517.8,23519.45,23514.3,23517.1,0.0
2026-09-09 11:30:00,23517.75,23520.2,23516.6,23518.05,0.0
2026-09-09 11:31:00,23518.7,23519.65,23516.6,23519.05,0.0
2026-09-09 11:32:00,23520.05,23520.05,23515.4,23516.75,0.0
2026-09-09 11:33:00,23517.85,23520.5,23515.9,23517.25,0.0
2026-09-09 11:34:00,23517.85,23517.9,23514.65,23515.85,0.0
2026-09-09 11:35:00,23515.55,23519.1,23513.2,23518.1,0.0
2026-09-09 11:36:00,23518.9,23520.1,23515.25,23517.0,0.0
2026-09-09 11:37:00,23517.55,23517.65,23513.15,23513.7,0.0
2026-09-09 11:38:00,23515.05,23518.8,23513.55,23517.8,0.0
2026-09-09 11:39:00,23518.6,23519.95,23515.55,23517.2,0.0
2026-09-09 11:40:00,23518.25,23521.15,23516.6,23518.85,0.0
2026-09-09 11:41:00,23520.1,23523.8,23518.2,23522.0,0.0
2026-09-09 11:42:00,23522.9,23525.8,23521.4,23524.75,0.0
2026-09-09 11:43:00,23525.95,23529.0,23524.0,23527.25,0.0
2026-09-09 11:44:00,23528.75,23531.45,23526.6,23528.75,0.0
2026-09-09 11:45:00,23530.45,23532.35,23526.6,23529.1,0.0
2026-09-09 11:46:00,23529.7,23529.7,23522.45,23523.45,0.0
2026-09-09 11:47:00,23524.4,23527.3,23522.0,23525.15,0.0
2026-09-09 11:48:00,23524.25,23524.75,23519.45,23522.55,0.0
2026-09-09 11:49:00,23523.25,23523.8,23515.45,23517.0,0.0
2026-09-09 11:50:00,23518.15,23518.15,23512.85,23513.95,0.0
2026-09-09 11:51:00,23514.75,23515.15,23508.75,23509.0,0.0
2026-09-09 11:52:00,23510.4,23511.4,23504.95,23505.3,0.0
2026-09-09 11:53:00,23505.85,23507.0,23503.25,23506.15,0.0
2026-09-09 11:54:00,23507.35,23507.45,23502.2,23502.3,0.0
2026-09-09 11:55:00,23503.3,23503.5,23496.75,23499.85,0.0
2026-09-09 11:56:00,23501.35,23503.85,23499.65,23500.3,0.0
2026-09-09 11:57:00,23500.95,23501.8,23496.35,23498.8,0.0
2026-09-09 11:58:00,23499.65,23499.95,23495.25,23496.35,0.0
2026-09-09 11:59:00,23496.5,23496.6,23486.95,23488.5,0.0
2026-09-09 12:00:00,23490.3,23491.7,23485.85,23486.2,0.0
2026-09-09 12:01:00,23487.3,23488.25,23479.4,23483.1,0.0
2026-09-09 12:02:00,23482.05,23483.9,23478.0,23479.9,0.0
2026-09-09 12:03:00,23480.35,23483.65,23477.15,23481.75,0.0
2026-09-09 12:04:00,23482.6,23485.25,23480.1,23481.15,0.0
2026-09-09 12:05:00,23481.9,23484.3,23477.45,23478.15,0.0
2026-09-09 12:06:00,23478.7,23478.7,23474.05,23475.2,0.0
2026-09-09 12:07:00,23476.1,23476.5,23470.85,23471.9,0.0
2026-09-09 12:08:00,23472.7,23476.9,23471.05,23476.2,0.0
2026-09-09 12:09:00,23476.8,23479.85,23473.3,23474.95,0.0
2026-09-09 12:10:00,23476.3,23476.85,23473.95,23474.3,0.0
2026-09-09 12:11:00,23475.2,23476.2,23472.8,23474.45,0.0
2026-09-09 12:12:00,23476.0,23483.2,23474.6,23483.2,0.0
2026-09-09 12:13:00,23484.7,23487.7,23482.4,23486.2,0.0
2026-09-09 12:14:00,23487.65,23490.35,23485.35,23487.8,0.0
2026-09-09 12:15:00,23488.85,23489.45,23482.8,23484.8,0.0
2026-09-09 12:16:00,23485.65,23485.65,23479.45,23480.95,0.0
2026-09-09 12:17:00,23482.2,23486.0,23480.75,23485.15,0.0
2026-09-09 12:18:00,23485.65,23485.95,23481.65,23482.1,0.0
2026-09-09 12:19:00,23482.4,23483.15,23477.35,23479.2,0.0
2026-09-09 12:20:00,23480.5,23481.4,23477.4,23480.5,0.0
2026-09-09 12:21:00,23481.2,23481.45,23477.4,23477.4,0.0
2026-09-09 12:22:00,23479.3,23480.4,23477.05,23478.9,0.0
2026-09-09 12:23:00,23479.65,23483.8,23477.2,23483.1,0.0
2026-09-09 12:24:00,23483.85,23489.0,23483.15,23487.05,0.0
2026-09-09 12:25:00,23487.85,23491.3,23485.9,23489.65,0.0
2026-09-09 12:26:00,23490.35,23498.25,23489.35,23498.0,0.0
2026-09-09 12:27:00,23498.85,23501.7,23498.2,23499.2,0.0
2026-09-09 12:28:00,23500.35,23504.15,23498.0,23502.85,0.0
2026-09-09 12:29:00,23503.25,23511.1,23501.45,23510.6,0.0
2026-09-09 12:30:00,23512.15,23516.45,23510.7,23515.15,0.0
2026-09-09 12:31:00,23516.3,23522.8,23515.15,23522.8,0.0
2026-09-09 12:32:00,23523.5,23530.35,23522.75,23530.35,0.0
2026-09-09 12:33:00,23530.3,23553.65,23528.9,23547.3,0.0
2026-09-09 12:34:00,23548.5,23554.75,23545.25,23547.85,0.0
2026-09-09 12:35:00,23548.55,23565.0,23548.1,23556.85,0.0
2026-09-09 12:36:00,23557.4,23558.8,23552.8,23554.8,0.0
2026-09-09 12:37:00,23555.6,23560.4,23553.1,23554.45,0.0
2026-09-09 12:38:00,23556.75,23560.75,23555.05,23558.95,0.0
2026-09-09 12:39:00,23559.35,23559.55,23554.7,23557.45,0.0
2026-09-09 12:40:00,23557.95,23560.2,23556.2,23557.15,0.0
2026-09-09 12:41:00,23557.7,23562.6,23552.8,23562.05,0.0
2026-09-09 12:42:00,23562.6,23568.0,23561.6,23567.05,0.0
2026-09-09 12:43:00,23568.45,23571.55,23565.55,23567.45,0.0
2026-09-09 12:44:00,23567.85,23569.7,23564.8,23566.15,0.0
2026-09-09 12:45:00,23566.35,23567.45,23556.4,23559.9,0.0
2026-09-09 12:46:00,23560.65,23562.85,23557.7,23560.85,0.0
2026-09-09 12:47:00,23563.1,23564.8,23560.65,23563.45,0.0
2026-09-09 12:48:00,23563.85,23566.05,23561.5,23564.8,0.0
2026-09-09 12:49:00,23566.4,23568.65,23558.55,23558.9,0.0
2026-09-09 12:50:00,23560.0,23561.95,23556.5,23557.65,0.0
2026-09-09 12:51:00,23559.05,23560.1,23556.2,23560.05,0.0
2026-09-09 12:52:00,23560.55,23563.15,23560.0,23560.7,0.0
2026-09-09 12:53:00,23561.3,23561.85,23549.9,23551.9,0.0
2026-09-09 12:54:00,23552.3,23553.25,23545.55,23548.55,0.0
2026-09-09 12:55:00,23549.0,23552.0,23542.7,23549.75,0.0
2026-09-09 12:56:00,23550.35,23560.75,23549.9,23560.5,0.0
2026-09-09 12:57:00,23560.8,23564.3,23558.35,23562.15,0.0
2026-09-09 12:58:00,23562.75,23565.6,23561.85,23563.4,0.0
2026-09-09 12:59:00,23563.85,23567.25,23563.05,23566.0,0.0
2026-09-09 13:00:00,23566.2,23569.6,23559.55,23560.3,0.0
2026-09-09 13:01:00,23561.35,23561.35,23555.0,23557.15,0.0
2026-09-09 13:02:00,23558.75,23558.75,23544.45,23545.4,0.0
2026-09-09 13:03:00,23548.2,23550.95,23544.8,23549.9,0.0
2026-09-09 13:04:00,23550.75,23550.75,23544.9,23548.4,0.0
2026-09-09 13:05:00,23549.15,23551.2,23547.2,23549.0,0.0
2026-09-09 13:06:00,23550.95,23556.2,23548.9,23554.55,0.0
2026-09-09 13:07:00,23555.45,23558.85,23551.9,23558.5,0.0
2026-09-09 13:08:00,23559.35,23561.35,23553.0,23554.7,0.0
2026-09-09 13:09:00,23555.9,23556.1,23548.25,23549.1,0.0
2026-09-09 13:10:00,23549.95,23550.6,23545.05,23547.15,0.0
2026-09-09 13:11:00,23547.75,23549.85,23545.75,23546.2,0.0
2026-09-09 13:12:00,23546.9,23546.9,23538.05,23541.95,0.0
2026-09-09 13:13:00,23544.05,23544.05,23537.15,23541.9,0.0
2026-09-09 13:14:00,23542.75,23543.95,23539.8,23543.95,0.0
2026-09-09 13:15:00,23544.3,23545.15,23540.15,23541.6,0.0
2026-09-09 13:16:00,23542.6,23544.25,23540.4,23541.95,0.0
2026-09-09 13:17:00,23542.15,23542.75,23538.25,23540.4,0.0
2026-09-09 13:18:00,23541.1,23545.05,23539.7,23543.3,0.0
2026-09-09 13:19:00,23544.15,23545.1,23540.55,23541.1,0.0
2026-09-09 13:20:00,23541.9,23543.75,23536.95,23543.5,0.0
2026-09-09 13:21:00,23544.55,23555.1,23544.45,23553.7,0.0
2026-09-09 13:22:00,23554.65,23557.1,23547.35,23547.35,0.0
2026-09-09 13:23:00,23548.15,23548.7,23546.1,23547.15,0.0
2026-09-09 13:24:00,23548.9,23548.9,23543.7,23545.65,0.0
2026-09-09 13:25:00,23546.95,23550.75,23544.5,23550.55,0.0
2026-09-09 13:26:00,23551.05,23555.2,23549.8,23552.6,0.0
2026-09-09 13:27:00,23552.8,23555.8,23551.55,23553.7,0.0
2026-09-09 13:28:00,23554.5,23554.8,23550.05,23552.95,0.0
2026-09-09 13:29:00,23553.35,23560.05,23552.0,23558.45,0.0
2026-09-09 13:30:00,23559.75,23560.6,23553.95,23556.55,0.0
2026-09-09 13:31:00,23557.15,23558.5,23553.75,23555.9,0.0
2026-09-09 13:32:00,23556.05,23558.8,23553.2,23555.0,0.0
2026-09-09 13:33:00,23556.05,23556.65,23546.5,23547.2,0.0
2026-09-09 13:34:00,23549.1,23549.1,23542.45,23545.25,0.0
2026-09-09 13:35:00,23546.2,23548.25,23542.35,23546.85,0.0
2026-09-09 13:36:00,23547.05,23549.7,23544.65,23546.25,0.0
2026-09-09 13:37:00,23547.5,23551.1,23545.3,23551.1,0.0
2026-09-09 13:38:00,23552.2,23555.45,23551.3,23554.9,0.0
2026-09-09 13:39:00,23555.7,23558.1,23554.55,23555.4,0.0
2026-09-09 13:40:00,23556.5,23557.05,23553.4,23555.1,0.0
2026-09-09 13:41:00,23556.2,23558.9,23553.3,23557.45,0.0
2026-09-09 13:42:00,23557.95,23560.4,23556.55,23557.5,0.0
2026-09-09 13:43:00,23558.5,23559.5,23555.55,23557.55,0.0
2026-09-09 13:44:00,23559.15,23559.15,23552.75,23554.1,0.0
2026-09-09 13:45:00,23554.9,23557.1,23552.75,23552.75,0.0
2026-09-09 13:46:00,23554.15,23554.15,23549.35,23551.4,0.0
2026-09-09 13:47:00,23551.95,23553.55,23550.55,23552.85,0.0
2026-09-09 13:48:00,23554.3,23554.3,23548.9,23551.25,0.0
2026-09-09 13:49:00,23552.2,23553.55,23549.8,23553.5,0.0
2026-09-09 13:50:00,23554.0,23555.45,23550.8,23553.7,0.0
2026-09-09 13:51:00,23554.4,23556.1,23552.45,23554.55,0.0
2026-09-09 13:52:00,23555.35,23557.7,23551.85,23556.2,0.0
2026-09-09 13:53:00,23556.95,23559.25,23552.85,23552.95,0.0
2026-09-09 13:54:00,23553.8,23553.8,23543.25,23543.45,0.0
2026-09-09 13:55:00,23544.75,23544.75,23540.3,23541.1,0.0
2026-09-09 13:56:00,23542.25,23542.25,23536.65,23539.6,0.0
2026-09-09 13:57:00,23540.6,23541.7,23538.55,23541.5,0.0
2026-09-09 13:58:00,23542.35,23546.15,23540.85,23546.05,0.0
2026-09-09 13:59:00,23546.95,23552.2,23545.55,23551.95,0.0
2026-09-09 14:00:00,23552.55,23559.35,23551.75,23552.95,0.0
2026-09-09 14:01:00,23553.4,23560.4,23550.95,23558.75,0.0
2026-09-09 14:02:00,23559.6,23561.65,23557.45,23560.25,0.0
2026-09-09 14:03:00,23560.9,23561.8,23554.0,23554.65,0.0
2026-09-09 14:04:00,23555.3,23556.1,23552.2,23554.65,0.0
2026-09-09 14:05:00,23555.1,23560.8,23554.8,23560.25,0.0
2026-09-09 14:06:00,23560.85,23568.3,23560.25,23567.35,0.0
2026-09-09 14:07:00,23566.05,23566.05,23559.1,23560.5,0.0
2026-09-09 14:08:00,23561.8,23561.8,23557.5,23560.6,0.0
2026-09-09 14:09:00,23561.55,23562.6,23554.55,23554.55,0.0
2026-09-09 14:10:00,23556.0,23556.0,23548.65,23549.25,0.0
2026-09-09 14:11:00,23550.25,23556.25,23548.05,23553.5,0.0
2026-09-09 14:12:00,23553.75,23555.5,23550.95,23552.7,0.0
2026-09-09 14:13:00,23554.15,23556.25,23541.9,23542.4,0.0
2026-09-09 14:14:00,23543.0,23547.5,23537.7,23546.85,0.0
2026-09-09 14:15:00,23546.9,23548.75,23543.2,23545.3,0.0
2026-09-09 14:16:00,23546.05,23548.75,23539.75,23541.9,0.0
2026-09-09 14:17:00,23543.05,23548.75,23541.7,23542.65,0.0
2026-09-09 14:18:00,23544.9,23544.9,23537.65,23541.2,0.0
2026-09-09 14:19:00,23541.5,23544.45,23540.65,23543.05,0.0
2026-09-09 14:20:00,23543.55,23545.35,23538.15,23543.25,0.0
2026-09-09 14:21:00,23544.9,23549.05,23541.7,23544.55,0.0
2026-09-09 14:22:00,23544.2,23549.15,23543.6,23545.0,0.0
2026-09-09 14:23:00,23546.75,23548.75,23543.35,23545.45,0.0
2026-09-09 14:24:00,23545.75,23546.4,23539.4,23540.65,0.0
2026-09-09 14:25:00,23541.6,23543.6,23537.25,23540.05,0.0
2026-09-09 14:26:00,23541.1,23544.15,23538.25,23540.75,0.0
2026-09-09 14:27:00,23541.9,23543.45,23533.5,23534.1,0.0
2026-09-09 14:28:00,23535.0,23541.9,23533.55,23537.95,0.0
2026-09-09 14:29:00,23539.1,23539.5,23534.6,23535.65,0.0
2026-09-09 14:30:00,23537.95,23537.95,23524.8,23526.3,0.0
2026-09-09 14:31:00,23527.05,23531.3,23524.25,23526.05,0.0
2026-09-09 14:32:00,23527.2,23527.5,23523.05,23523.05,0.0
2026-09-09 14:33:00,23524.2,23524.2,23515.0,23515.35,0.0
2026-09-09 14:34:00,23517.6,23517.9,23510.95,23511.35,0.0
2026-09-09 14:35:00,23513.4,23516.6,23507.15,23508.6,0.0
2026-09-09 14:36:00,23510.1,23510.6,23504.4,23506.75,0.0
2026-09-09 14:37:00,23506.8,23506.85,23496.0,23498.2,0.0
2026-09-09 14:38:00,23499.5,23501.55,23490.1,23491.55,0.0
2026-09-09 14:39:00,23492.75,23496.65,23490.45,23492.85,0.0
2026-09-09 14:40:00,23495.1,23496.0,23489.5,23489.75,0.0
2026-09-09 14:41:00,23491.05,23495.8,23489.65,23492.8,0.0
2026-09-09 14:42:00,23494.25,23494.9,23489.2,23490.65,0.0
2026-09-09 14:43:00,23491.85,23493.85,23489.05,23490.95,0.0
2026-09-09 14:44:00,23490.75,23491.65,23485.85,23487.65,0.0
2026-09-09 14:45:00,23489.8,23489.8,23478.3,23478.95,0.0
2026-09-09 14:46:00,23480.7,23483.4,23479.35,23480.25,0.0
2026-09-09 14:47:00,23479.05,23487.85,23477.65,23484.45,0.0
2026-09-09 14:48:00,23484.65,23486.65,23482.6,23483.3,0.0
2026-09-09 14:49:00,23484.4,23488.35,23483.05,23487.4,0.0
2026-09-09 14:50:00,23486.75,23492.05,23483.7,23489.8,0.0
2026-09-09 14:51:00,23490.5,23493.2,23485.65,23486.5,0.0
2026-09-09 14:52:00,23486.6,23491.2,23484.4,23486.6,0.0
2026-09-09 14:53:00,23486.75,23491.05,23485.15,23490.95,0.0
2026-09-09 14:54:00,23490.8,23494.8,23487.2,23487.5,0.0
2026-09-09 14:55:00,23488.1,23491.35,23486.6,23487.2,0.0
2026-09-09 14:56:00,23488.5,23489.15,23482.05,23483.2,0.0
2026-09-09 14:57:00,23483.8,23487.7,23483.15,23486.85,0.0
2026-09-09 14:58:00,23488.1,23488.1,23485.0,23485.45,0.0
2026-09-09 14:59:00,23486.4,23487.0,23483.65,23486.0,0.0
2026-09-09 15:00:00,23486.95,23487.5,23483.65,23485.2,0.0
2026-09-09 15:01:00,23485.7,23487.8,23480.1,23481.55,0.0
2026-09-09 15:02:00,23481.0,23481.6,23477.05,23477.35,0.0
2026-09-09 15:03:00,23476.75,23477.95,23471.2,23472.0,0.0
2026-09-09 15:04:00,23472.35,23472.95,23461.3,23462.3,0.0
2026-09-09 15:05:00,23461.3,23461.3,23450.95,23458.65,0.0
2026-09-09 15:06:00,23458.8,23459.75,23454.2,23454.75,0.0
2026-09-09 15:07:00,23455.45,23458.4,23452.4,23457.55,0.0
2026-09-09 15:08:00,23456.9,23468.2,23456.9,23468.05,0.0
2026-09-09 15:09:00,23467.7,23470.7,23463.55,23470.0,0.0
2026-09-09 15:10:00,23470.2,23472.35,23467.85,23470.9,0.0
2026-09-09 15:11:00,23471.15,23473.7,23466.95,23467.3,0.0
2026-09-09 15:12:00,23467.05,23468.65,23461.2,23465.4,0.0
2026-09-09 15:13:00,23465.8,23470.95,23463.85,23467.2,0.0
2026-09-09 15:14:00,23465.55,23468.25,23458.5,23462.4,0.0
2026-09-09 15:28:00,23431.5,23431.5,23431.5,23431.5,0.0
2026-09-10 09:15:00,23446.6,23494.95,23437.05,23460.4,0.0
2026-09-10 09:16:00,23461.4,23461.4,23431.35,23433.45,0.0
2026-09-10 09:17:00,23436.25,23462.8,23434.05,23459.1,0.0
2026-09-10 09:18:00,23460.9,23471.9,23460.9,23470.1,0.0
2026-09-10 09:19:00,23472.3,23472.3,23455.15,23460.3,0.0
2026-09-10 09:20:00,23459.65,23459.65,23439.4,23444.1,0.0
2026-09-10 09:21:00,23445.65,23463.2,23444.7,23456.95,0.0
2026-09-10 09:22:00,23458.3,23458.3,23419.25,23421.7,0.0
2026-09-10 09:23:00,23423.5,23423.55,23414.0,23420.3,0.0
2026-09-10 09:24:00,23420.6,23430.6,23419.25,23428.6,0.0
2026-09-10 09:25:00,23429.15,23429.15,23419.5,23419.8,0.0
2026-09-10 09:26:00,23423.3,23433.75,23420.4,23433.55,0.0
2026-09-10 09:27:00,23434.9,23445.25,23432.8,23437.15,0.0
2026-09-10 09:28:00,23439.5,23445.75,23437.65,23443.7,0.0
2026-09-10 09:29:00,23445.2,23446.4,23435.75,23437.35,0.0
2026-09-10 09:30:00,23439.15,23440.65,23422.0,23422.7,0.0
2026-09-10 09:31:00,23422.95,23423.15,23409.3,23418.05,0.0
2026-09-10 09:32:00,23417.3,23421.5,23412.65,23420.75,0.0
2026-09-10 09:33:00,23422.5,23437.25,23420.75,23436.3,0.0
2026-09-10 09:34:00,23437.8,23438.1,23429.4,23432.0,0.0
2026-09-10 09:35:00,23433.7,23434.2,23425.7,23428.75,0.0
2026-09-10 09:36:00,23430.9,23436.0,23426.8,23434.65,0.0
2026-09-10 09:37:00,23435.9,23435.9,23430.65,23431.9,0.0
2026-09-10 09:38:00,23433.0,23433.15,23417.15,23417.7,0.0
2026-09-10 09:39:00,23419.9,23421.6,23416.05,23418.8,0.0
2026-09-10 09:40:00,23419.95,23424.05,23419.0,23422.9,0.0
2026-09-10 09:41:00,23424.1,23426.35,23417.8,23419.6,0.0
2026-09-10 09:42:00,23420.7,23430.6,23420.2,23427.45,0.0
2026-09-10 09:43:00,23428.8,23434.7,23426.0,23426.0,0.0
2026-09-10 09:44:00,23428.55,23428.8,23420.7,23422.6,0.0
2026-09-10 09:45:00,23423.25,23431.05,23421.85,23427.65,0.0
2026-09-10 09:46:00,23429.35,23429.6,23424.15,23426.2,0.0
2026-09-10 09:47:00,23426.85,23433.7,23421.65,23432.5,0.0
2026-09-10 09:48:00,23432.1,23435.55,23427.5,23435.0,0.0
2026-09-10 09:49:00,23435.9,23437.3,23430.15,23435.65,0.0
2026-09-10 09:50:00,23437.3,23444.05,23436.55,23443.1,0.0
2026-09-10 09:51:00,23445.1,23449.4,23443.25,23447.1,0.0
2026-09-10 09:52:00,23448.65,23451.6,23444.3,23447.9,0.0
2026-09-10 09:53:00,23448.85,23451.45,23442.8,23443.1,0.0
2026-09-10 09:54:00,23444.1,23445.85,23441.6,23442.3,0.0
2026-09-10 09:55:00,23443.4,23443.45,23436.45,23437.75,0.0
2026-09-10 09:56:00,23441.75,23445.7,23434.8,23443.6,0.0
2026-09-10 09:57:00,23445.3,23445.3,23432.6,23433.95,0.0
2026-09-10 09:58:00,23435.1,23435.7,23429.75,23431.15,0.0
2026-09-10 09:59:00,23432.4,23432.4,23424.8,23428.05,0.0
2026-09-10 10:00:00,23430.2,23430.2,23422.2,23422.2,0.0
2026-09-10 10:01:00,23423.9,23424.45,23418.6,23419.3,0.0
2026-09-10 10:02:00,23420.25,23420.65,23412.5,23412.6,0.0
2026-09-10 10:03:00,23414.1,23418.8,23412.9,23414.5,0.0
2026-09-10 10:04:00,23416.8,23426.55,23415.25,23422.65,0.0
2026-09-10 10:05:00,23423.75,23427.0,23422.45,23424.75,0.0
2026-09-10 10:06:00,23426.4,23426.4,23416.05,23416.55,0.0
2026-09-10 10:07:00,23417.65,23418.85,23412.95,23413.6,0.0
2026-09-10 10:08:00,23415.95,23418.2,23408.5,23408.6,0.0
2026-09-10 10:09:00,23409.9,23419.35,23404.45,23414.8,0.0
2026-09-10 10:10:00,23415.75,23415.8,23411.2,23413.75,0.0
2026-09-10 10:11:00,23415.75,23417.0,23409.05,23414.0,0.0
2026-09-10 10:12:00,23414.75,23414.75,23407.8,23408.85,0.0
2026-09-10 10:13:00,23410.55,23411.65,23404.35,23406.0,0.0
2026-09-10 10:14:00,23407.9,23413.6,23405.5,23413.6,0.0
2026-09-10 10:15:00,23415.15,23420.25,23412.35,23420.0,0.0
2026-09-10 10:16:00,23421.9,23426.3,23421.45,23425.2,0.0
2026-09-10 10:17:00,23426.75,23435.85,23425.75,23428.15,0.0
2026-09-10 10:18:00,23429.3,23433.75,23427.5,23429.35,0.0
2026-09-10 10:19:00,23429.95,23431.65,23426.2,23426.75,0.0
2026-09-10 10:20:00,23428.45,23428.45,23421.65,23421.9,0.0
2026-09-10 10:21:00,23422.6,23423.55,23417.2,23418.3,0.0
2026-09-10 10:22:00,23419.5,23419.5,23415.0,23416.95,0.0
2026-09-10 10:23:00,23418.2,23429.15,23417.0,23428.95,0.0
2026-09-10 10:24:00,23430.4,23430.4,23422.35,23424.25,0.0
2026-09-10 10:25:00,23425.15,23427.3,23420.7,23426.55,0.0
2026-09-10 10:26:00,23428.6,23428.6,23423.8,23425.5,0.0
2026-09-10 10:27:00,23426.7,23427.05,23421.15,23421.7,0.0
2026-09-10 10:28:00,23422.75,23424.1,23421.0,23421.85,0.0
2026-09-10 10:29:00,23423.0,23426.65,23421.6,23424.8,0.0
2026-09-10 10:30:00,23425.5,23429.0,23424.7,23428.25,0.0
2026-09-10 10:31:00,23429.0,23430.25,23424.3,23424.4,0.0
2026-09-10 10:32:00,23425.6,23428.55,23424.25,23425.5,0.0
2026-09-10 10:33:00,23428.2,23430.75,23426.3,23429.45,0.0
2026-09-10 10:34:00,23430.85,23430.85,23426.15,23428.15,0.0
2026-09-10 10:35:00,23428.7,23430.0,23426.75,23427.6,0.0
2026-09-10 10:36:00,23429.55,23430.9,23426.1,23427.95,0.0
2026-09-10 10:37:00,23428.95,23429.1,23426.45,23427.35,0.0
2026-09-10 10:38:00,23429.35,23433.8,23427.35,23432.35,0.0
2026-09-10 10:39:00,23433.95,23437.05,23432.5,23436.25,0.0
2026-09-10 10:40:00,23436.95,23441.4,23435.6,23439.85,0.0
2026-09-10 10:41:00,23441.5,23444.05,23435.5,23437.95,0.0
2026-09-10 10:42:00,23438.8,23441.35,23433.1,23439.7,0.0
2026-09-10 10:43:00,23441.5,23442.05,23435.3,23435.45,0.0
2026-09-10 10:44:00,23437.3,23448.4,23436.35,23448.4,0.0
2026-09-10 10:45:00,23449.3,23451.35,23441.65,23442.7,0.0
2026-09-10 10:46:00,23443.6,23444.95,23435.3,23435.35,0.0
2026-09-10 10:47:00,23436.95,23436.95,23431.8,23433.4,0.0
2026-09-10 10:48:00,23434.8,23434.8,23427.2,23427.5,0.0
2026-09-10 10:49:00,23428.3,23428.75,23423.6,23424.15,0.0
2026-09-10 10:50:00,23426.2,23426.2,23418.8,23420.0,0.0
2026-09-10 10:51:00,23420.55,23421.35,23416.0,23419.55,0.0
2026-09-10 10:52:00,23421.85,23424.35,23417.85,23417.85,0.0
2026-09-10 10:53:00,23419.3,23419.95,23415.4,23416.65,0.0
2026-09-10 10:54:00,23418.3,23418.3,23410.8,23410.8,0.0
2026-09-10 10:55:00,23412.9,23413.85,23406.25,23406.35,0.0
2026-09-10 10:56:00,23407.55,23409.2,23403.8,23404.4,0.0
2026-09-10 10:57:00,23406.05,23411.6,23403.05,23411.55,0.0
2026-09-10 10:58:00,23414.2,23414.2,23406.9,23408.75,0.0
2026-09-10 10:59:00,23409.9,23410.2,23407.6,23409.75,0.0
2026-09-10 11:00:00,23412.5,23418.85,23410.75,23416.65,0.0
2026-09-10 11:01:00,23418.45,23418.85,23415.95,23417.45,0.0
2026-09-10 11:02:00,23417.75,23417.75,23413.75,23414.95,0.0
2026-09-10 11:03:00,23416.3,23421.0,23414.0,23414.65,0.0
2026-09-10 11:04:00,23416.1,23422.3,23415.15,23417.45,0.0
2026-09-10 11:05:00,23418.75,23418.75,23409.85,23413.2,0.0
2026-09-10 11:06:00,23415.05,23420.35,23413.2,23419.55,0.0
2026-09-10 11:07:00,23420.8,23420.8,23414.5,23418.0,0.0
2026-09-10 11:08:00,23419.45,23423.2,23416.8,23419.7,0.0
2026-09-10 11:09:00,23420.4,23420.55,23416.7,23417.4,0.0
2026-09-10 11:10:00,23418.8,23422.95,23416.45,23420.45,0.0
2026-09-10 11:11:00,23421.95,23422.4,23417.65,23419.85,0.0
2026-09-10 11:12:00,23420.2,23426.1,23419.2,23424.35,0.0
2026-09-10 11:13:00,23426.25,23435.15,23424.8,23434.85,0.0
2026-09-10 11:14:00,23435.9,23439.1,23432.15,23438.95,0.0
2026-09-10 11:15:00,23439.5,23446.8,23438.3,23443.55,0.0
2026-09-10 11:16:00,23445.35,23445.35,23436.65,23436.95,0.0
2026-09-10 11:17:00,23438.15,23440.5,23435.3,23440.4,0.0
2026-09-10 11:18:00,23441.15,23443.0,23436.6,23437.4,0.0
2026-09-10 11:19:00,23437.65,23442.0,23436.15,23436.75,0.0
2026-09-10 11:20:00,23438.1,23438.1,23425.85,23428.25,0.0
2026-09-10 11:21:00,23430.75,23432.6,23423.75,23424.55,0.0
2026-09-10 11:22:00,23425.15,23433.6,23423.8,23433.5,0.0
2026-09-10 11:23:00,23434.6,23437.5,23433.65,23436.7,0.0
2026-09-10 11:24:00,23437.8,23438.1,23432.25,23433.05,0.0
2026-09-10 11:25:00,23435.1,23436.45,23433.05,23433.6,0.0
2026-09-10 11:26:00,23434.85,23435.35,23430.85,23434.2,0.0
2026-09-10 11:27:00,23434.75,23434.85,23426.25,23426.85,0.0
2026-09-10 11:28:00,23427.7,23429.35,23424.8,23428.25,0.0
2026-09-10 11:29:00,23430.0,23430.0,23426.55,23426.7,0.0
2026-09-10 11:30:00,23428.55,23437.3,23426.6,23437.0,0.0
2026-09-10 11:31:00,23437.95,23439.05,23435.4,23436.3,0.0
2026-09-10 11:32:00,23437.35,23438.15,23423.7,23424.5,0.0
2026-09-10 11:33:00,23426.05,23426.05,23419.65,23420.5,0.0
2026-09-10 11:34:00,23421.65,23421.65,23418.85,23420.75,0.0
2026-09-10 11:35:00,23421.65,23422.4,23416.95,23421.5,0.0
2026-09-10 11:36:00,23422.9,23425.25,23420.1,23421.25,0.0
2026-09-10 11:37:00,23421.95,23421.95,23418.2,23419.1,0.0
2026-09-10 11:38:00,23420.3,23424.5,23417.8,23421.7,0.0
2026-09-10 11:39:00,23422.45,23422.45,23412.05,23413.0,0.0
2026-09-10 11:40:00,23414.3,23417.05,23412.6,23414.75,0.0
2026-09-10 11:41:00,23415.1,23418.45,23412.0,23412.6,0.0
2026-09-10 11:42:00,23413.8,23413.8,23405.65,23405.9,0.0
2026-09-10 11:43:00,23407.85,23413.25,23405.35,23412.9,0.0
2026-09-10 11:44:00,23413.65,23421.85,23411.2,23421.55,0.0
2026-09-10 11:45:00,23422.4,23424.45,23420.3,23423.45,0.0
2026-09-10 11:46:00,23424.7,23427.3,23422.05,23423.9,0.0
2026-09-10 11:47:00,23424.95,23430.2,23424.55,23429.1,0.0
2026-09-10 11:48:00,23431.05,23431.05,23426.4,23429.8,0.0
2026-09-10 11:49:00,23431.05,23433.55,23428.5,23431.4,0.0
2026-09-10 11:50:00,23433.45,23435.5,23431.25,23433.15,0.0
2026-09-10 11:51:00,23434.85,23435.45,23430.3,23430.7,0.0
2026-09-10 11:52:00,23432.45,23432.45,23426.25,23430.3,0.0
2026-09-10 11:53:00,23430.9,23432.25,23429.55,23431.3,0.0
2026-09-10 11:54:00,23432.45,23432.55,23428.7,23432.55,0.0
2026-09-10 11:55:00,23433.0,23433.0,23428.75,23430.55,0.0
2026-09-10 11:56:00,23431.3,23431.3,23422.0,23424.75,0.0
2026-09-10 11:57:00,23425.2,23433.05,23424.8,23430.3,0.0
2026-09-10 11:58:00,23431.6,23435.05,23429.6,23433.65,0.0
2026-09-10 11:59:00,23434.55,23439.6,23432.9,23439.4,0.0
2026-09-10 12:00:00,23441.1,23444.4,23439.8,23444.35,0.0
2026-09-10 12:01:00,23445.75,23446.3,23439.85,23440.7,0.0
2026-09-10 12:02:00,23441.65,23445.9,23440.5,23445.7,0.0
2026-09-10 12:03:00,23446.4,23447.55,23441.5,23442.35,0.0
2026-09-10 12:04:00,23442.85,23449.4,23441.2,23447.0,0.0
2026-09-10 12:05:00,23448.45,23448.85,23444.25,23446.55,0.0
2026-09-10 12:06:00,23447.6,23448.15,23437.85,23439.35,0.0
2026-09-10 12:07:00,23441.0,23446.1,23438.0,23446.1,0.0
2026-09-10 12:08:00,23445.75,23446.25,23438.6,23439.35,0.0
2026-09-10 12:09:00,23440.9,23441.9,23437.1,23437.6,0.0
2026-09-10 12:10:00,23439.35,23441.2,23437.3,23439.6,0.0
2026-09-10 12:11:00,23441.2,23448.5,23440.8,23447.3,0.0
2026-09-10 12:12:00,23449.15,23458.4,23447.4,23456.65,0.0
2026-09-10 12:13:00,23457.7,23458.55,23451.55,23458.0,0.0
2026-09-10 12:14:00,23459.7,23464.85,23456.25,23458.2,0.0
2026-09-10 12:15:00,23460.15,23464.45,23459.0,23461.35,0.0
2026-09-10 12:16:00,23464.15,23464.8,23459.85,23463.8,0.0
2026-09-10 12:17:00,23465.2,23466.3,23461.25,23461.45,0.0
2026-09-10 12:18:00,23462.8,23463.85,23459.4,23461.55,0.0
2026-09-10 12:19:00,23462.9,23466.0,23461.25,23462.1,0.0
2026-09-10 12:20:00,23463.5,23466.6,23458.95,23464.2,0.0
2026-09-10 12:21:00,23464.8,23471.7,23462.5,23469.9,0.0
2026-09-10 12:22:00,23471.35,23473.9,23464.0,23465.25,0.0
2026-09-10 12:23:00,23466.55,23470.15,23456.05,23458.95,0.0
2026-09-10 12:24:00,23460.3,23463.65,23456.1,23457.35,0.0
2026-09-10 12:25:00,23459.15,23461.55,23456.35,23461.5,0.0
2026-09-10 12:26:00,23462.45,23464.75,23461.2,23464.75,0.0
2026-09-10 12:27:00,23465.7,23466.85,23458.6,23459.85,0.0
2026-09-10 12:28:00,23461.5,23463.5,23460.25,23461.35,0.0
2026-09-10 12:29:00,23461.95,23462.45,23457.25,23457.5,0.0
2026-09-10 12:30:00,23459.3,23460.3,23454.8,23457.0,0.0
2026-09-10 12:31:00,23458.0,23458.55,23449.95,23452.35,0.0
2026-09-10 12:32:00,23453.65,23457.75,23452.75,23452.75,0.0
2026-09-10 12:33:00,23455.4,23457.65,23453.15,23456.3,0.0
2026-09-10 12:34:00,23457.6,23458.25,23448.9,23450.4,0.0
2026-09-10 12:35:00,23452.2,23452.65,23449.4,23450.85,0.0
2026-09-10 12:36:00,23452.0,23453.0,23445.65,23445.85,0.0
2026-09-10 12:37:00,23447.45,23449.1,23441.5,23442.25,0.0
2026-09-10 12:38:00,23443.4,23445.3,23441.25,23441.25,0.0
2026-09-10 12:39:00,23443.35,23447.55,23439.7,23446.05,0.0
2026-09-10 12:40:00,23446.7,23451.75,23445.5,23450.0,0.0
2026-09-10 12:41:00,23452.2,23453.7,23443.25,23443.3,0.0
2026-09-10 12:42:00,23444.55,23456.6,23443.55,23453.8,0.0
2026-09-10 12:43:00,23454.8,23461.45,23453.25,23458.4,0.0
2026-09-10 12:44:00,23459.9,23462.0,23457.9,23458.85,0.0
2026-09-10 12:45:00,23460.8,23465.2,23457.85,23461.55,0.0
2026-09-10 12:46:00,23462.7,23463.1,23454.25,23454.8,0.0
2026-09-10 12:47:00,23455.85,23456.5,23448.95,23453.35,0.0
2026-09-10 12:48:00,23455.15,23456.6,23450.45,23456.6,0.0
2026-09-10 12:49:00,23457.8,23460.55,23456.55,23456.55,0.0
2026-09-10 12:50:00,23458.4,23460.5,23454.05,23458.65,0.0
2026-09-10 12:51:00,23460.05,23460.8,23456.9,23458.95,0.0
2026-09-10 12:52:00,23460.15,23461.9,23456.05,23456.05,0.0
2026-09-10 12:53:00,23457.85,23458.55,23453.7,23454.25,0.0
2026-09-10 12:54:00,23456.4,23457.0,23449.75,23452.7,0.0
2026-09-10 12:55:00,23454.6,23455.55,23445.15,23447.65,0.0
2026-09-10 12:56:00,23451.05,23451.4,23442.6,23445.75,0.0
2026-09-10 12:57:00,23447.6,23449.35,23444.9,23448.5,0.0
2026-09-10 12:58:00,23450.5,23451.6,23444.7,23444.85,0.0
2026-09-10 12:59:00,23446.4,23447.55,23437.05,23437.65,0.0
2026-09-10 13:00:00,23439.85,23441.8,23437.9,23438.1,0.0
2026-09-10 13:01:00,23439.35,23439.35,23431.85,23433.4,0.0
2026-09-10 13:02:00,23434.85,23441.6,23432.7,23439.6,0.0
2026-09-10 13:03:00,23442.25,23442.8,23436.25,23436.25,0.0
2026-09-10 13:04:00,23438.1,23441.35,23436.75,23437.85,0.0
2026-09-10 13:05:00,23439.95,23441.6,23429.75,23430.7,0.0
2026-09-10 13:06:00,23433.65,23433.65,23423.15,23424.7,0.0
2026-09-10 13:07:00,23427.4,23432.15,23424.15,23428.35,0.0
2026-09-10 13:08:00,23429.95,23432.65,23428.85,23431.9,0.0
2026-09-10 13:09:00,23433.95,23439.7,23432.45,23436.7,0.0
2026-09-10 13:10:00,23438.8,23440.65,23434.0,23440.45,0.0
2026-09-10 13:11:00,23441.6,23442.55,23437.55,23439.25,0.0
2026-09-10 13:12:00,23440.35,23441.6,23433.65,23435.55,0.0
2026-09-10 13:13:00,23436.95,23439.9,23435.55,23439.9,0.0
2026-09-10 13:14:00,23441.8,23448.45,23439.5,23447.3,0.0
2026-09-10 13:15:00,23450.45,23451.1,23439.2,23442.8,0.0
2026-09-10 13:16:00,23444.4,23445.05,23438.35,23438.8,0.0
2026-09-10 13:17:00,23441.05,23443.4,23439.8,23440.8,0.0
2026-09-10 13:18:00,23443.0,23444.45,23440.85,23442.95,0.0
2026-09-10 13:19:00,23444.15,23444.6,23434.55,23436.3,0.0
2026-09-10 13:20:00,23438.7,23439.15,23432.4,23434.2,0.0
2026-09-10 13:21:00,23436.0,23443.0,23433.1,23440.55,0.0
2026-09-10 13:22:00,23441.85,23443.3,23436.3,23436.45,0.0
2026-09-10 13:23:00,23438.1,23440.45,23436.15,23439.05,0.0
2026-09-10 13:24:00,23440.1,23441.2,23438.4,23440.4,0.0
2026-09-10 13:25:00,23440.7,23443.95,23439.1,23439.1,0.0
2026-09-10 13:26:00,23440.85,23441.7,23436.9,23437.05,0.0
2026-09-10 13:27:00,23438.75,23438.75,23434.15,23434.6,0.0
2026-09-10 13:28:00,23436.55,23436.9,23432.7,23436.7,0.0
2026-09-10 13:29:00,23437.85,23438.05,23428.7,23431.15,0.0
2026-09-10 13:30:00,23432.05,23432.05,23424.55,23429.45,0.0
2026-09-10 13:31:00,23431.65,23434.05,23430.0,23432.05,0.0
2026-09-10 13:32:00,23433.35,23435.35,23429.65,23429.65,0.0
2026-09-10 13:33:00,23430.2,23431.05,23424.6,23427.25,0.0
2026-09-10 13:34:00,23428.0,23430.25,23425.25,23428.6,0.0
2026-09-10 13:35:00,23430.1,23432.3,23427.8,23429.6,0.0
2026-09-10 13:36:00,23430.85,23432.15,23428.1,23430.5,0.0
2026-09-10 13:37:00,23431.6,23433.5,23427.15,23429.45,0.0
2026-09-10 13:38:00,23430.9,23437.55,23430.35,23437.55,0.0
2026-09-10 13:39:00,23437.35,23440.5,23432.5,23439.35,0.0
2026-09-10 13:40:00,23441.2,23444.65,23438.95,23442.9,0.0
2026-09-10 13:41:00,23443.8,23446.35,23439.6,23440.6,0.0
2026-09-10 13:42:00,23442.95,23445.5,23439.7,23439.85,0.0
2026-09-10 13:43:00,23441.8,23442.7,23436.75,23439.25,0.0
2026-09-10 13:44:00,23440.15,23441.65,23436.35,23440.0,0.0
2026-09-10 13:45:00,23440.5,23440.85,23433.05,23433.05,0.0
2026-09-10 13:46:00,23435.0,23435.9,23431.85,23432.2,0.0
2026-09-10 13:47:00,23434.5,23437.5,23433.35,23433.6,0.0
2026-09-10 13:48:00,23434.45,23435.75,23428.05,23428.75,0.0
2026-09-10 13:49:00,23430.65,23436.45,23429.5,23431.9,0.0
2026-09-10 13:50:00,23433.55,23434.0,23430.3,23431.6,0.0
2026-09-10 13:51:00,23432.15,23435.55,23429.3,23434.15,0.0
2026-09-10 13:52:00,23435.2,23436.7,23433.7,23434.85,0.0
2026-09-10 13:53:00,23436.25,23437.65,23432.9,23433.35,0.0
2026-09-10 13:54:00,23435.1,23436.4,23430.4,23431.2,0.0
2026-09-10 13:55:00,23432.85,23433.55,23425.05,23426.8,0.0
2026-09-10 13:56:00,23427.95,23428.75,23424.05,23426.2,0.0
2026-09-10 13:57:00,23427.95,23429.1,23423.1,23426.8,0.0
2026-09-10 13:58:00,23427.6,23428.85,23425.2,23426.05,0.0
2026-09-10 13:59:00,23426.65,23427.3,23423.05,23425.2,0.0
2026-09-10 14:00:00,23427.4,23430.15,23425.7,23428.65,0.0
2026-09-10 14:01:00,23429.85,23429.85,23424.8,23425.85,0.0
2026-09-10 14:02:00,23426.55,23427.95,23422.5,23423.4,0.0
2026-09-10 14:03:00,23424.7,23425.0,23419.25,23420.55,0.0
2026-09-10 14:04:00,23421.4,23421.6,23417.05,23417.9,0.0
2026-09-10 14:05:00,23419.25,23419.25,23413.8,23418.4,0.0
2026-09-10 14:06:00,23419.35,23421.95,23418.0,23420.95,0.0
2026-09-10 14:07:00,23421.65,23422.2,23418.25,23420.75,0.0
2026-09-10 14:08:00,23421.65,23421.7,23415.75,23416.65,0.0
2026-09-10 14:09:00,23418.75,23422.95,23415.4,23419.4,0.0
2026-09-10 14:10:00,23420.1,23420.7,23416.4,23417.3,0.0
2026-09-10 14:11:00,23418.75,23419.25,23415.5,23418.9,0.0
2026-09-10 14:12:00,23419.95,23421.8,23417.35,23417.8,0.0
2026-09-10 14:13:00,23419.5,23419.5,23414.35,23418.85,0.0
2026-09-10 14:14:00,23419.95,23420.6,23416.65,23417.9,0.0
2026-09-10 14:15:00,23419.1,23419.1,23413.1,23413.9,0.0
2026-09-10 14:16:00,23414.75,23416.65,23413.3,23416.1,0.0
2026-09-10 14:17:00,23418.1,23418.15,23413.4,23415.6,0.0
2026-09-10 14:18:00,23416.35,23416.35,23410.75,23411.5,0.0
2026-09-10 14:19:00,23412.25,23412.25,23406.5,23410.15,0.0
2026-09-10 14:20:00,23410.95,23416.9,23409.7,23415.8,0.0
2026-09-10 14:21:00,23417.2,23424.4,23417.2,23422.9,0.0
2026-09-10 14:22:00,23424.45,23424.45,23419.8,23421.0,0.0
2026-09-10 14:23:00,23422.3,23423.05,23419.3,23420.1,0.0
2026-09-10 14:24:00,23421.15,23425.85,23419.2,23425.35,0.0
2026-09-10 14:25:00,23426.75,23428.15,23424.35,23426.85,0.0
2026-09-10 14:26:00,23423.75,23426.55,23420.4,23421.45,0.0
2026-09-10 14:27:00,23422.2,23426.0,23421.1,23424.8,0.0
2026-09-10 14:28:00,23425.4,23425.4,23411.65,23414.8,0.0
2026-09-10 14:29:00,23416.65,23418.85,23415.15,23418.65,0.0
2026-09-10 14:30:00,23420.05,23421.45,23418.3,23420.15,0.0
2026-09-10 14:31:00,23420.5,23420.8,23413.65,23414.3,0.0
2026-09-10 14:32:00,23416.4,23418.85,23414.2,23415.7,0.0
2026-09-10 14:33:00,23416.8,23419.2,23413.75,23416.2,0.0
2026-09-10 14:34:00,23417.8,23418.7,23414.9,23416.35,0.0
2026-09-10 14:35:00,23417.55,23417.55,23410.8,23413.0,0.0
2026-09-10 14:36:00,23413.8,23414.4,23409.35,23410.6,0.0
2026-09-10 14:37:00,23412.45,23414.15,23405.35,23406.3,0.0
2026-09-10 14:38:00,23407.7,23409.55,23405.9,23407.65,0.0
2026-09-10 14:39:00,23409.1,23410.35,23404.5,23406.6,0.0
2026-09-10 14:40:00,23407.55,23409.75,23397.8,23401.35,0.0
2026-09-10 14:41:00,23402.45,23407.55,23400.5,23406.1,0.0
2026-09-10 14:42:00,23407.15,23413.3,23405.75,23411.1,0.0
2026-09-10 14:43:00,23412.45,23412.45,23407.85,23411.25,0.0
2026-09-10 14:44:00,23412.4,23416.45,23411.25,23414.7,0.0
2026-09-10 14:45:00,23416.2,23417.5,23414.4,23416.25,0.0
2026-09-10 14:46:00,23416.35,23417.95,23413.9,23416.65,0.0
2026-09-10 14:47:00,23417.3,23423.95,23415.65,23420.05,0.0
2026-09-10 14:48:00,23421.35,23421.35,23416.25,23418.7,0.0
2026-09-10 14:49:00,23420.25,23425.55,23419.45,23425.3,0.0
2026-09-10 14:50:00,23426.65,23431.05,23425.4,23429.85,0.0
2026-09-10 14:51:00,23430.4,23433.35,23427.4,23428.8,0.0
2026-09-10 14:52:00,23429.8,23431.9,23420.5,23423.15,0.0
2026-09-10 14:53:00,23424.1,23428.15,23420.25,23428.15,0.0
2026-09-10 14:54:00,23428.2,23429.0,23420.45,23424.3,0.0
2026-09-10 14:55:00,23425.1,23427.3,23419.85,23421.35,0.0
2026-09-10 14:56:00,23422.35,23424.95,23420.95,23424.1,0.0
2026-09-10 14:57:00,23425.15,23426.2,23417.05,23417.65,0.0
2026-09-10 14:58:00,23418.4,23419.0,23413.85,23414.8,0.0
2026-09-10 14:59:00,23414.75,23415.25,23409.45,23411.8,0.0
2026-09-10 15:00:00,23412.25,23412.25,23386.0,23386.05,0.0
2026-09-10 15:01:00,23385.75,23396.3,23381.9,23394.35,0.0
2026-09-10 15:02:00,23393.75,23396.45,23386.75,23389.4,0.0
2026-09-10 15:03:00,23390.4,23394.15,23389.2,23391.35,0.0
2026-09-10 15:04:00,23391.45,23393.9,23388.55,23392.6,0.0
2026-09-10 15:05:00,23392.2,23392.5,23388.2,23390.35,0.0
2026-09-10 15:06:00,23389.9,23390.25,23380.1,23386.05,0.0
2026-09-10 15:07:00,23386.25,23389.35,23382.65,23384.6,0.0
2026-09-10 15:08:00,23384.9,23390.4,23383.45,23389.7,0.0
2026-09-10 15:09:00,23389.85,23392.65,23386.35,23391.8,0.0
2026-09-10 15:10:00,23392.15,23392.3,23388.7,23389.9,0.0
2026-09-10 15:11:00,23389.35,23393.4,23387.25,23390.2,0.0
2026-09-10 15:12:00,23389.9,23391.0,23382.4,23389.8,0.0
2026-09-10 15:13:00,23388.85,23396.75,23387.15,23392.35,0.0
2026-09-10 15:14:00,23394.3,23396.65,23385.65,23389.25,0.0
2026-09-10 15:29:00,23477.8,23477.8,23477.8,23477.8,0.0
2026-09-11 09:15:00,23270.3,23277.3,23231.4,23246.25,0.0
2026-09-11 09:16:00,23247.75,23248.75,23239.25,23240.8,0.0
2026-09-11 09:17:00,23241.75,23243.45,23232.25,23238.5,0.0
2026-09-11 09:18:00,23241.35,23252.3,23236.55,23247.5,0.0
2026-09-11 09:19:00,23248.15,23261.85,23244.65,23258.6,0.0
2026-09-11 09:20:00,23259.0,23259.45,23249.4,23256.75,0.0
2026-09-11 09:21:00,23257.95,23263.65,23253.95,23257.4,0.0
2026-09-11 09:22:00,23257.9,23263.95,23253.1,23258.45,0.0
2026-09-11 09:23:00,23258.0,23261.15,23248.35,23250.7,0.0
2026-09-11 09:24:00,23251.2,23259.9,23249.1,23258.95,0.0
2026-09-11 09:25:00,23258.9,23266.0,23254.05,23260.85,0.0
2026-09-11 09:26:00,23261.1,23263.1,23253.25,23260.1,0.0
2026-09-11 09:27:00,23261.45,23261.85,23254.3,23260.2,0.0
2026-09-11 09:28:00,23260.1,23260.8,23251.7,23255.8,0.0
2026-09-11 09:29:00,23257.2,23260.7,23252.9,23258.25,0.0
2026-09-11 09:30:00,23258.4,23260.75,23253.9,23254.8,0.0
2026-09-11 09:31:00,23257.5,23267.15,23255.8,23256.65,0.0
2026-09-11 09:32:00,23258.8,23258.8,23239.15,23240.7,0.0
2026-09-11 09:33:00,23240.35,23251.35,23238.25,23250.85,0.0
2026-09-11 09:34:00,23251.2,23259.85,23251.2,23256.05,0.0
2026-09-11 09:35:00,23257.9,23263.45,23254.95,23261.35,0.0
2026-09-11 09:36:00,23262.5,23265.25,23258.55,23263.9,0.0
2026-09-11 09:37:00,23265.0,23267.25,23256.65,23257.1,0.0
2026-09-11 09:38:00,23258.2,23263.2,23255.7,23262.0,0.0
2026-09-11 09:39:00,23263.05,23263.4,23257.95,23259.15,0.0
2026-09-11 09:40:00,23259.6,23259.6,23249.6,23249.75,0.0
2026-09-11 09:41:00,23250.5,23250.5,23240.65,23241.85,0.0
2026-09-11 09:42:00,23243.85,23244.55,23239.15,23240.8,0.0
2026-09-11 09:43:00,23240.95,23255.85,23240.9,23255.55,0.0
2026-09-11 09:44:00,23255.85,23257.3,23247.75,23248.2,0.0
2026-09-11 09:45:00,23249.95,23252.9,23247.15,23252.8,0.0
2026-09-11 09:46:00,23254.1,23254.1,23244.65,23247.0,0.0
2026-09-11 09:47:00,23248.7,23248.75,23242.3,23243.35,0.0
2026-09-11 09:48:00,23244.6,23245.8,23241.25,23243.25,0.0
2026-09-11 09:49:00,23244.0,23248.7,23242.5,23246.55,0.0
2026-09-11 09:50:00,23247.8,23252.3,23246.05,23249.8,0.0
2026-09-11 09:51:00,23250.7,23250.95,23245.4,23246.0,0.0
2026-09-11 09:52:00,23247.6,23249.55,23244.2,23247.9,0.0
2026-09-11 09:53:00,23249.5,23251.05,23242.3,23242.75,0.0
2026-09-11 09:54:00,23243.95,23249.45,23242.35,23246.25,0.0
2026-09-11 09:55:00,23247.05,23254.55,23244.75,23252.55,0.0
2026-09-11 09:56:00,23253.85,23261.3,23252.8,23257.3,0.0
2026-09-11 09:57:00,23258.35,23261.65,23256.3,23258.95,0.0
2026-09-11 09:58:00,23259.95,23262.95,23258.2,23261.9,0.0
2026-09-11 09:59:00,23262.5,23263.35,23259.0,23259.25,0.0
2026-09-11 10:00:00,23259.9,23263.2,23258.35,23258.95,0.0
2026-09-11 10:01:00,23259.65,23261.4,23257.45,23260.5,0.0
2026-09-11 10:02:00,23261.75,23262.75,23257.3,23262.1,0.0
2026-09-11 10:03:00,23258.55,23273.9,23258.55,23272.15,0.0
2026-09-11 10:04:00,23273.45,23274.8,23268.65,23271.9,0.0
2026-09-11 10:05:00,23272.65,23276.7,23270.8,23273.1,0.0
2026-09-11 10:06:00,23274.1,23275.7,23271.0,23271.25,0.0
2026-09-11 10:07:00,23272.65,23275.75,23270.5,23270.6,0.0
2026-09-11 10:08:00,23271.4,23281.85,23269.6,23281.3,0.0
2026-09-11 10:09:00,23281.85,23286.05,23280.85,23284.7,0.0
2026-09-11 10:10:00,23285.6,23286.6,23280.35,23283.4,0.0
2026-09-11 10:11:00,23284.7,23285.65,23281.25,23283.05,0.0
2026-09-11 10:12:00,23284.15,23286.05,23282.25,23283.85,0.0
2026-09-11 10:13:00,23284.75,23296.3,23282.8,23294.9,0.0
2026-09-11 10:14:00,23295.7,23299.4,23293.15,23297.2,0.0
2026-09-11 10:15:00,23297.65,23297.65,23288.6,23294.3,0.0
2026-09-11 10:16:00,23294.45,23296.75,23289.9,23290.8,0.0
2026-09-11 10:17:00,23292.4,23296.9,23290.75,23294.0,0.0
2026-09-11 10:18:00,23294.75,23295.25,23290.6,23291.85,0.0
2026-09-11 10:19:00,23293.4,23294.0,23289.6,23292.5,0.0
2026-09-11 10:20:00,23293.7,23296.1,23290.1,23294.25,0.0
2026-09-11 10:21:00,23295.4,23302.55,23294.15,23300.35,0.0
2026-09-11 10:22:00,23301.4,23311.15,23299.35,23307.95,0.0
2026-09-11 10:23:00,23310.0,23311.8,23300.0,23300.25,0.0
2026-09-11 10:24:00,23302.05,23303.95,23299.15,23300.2,0.0
2026-09-11 10:25:00,23301.15,23301.15,23294.75,23297.45,0.0
2026-09-11 10:26:00,23298.9,23298.9,23293.85,23294.4,0.0
2026-09-11 10:27:00,23296.25,23296.25,23285.7,23285.85,0.0
2026-09-11 10:28:00,23287.2,23287.2,23276.95,23277.45,0.0
2026-09-11 10:29:00,23278.2,23280.05,23275.45,23275.45,0.0
2026-09-11 10:30:00,23276.8,23278.15,23272.6,23275.25,0.0
2026-09-11 10:31:00,23276.15,23283.6,23275.45,23282.35,0.0
2026-09-11 10:32:00,23283.7,23285.6,23281.6,23282.05,0.0
2026-09-11 10:33:00,23282.9,23283.75,23279.7,23279.7,0.0
2026-09-11 10:34:00,23281.25,23289.05,23279.55,23285.5,0.0
2026-09-11 10:35:00,23287.4,23291.55,23284.4,23290.45,0.0
2026-09-11 10:36:00,23291.5,23292.9,23289.65,23292.65,0.0
2026-09-11 10:37:00,23293.2,23298.2,23291.4,23294.05,0.0
2026-09-11 10:38:00,23295.85,23296.9,23293.3,23296.35,0.0
2026-09-11 10:39:00,23297.25,23297.25,23291.65,23293.8,0.0
2026-09-11 10:40:00,23294.3,23295.85,23292.95,23294.05,0.0
2026-09-11 10:41:00,23294.7,23296.95,23290.8,23293.7,0.0
2026-09-11 10:42:00,23294.65,23295.55,23291.85,23294.7,0.0
2026-09-11 10:43:00,23295.5,23298.6,23294.65,23298.6,0.0
2026-09-11 10:44:00,23298.4,23305.35,23297.2,23305.3,0.0
2026-09-11 10:45:00,23307.1,23313.4,23301.05,23301.7,0.0
2026-09-11 10:46:00,23302.55,23305.1,23299.5,23303.5,0.0
2026-09-11 10:47:00,23305.45,23306.5,23300.2,23300.75,0.0
2026-09-11 10:48:00,23300.8,23300.8,23292.0,23293.5,0.0
2026-09-11 10:49:00,23295.55,23297.35,23294.0,23296.65,0.0
2026-09-11 10:50:00,23297.3,23297.3,23286.55,23287.65,0.0
2026-09-11 10:51:00,23288.3,23289.85,23285.65,23286.45,0.0
2026-09-11 10:52:00,23287.8,23287.8,23281.05,23284.05,0.0
2026-09-11 10:53:00,23285.25,23285.45,23281.9,23283.6,0.0
2026-09-11 10:54:00,23284.4,23284.5,23280.55,23280.6,0.0
2026-09-11 10:55:00,23282.95,23282.95,23278.05,23279.6,0.0
2026-09-11 10:56:00,23280.15,23280.5,23273.15,23276.45,0.0
2026-09-11 10:57:00,23277.95,23278.7,23275.5,23276.35,0.0
2026-09-11 10:58:00,23277.85,23281.6,23276.7,23280.35,0.0
2026-09-11 10:59:00,23282.55,23283.15,23277.35,23278.75,0.0
2026-09-11 11:00:00,23280.25,23286.55,23278.8,23285.65,0.0
2026-09-11 11:01:00,23287.2,23292.25,23286.6,23290.35,0.0
2026-09-11 11:02:00,23291.6,23293.4,23286.65,23287.6,0.0
2026-09-11 11:03:00,23289.0,23289.45,23281.9,23282.45,0.0
2026-09-11 11:04:00,23284.75,23285.85,23282.05,23283.15,0.0
2026-09-11 11:05:00,23284.35,23284.5,23280.15,23283.2,0.0
2026-09-11 11:06:00,23284.1,23286.9,23283.6,23286.6,0.0
2026-09-11 11:07:00,23287.95,23293.15,23285.9,23291.5,0.0
2026-09-11 11:08:00,23292.35,23293.45,23288.95,23289.45,0.0
2026-09-11 11:09:00,23291.65,23299.55,23290.2,23297.95,0.0
2026-09-11 11:10:00,23298.75,23302.1,23296.35,23302.1,0.0
2026-09-11 11:11:00,23303.5,23303.75,23301.05,23302.4,0.0
2026-09-11 11:12:00,23303.3,23319.1,23302.6,23315.0,0.0
2026-09-11 11:13:00,23316.95,23331.3,23314.65,23328.3,0.0
2026-09-11 11:14:00,23330.55,23339.05,23328.55,23337.9,0.0
2026-09-11 11:15:00,23338.2,23339.1,23325.05,23325.1,0.0
2026-09-11 11:16:00,23327.4,23334.45,23323.85,23334.45,0.0
2026-09-11 11:17:00,23335.3,23353.15,23334.8,23348.7,0.0
2026-09-11 11:18:00,23350.0,23350.0,23342.3,23342.45,0.0
2026-09-11 11:19:00,23344.05,23344.05,23336.35,23341.8,0.0
2026-09-11 11:20:00,23343.35,23346.85,23334.05,23335.35,0.0
2026-09-11 11:21:00,23336.0,23341.3,23333.4,23339.4,0.0
2026-09-11 11:22:00,23340.9,23347.3,23339.95,23345.8,0.0
2026-09-11 11:23:00,23347.15,23347.55,23341.45,23345.8,0.0
2026-09-11 11:24:00,23347.0,23351.0,23345.75,23348.85,0.0
2026-09-11 11:25:00,23351.3,23352.65,23347.5,23347.8,0.0
2026-09-11 11:26:00,23348.95,23348.95,23343.1,23346.55,0.0
2026-09-11 11:27:00,23347.85,23347.85,23343.85,23347.2,0.0
2026-09-11 11:28:00,23347.4,23348.15,23340.05,23341.95,0.0
2026-09-11 11:29:00,23344.2,23346.4,23339.25,23341.85,0.0
2026-09-11 11:30:00,23342.3,23342.3,23336.6,23337.6,0.0
2026-09-11 11:31:00,23339.3,23340.6,23334.8,23334.8,0.0
2026-09-11 11:32:00,23335.65,23344.1,23333.55,23343.75,0.0
2026-09-11 11:33:00,23344.75,23349.85,23342.6,23348.5,0.0
2026-09-11 11:34:00,23350.25,23350.25,23343.45,23345.4,0.0
2026-09-11 11:35:00,23346.85,23347.1,23340.1,23341.05,0.0
2026-09-11 11:36:00,23342.45,23348.05,23340.35,23346.65,0.0
2026-09-11 11:37:00,23349.05,23349.3,23346.45,23348.4,0.0
2026-09-11 11:38:00,23349.55,23353.85,23346.65,23346.85,0.0
2026-09-11 11:39:00,23347.65,23347.9,23341.65,23344.65,0.0
2026-09-11 11:40:00,23345.55,23350.75,23343.45,23348.4,0.0
2026-09-11 11:41:00,23350.15,23356.4,23347.85,23349.2,0.0
2026-09-11 11:42:00,23350.65,23351.55,23346.85,23347.6,0.0
2026-09-11 11:43:00,23349.05,23351.0,23346.05,23350.25,0.0
2026-09-11 11:44:00,23351.75,23358.1,23350.8,23355.25,0.0
2026-09-11 11:45:00,23357.25,23360.85,23349.85,23350.7,0.0
2026-09-11 11:46:00,23353.05,23360.4,23351.45,23355.2,0.0
2026-09-11 11:47:00,23357.7,23359.1,23352.5,23354.3,0.0
2026-09-11 11:48:00,23355.5,23355.5,23343.0,23344.05,0.0
2026-09-11 11:49:00,23345.55,23345.55,23339.65,23341.5,0.0
2026-09-11 11:50:00,23343.3,23343.65,23340.1,23343.15,0.0
2026-09-11 11:51:00,23343.6,23347.45,23341.75,23342.45,0.0
2026-09-11 11:52:00,23344.45,23344.45,23335.15,23335.7,0.0
2026-09-11 11:53:00,23337.45,23339.3,23334.75,23338.1,0.0
2026-09-11 11:54:00,23339.6,23344.7,23339.0,23344.05,0.0
2026-09-11 11:55:00,23345.4,23347.25,23343.1,23344.65,0.0
2026-09-11 11:56:00,23346.3,23349.85,23345.6,23349.05,0.0
2026-09-11 11:57:00,23350.35,23350.35,23341.2,23341.7,0.0
2026-09-11 11:58:00,23343.05,23348.25,23341.0,23345.7,0.0
2026-09-11 11:59:00,23347.8,23353.45,23346.6,23352.3,0.0
2026-09-11 12:00:00,23354.0,23354.7,23350.55,23351.45,0.0
2026-09-11 12:01:00,23353.0,23353.0,23346.45,23347.7,0.0
2026-09-11 12:02:00,23349.3,23350.4,23346.15,23347.2,0.0
2026-09-11 12:03:00,23348.15,23350.25,23344.75,23349.55,0.0
2026-09-11 12:04:00,23351.05,23353.35,23347.75,23349.65,0.0
2026-09-11 12:05:00,23350.5,23352.5,23348.4,23349.55,0.0
2026-09-11 12:06:00,23351.05,23351.5,23346.25,23348.05,0.0
2026-09-11 12:07:00,23350.25,23350.3,23344.9,23347.9,0.0
2026-09-11 12:08:00,23348.65,23350.25,23346.7,23348.45,0.0
2026-09-11 12:09:00,23349.8,23349.8,23346.6,23346.6,0.0
2026-09-11 12:10:00,23348.0,23348.0,23337.85,23338.25,0.0
2026-09-11 12:11:00,23339.15,23340.8,23336.6,23340.05,0.0
2026-09-11 12:12:00,23341.15,23341.75,23328.85,23328.85,0.0
2026-09-11 12:13:00,23332.0,23332.4,23323.75,23325.85,0.0
2026-09-11 12:14:00,23328.6,23334.25,23326.4,23332.0,0.0
2026-09-11 12:15:00,23333.75,23335.95,23327.1,23327.65,0.0
2026-09-11 12:16:00,23330.05,23332.95,23328.8,23332.55,0.0
2026-09-11 12:17:00,23334.0,23337.75,23333.15,23336.2,0.0
2026-09-11 12:18:00,23337.3,23341.5,23336.6,23341.2,0.0
2026-09-11 12:19:00,23341.8,23341.9,23338.35,23339.65,0.0
2026-09-11 12:20:00,23341.2,23341.2,23331.35,23331.95,0.0
2026-09-11 12:21:00,23334.4,23335.0,23330.25,23330.95,0.0
2026-09-11 12:22:00,23333.45,23334.15,23331.1,23331.9,0.0
2026-09-11 12:23:00,23333.6,23340.05,23332.7,23339.3,0.0
2026-09-11 12:24:00,23340.25,23343.4,23338.1,23341.8,0.0
2026-09-11 12:25:00,23343.85,23344.2,23337.0,23337.3,0.0
2026-09-11 12:26:00,23339.7,23341.75,23338.2,23340.15,0.0
2026-09-11 12:27:00,23342.3,23342.3,23337.9,23339.05,0.0
2026-09-11 12:28:00,23340.05,23340.3,23335.55,23335.75,0.0
2026-09-11 12:29:00,23337.7,23338.8,23335.3,23337.15,0.0
2026-09-11 12:30:00,23338.5,23340.45,23335.7,23338.85,0.0
2026-09-11 12:31:00,23341.05,23341.6,23337.8,23340.8,0.0
2026-09-11 12:32:00,23342.65,23346.15,23341.6,23343.95,0.0
2026-09-11 12:33:00,23345.8,23345.8,23338.35,23339.15,0.0
2026-09-11 12:34:00,23341.15,23347.05,23339.4,23346.0,0.0
2026-09-11 12:35:00,23348.15,23349.85,23343.85,23349.35,0.0
2026-09-11 12:36:00,23350.9,23353.7,23342.8,23343.35,0.0
2026-09-11 12:37:00,23344.6,23351.1,23343.7,23350.1,0.0
2026-09-11 12:38:00,23351.15,23355.55,23344.8,23347.15,0.0
2026-09-11 12:39:00,23349.3,23349.3,23343.05,23346.0,0.0
2026-09-11 12:40:00,23348.2,23348.85,23343.15,23345.6,0.0
2026-09-11 12:41:00,23347.0,23352.75,23343.25,23350.9,0.0
2026-09-11 12:42:00,23351.55,23357.35,23349.95,23355.9,0.0
2026-09-11 12:43:00,23356.0,23361.1,23352.85,23353.35,0.0
2026-09-11 12:44:00,23355.45,23355.45,23347.6,23349.5,0.0
2026-09-11 12:45:00,23351.25,23351.25,23342.45,23342.45,0.0
2026-09-11 12:46:00,23346.4,23346.4,23337.0,23341.45,0.0
2026-09-11 12:47:00,23342.95,23344.75,23339.2,23340.85,0.0
2026-09-11 12:48:00,23343.1,23343.25,23338.05,23342.75,0.0
2026-09-11 12:49:00,23344.1,23345.4,23340.9,23342.55,0.0
2026-09-11 12:50:00,23344.15,23344.15,23339.1,23340.05,0.0
2026-09-11 12:51:00,23342.05,23342.15,23336.7,23336.9,0.0
2026-09-11 12:52:00,23338.25,23345.75,23337.2,23344.7,0.0
2026-09-11 12:53:00,23345.75,23347.7,23344.1,23347.2,0.0
2026-09-11 12:54:00,23348.5,23350.7,23346.4,23347.75,0.0
2026-09-11 12:55:00,23348.85,23354.6,23348.8,23352.65,0.0
2026-09-11 12:56:00,23354.3,23356.05,23349.8,23351.3,0.0
2026-09-11 12:57:00,23353.55,23354.4,23347.95,23349.9,0.0
2026-09-11 12:58:00,23350.6,23357.4,23349.0,23355.75,0.0
2026-09-11 12:59:00,23357.5,23358.65,23352.8,23353.9,0.0
2026-09-11 13:00:00,23355.15,23355.15,23345.4,23345.85,0.0
2026-09-11 13:01:00,23346.95,23347.25,23340.95,23343.3,0.0
2026-09-11 13:02:00,23344.75,23346.15,23339.95,23342.9,0.0
2026-09-11 13:03:00,23343.75,23343.75,23334.55,23335.55,0.0
2026-09-11 13:04:00,23337.4,23337.5,23331.15,23331.15,0.0
2026-09-11 13:05:00,23331.3,23331.55,23327.0,23327.35,0.0
2026-09-11 13:06:00,23328.35,23330.1,23325.15,23326.8,0.0
2026-09-11 13:07:00,23328.9,23334.65,23327.9,23333.65,0.0
2026-09-11 13:08:00,23334.75,23337.0,23333.3,23334.0,0.0
2026-09-11 13:09:00,23335.35,23335.35,23326.05,23328.15,0.0
2026-09-11 13:10:00,23329.95,23330.5,23324.5,23325.5,0.0
2026-09-11 13:11:00,23327.2,23328.9,23320.7,23328.55,0.0
2026-09-11 13:12:00,23330.05,23331.8,23327.75,23329.75,0.0
2026-09-11 13:13:00,23332.15,23336.8,23330.5,23334.8,0.0
2026-09-11 13:14:00,23336.25,23339.05,23335.25,23337.1,0.0
2026-09-11 13:15:00,23339.05,23339.55,23333.8,23334.15,0.0
2026-09-11 13:16:00,23335.55,23339.55,23334.7,23337.9,0.0
2026-09-11 13:17:00,23338.8,23339.75,23336.15,23336.35,0.0
2026-09-11 13:18:00,23338.5,23338.5,23329.15,23329.15,0.0
2026-09-11 13:19:00,23332.0,23332.3,23327.0,23328.5,0.0
2026-09-11 13:20:00,23330.65,23331.9,23325.15,23326.6,0.0
2026-09-11 13:21:00,23328.05,23333.4,23326.3,23331.8,0.0
2026-09-11 13:22:00,23332.95,23336.5,23330.65,23336.0,0.0
2026-09-11 13:23:00,23336.15,23339.5,23334.35,23338.25,0.0
2026-09-11 13:24:00,23338.95,23340.2,23335.95,23337.85,0.0
2026-09-11 13:25:00,23339.1,23339.75,23335.25,23337.65,0.0
2026-09-11 13:26:00,23339.45,23341.7,23337.75,23340.65,0.0
2026-09-11 13:27:00,23342.0,23350.15,23339.5,23345.35,0.0
2026-09-11 13:28:00,23346.25,23348.3,23343.15,23347.05,0.0
2026-09-11 13:29:00,23348.4,23356.3,23346.45,23352.7,0.0
2026-09-11 13:30:00,23353.45,23353.7,23346.95,23351.2,0.0
2026-09-11 13:31:00,23352.9,23355.25,23348.1,23352.45,0.0
2026-09-11 13:32:00,23353.65,23359.05,23352.7,23358.05,0.0
2026-09-11 13:33:00,23358.45,23359.75,23351.25,23354.0,0.0
2026-09-11 13:34:00,23354.45,23354.55,23347.2,23347.75,0.0
2026-09-11 13:35:00,23348.7,23348.7,23338.3,23342.3,0.0
2026-09-11 13:36:00,23343.7,23344.05,23339.35,23341.05,0.0
2026-09-11 13:37:00,23342.4,23343.0,23335.25,23338.05,0.0
2026-09-11 13:38:00,23339.5,23344.3,23338.6,23343.2,0.0
2026-09-11 13:39:00,23344.55,23345.75,23336.5,23337.7,0.0
2026-09-11 13:40:00,23339.65,23346.1,23338.0,23341.6,0.0
2026-09-11 13:41:00,23342.95,23345.25,23314.0,23316.6,0.0
2026-09-11 13:42:00,23318.1,23335.35,23316.3,23335.3,0.0
2026-09-11 13:43:00,23337.25,23338.15,23331.05,23336.1,0.0
2026-09-11 13:44:00,23337.2,23339.4,23333.9,23336.65,0.0
2026-09-11 13:45:00,23336.9,23338.5,23323.75,23324.4,0.0
2026-09-11 13:46:00,23325.25,23328.15,23320.3,23327.35,0.0
2026-09-11 13:47:00,23327.9,23337.05,23325.75,23335.8,0.0
2026-09-11 13:48:00,23337.2,23340.15,23332.45,23334.4,0.0
2026-09-11 13:49:00,23335.4,23338.95,23331.9,23338.85,0.0
2026-09-11 13:50:00,23339.9,23344.8,23338.2,23344.25,0.0
2026-09-11 13:51:00,23347.0,23356.1,23344.25,23353.6,0.0
2026-09-11 13:52:00,23353.75,23353.75,23345.1,23348.35,0.0
2026-09-11 13:53:00,23349.5,23350.1,23345.9,23350.0,0.0
2026-09-11 13:54:00,23350.35,23380.6,23346.9,23349.2,0.0
2026-09-11 13:55:00,23351.65,23381.25,23348.55,23376.4,0.0
2026-09-11 13:56:00,23377.6,23380.35,23369.65,23380.0,0.0
2026-09-11 13:57:00,23383.45,23389.85,23378.5,23387.3,0.0
2026-09-11 13:58:00,23390.0,23390.4,23376.0,23383.1,0.0
2026-09-11 13:59:00,23383.75,23388.95,23381.9,23386.15,0.0
2026-09-11 14:00:00,23385.85,23400.8,23383.3,23397.75,0.0
2026-09-11 14:01:00,23400.15,23400.15,23391.9,23393.55,0.0
2026-09-11 14:02:00,23395.4,23434.95,23393.5,23431.15,0.0
2026-09-11 14:03:00,23432.2,23448.1,23428.9,23436.7,0.0
2026-09-11 14:04:00,23437.7,23440.2,23432.6,23436.6,0.0
2026-09-11 14:05:00,23438.35,23438.8,23423.45,23423.75,0.0
2026-09-11 14:06:00,23425.55,23425.65,23411.3,23420.6,0.0
2026-09-11 14:07:00,23421.95,23421.95,23415.15,23416.2,0.0
2026-09-11 14:08:00,23417.6,23418.8,23409.4,23411.0,0.0
2026-09-11 14:09:00,23412.1,23419.35,23409.75,23415.75,0.0
2026-09-11 14:10:00,23417.1,23417.35,23410.55,23412.65,0.0
2026-09-11 14:11:00,23414.4,23417.65,23410.5,23416.85,0.0
2026-09-11 14:12:00,23418.45,23418.9,23413.45,23415.1,0.0
2026-09-11 14:13:00,23416.25,23416.85,23410.45,23410.45,0.0
2026-09-11 14:14:00,23411.3,23417.15,23407.25,23417.15,0.0
2026-09-11 14:15:00,23418.1,23418.65,23411.3,23414.45,0.0
2026-09-11 14:16:00,23415.2,23415.55,23405.3,23411.45,0.0
2026-09-11 14:17:00,23411.95,23413.25,23407.85,23409.35,0.0
2026-09-11 14:18:00,23411.7,23411.7,23405.0,23408.9,0.0
2026-09-11 14:19:00,23409.75,23411.2,23406.05,23406.05,0.0
2026-09-11 14:20:00,23406.95,23409.7,23403.3,23405.65,0.0
2026-09-11 14:21:00,23406.7,23411.85,23403.85,23409.7,0.0
2026-09-11 14:22:00,23410.25,23414.95,23407.25,23411.1,0.0
2026-09-11 14:23:00,23412.2,23416.4,23407.25,23408.75,0.0
2026-09-11 14:24:00,23410.45,23418.85,23410.1,23416.9,0.0
2026-09-11 14:25:00,23418.35,23418.35,23412.75,23414.25,0.0
2026-09-11 14:26:00,23416.3,23421.1,23414.8,23421.0,0.0
2026-09-11 14:27:00,23421.65,23422.6,23415.6,23419.4,0.0
2026-09-11 14:28:00,23420.75,23427.1,23418.5,23424.1,0.0
2026-09-11 14:29:00,23425.05,23426.8,23421.3,23424.4,0.0
2026-09-11 14:30:00,23426.15,23428.45,23423.2,23427.3,0.0
2026-09-11 14:31:00,23428.45,23434.65,23424.5,23433.0,0.0
2026-09-11 14:32:00,23433.9,23436.45,23423.1,23424.7,0.0
2026-09-11 14:33:00,23426.8,23429.45,23420.65,23424.4,0.0
2026-09-11 14:34:00,23424.6,23426.2,23420.25,23424.0,0.0
2026-09-11 14:35:00,23424.9,23440.55,23423.9,23438.25,0.0
2026-09-11 14:36:00,23439.3,23439.3,23428.65,23433.9,0.0
2026-09-11 14:37:00,23435.25,23436.8,23423.3,23423.7,0.0
2026-09-11 14:38:00,23424.55,23427.4,23419.25,23420.45,0.0
2026-09-11 14:39:00,23421.25,23428.55,23415.5,23428.4,0.0
2026-09-11 14:40:00,23429.55,23430.95,23422.75,23423.45,0.0
2026-09-11 14:41:00,23425.2,23430.65,23423.1,23428.15,0.0
2026-09-11 14:42:00,23429.4,23436.75,23425.85,23435.65,0.0
2026-09-11 14:43:00,23436.75,23437.35,23432.75,23435.4,0.0
2026-09-11 14:44:00,23435.3,23436.3,23431.7,23433.8,0.0
2026-09-11 14:45:00,23434.25,23434.95,23425.4,23426.7,0.0
2026-09-11 14:46:00,23428.65,23428.65,23421.35,23421.35,0.0
2026-09-11 14:47:00,23424.35,23426.1,23420.65,23424.2,0.0
2026-09-11 14:48:00,23426.45,23428.5,23420.8,23423.85,0.0
2026-09-11 14:49:00,23424.65,23425.85,23419.5,23424.7,0.0
2026-09-11 14:50:00,23425.85,23431.35,23422.85,23427.6,0.0
2026-09-11 14:51:00,23429.1,23429.6,23420.55,23422.0,0.0
2026-09-11 14:52:00,23423.7,23425.55,23418.35,23423.3,0.0
2026-09-11 14:53:00,23425.3,23428.1,23419.35,23424.0,0.0
2026-09-11 14:54:00,23425.25,23425.25,23420.8,23422.75,0.0
2026-09-11 14:55:00,23423.8,23427.3,23421.6,23424.9,0.0
2026-09-11 14:56:00,23426.05,23428.9,23423.15,23425.3,0.0
2026-09-11 14:57:00,23426.0,23428.0,23423.4,23425.75,0.0
2026-09-11 14:58:00,23426.7,23430.9,23424.35,23426.6,0.0
2026-09-11 14:59:00,23427.35,23427.35,23419.6,23420.25,0.0
2026-09-11 15:00:00,23420.9,23421.55,23413.65,23415.6,0.0
2026-09-11 15:01:00,23415.75,23418.15,23404.05,23405.25,0.0
2026-09-11 15:02:00,23406.65,23408.7,23404.7,23406.55,0.0
2026-09-11 15:03:00,23408.35,23409.2,23402.55,23402.75,0.0
2026-09-11 15:04:00,23403.35,23403.65,23394.25,23396.55,0.0
2026-09-11 15:05:00,23398.75,23398.75,23387.6,23390.9,0.0
2026-09-11 15:06:00,23391.65,23398.8,23387.2,23398.35,0.0
2026-09-11 15:07:00,23397.8,23405.95,23397.3,23404.75,0.0
2026-09-11 15:08:00,23405.55,23410.2,23404.0,23406.55,0.0
2026-09-11 15:09:00,23407.0,23415.9,23405.25,23413.95,0.0
2026-09-11 15:10:00,23413.15,23419.8,23412.25,23419.25,0.0
2026-09-11 15:11:00,23420.1,23426.25,23418.25,23424.5,0.0
2026-09-11 15:12:00,23425.65,23433.05,23420.75,23424.1,0.0
2026-09-11 15:13:00,23424.7,23427.0,23418.65,23424.7,0.0
2026-09-11 15:14:00,23422.6,23436.6,23418.45,23435.3,0.0
2026-09-11 15:29:00,23398.1,23398.1,23398.1,23398.1,0.0
2026-09-15 09:15:00,23576.15,23592.85,23487.3,23492.1,0.0
2026-09-15 09:16:00,23490.35,23516.25,23490.35,23512.25,0.0
2026-09-15 09:17:00,23511.15,23523.65,23504.85,23505.1,0.0
2026-09-15 09:18:00,23505.95,23507.3,23490.3,23494.35,0.0
2026-09-15 09:19:00,23494.85,23506.85,23492.1,23501.05,0.0
2026-09-15 09:20:00,23501.25,23502.75,23492.55,23497.5,0.0
2026-09-15 09:21:00,23497.15,23504.05,23493.2,23501.6,0.0
2026-09-15 09:22:00,23501.35,23501.55,23481.45,23484.75,0.0
2026-09-15 09:23:00,23485.4,23489.6,23476.35,23488.85,0.0
2026-09-15 09:24:00,23489.55,23493.35,23473.15,23474.2,0.0
2026-09-15 09:25:00,23473.8,23474.05,23462.7,23464.8,0.0
2026-09-15 09:26:00,23466.1,23468.85,23457.05,23459.1,0.0
2026-09-15 09:27:00,23458.85,23469.0,23457.9,23460.0,0.0
2026-09-15 09:28:00,23459.35,23462.1,23453.65,23455.9,0.0
2026-09-15 09:29:00,23457.3,23464.35,23452.05,23463.9,0.0
2026-09-15 09:30:00,23464.2,23465.7,23456.8,23461.95,0.0
2026-09-15 09:31:00,23461.65,23464.6,23451.9,23452.4,0.0
2026-09-15 09:32:00,23453.05,23460.1,23446.45,23455.55,0.0
2026-09-15 09:33:00,23456.45,23457.75,23447.95,23456.2,0.0
2026-09-15 09:34:00,23455.9,23460.75,23454.05,23455.55,0.0
2026-09-15 09:35:00,23455.65,23465.0,23453.55,23455.25,0.0
2026-09-15 09:36:00,23453.75,23453.9,23441.85,23443.75,0.0
2026-09-15 09:37:00,23444.1,23450.0,23439.05,23441.3,0.0
2026-09-15 09:38:00,23440.35,23447.25,23439.5,23442.7,0.0
2026-09-15 09:39:00,23443.0,23456.75,23441.85,23456.75,0.0
2026-09-15 09:40:00,23456.85,23458.45,23450.25,23452.9,0.0
2026-09-15 09:41:00,23453.2,23455.15,23448.8,23454.05,0.0
2026-09-15 09:42:00,23453.35,23458.35,23451.55,23455.6,0.0
2026-09-15 09:43:00,23456.15,23466.45,23453.8,23461.6,0.0
2026-09-15 09:44:00,23461.8,23466.35,23446.25,23448.1,0.0
2026-09-15 09:45:00,23447.85,23448.05,23434.35,23439.55,0.0
2026-09-15 09:46:00,23439.5,23445.3,23436.75,23438.1,0.0
2026-09-15 09:47:00,23437.7,23445.15,23432.75,23433.4,0.0
2026-09-15 09:48:00,23433.25,23437.2,23423.1,23429.1,0.0
2026-09-15 09:49:00,23428.55,23430.15,23415.4,23417.2,0.0
2026-09-15 09:50:00,23417.6,23426.6,23413.8,23421.7,0.0
2026-09-15 09:51:00,23421.8,23425.2,23418.65,23421.2,0.0
2026-09-15 09:52:00,23421.15,23422.55,23407.65,23409.4,0.0
2026-09-15 09:53:00,23409.05,23415.85,23408.45,23411.9,0.0
2026-09-15 09:54:00,23412.1,23417.1,23402.6,23403.5,0.0
2026-09-15 09:55:00,23403.85,23404.35,23387.2,23393.2,0.0
2026-09-15 09:56:00,23393.15,23395.05,23378.6,23381.7,0.0
2026-09-15 09:57:00,23382.2,23384.6,23374.55,23377.95,0.0
2026-09-15 09:58:00,23377.25,23384.8,23371.85,23384.65,0.0
2026-09-15 09:59:00,23384.5,23397.55,23383.55,23394.6,0.0
2026-09-15 10:00:00,23394.7,23395.7,23379.7,23383.1,0.0
2026-09-15 10:01:00,23382.25,23383.05,23378.65,23382.05,0.0
2026-09-15 10:02:00,23382.1,23394.2,23381.3,23393.65,0.0
2026-09-15 10:03:00,23393.95,23394.5,23377.65,23377.75,0.0
2026-09-15 10:04:00,23378.05,23385.55,23374.85,23385.2,0.0
2026-09-15 10:05:00,23386.5,23393.35,23384.25,23390.9,0.0
2026-09-15 10:06:00,23391.0,23392.3,23379.4,23382.45,0.0
2026-09-15 10:07:00,23382.75,23386.2,23378.4,23384.3,0.0
2026-09-15 10:08:00,23384.25,23389.1,23380.6,23381.85,0.0
2026-09-15 10:09:00,23382.05,23382.45,23372.55,23374.35,0.0
2026-09-15 10:10:00,23375.05,23377.55,23369.7,23370.45,0.0
2026-09-15 10:11:00,23371.1,23392.4,23369.65,23392.3,0.0
2026-09-15 10:12:00,23392.7,23395.85,23385.85,23393.65,0.0
2026-09-15 10:13:00,23394.55,23399.3,23391.8,23394.4,0.0
2026-09-15 10:14:00,23394.75,23396.5,23386.3,23386.75,0.0
2026-09-15 10:15:00,23386.8,23387.1,23377.35,23380.05,0.0
2026-09-15 10:16:00,23379.9,23387.9,23379.7,23381.5,0.0
2026-09-15 10:17:00,23381.25,23384.85,23375.25,23383.9,0.0
2026-09-15 10:18:00,23384.15,23396.2,23383.7,23393.25,0.0
2026-09-15 10:19:00,23392.95,23393.2,23385.6,23389.55,0.0
2026-09-15 10:20:00,23389.5,23391.7,23376.95,23377.6,0.0
2026-09-15 10:21:00,23376.95,23377.35,23370.5,23377.05,0.0
2026-09-15 10:22:00,23376.6,23385.95,23376.35,23382.6,0.0
2026-09-15 10:23:00,23382.75,23383.6,23374.7,23383.6,0.0
2026-09-15 10:24:00,23383.45,23385.55,23381.95,23383.45,0.0
2026-09-15 10:25:00,23384.25,23384.3,23374.0,23375.5,0.0
2026-09-15 10:26:00,23374.6,23384.0,23374.2,23382.45,0.0
2026-09-15 10:27:00,23381.7,23384.7,23375.15,23375.15,0.0
2026-09-15 10:28:00,23374.95,23376.95,23365.35,23366.65,0.0
2026-09-15 10:29:00,23366.3,23367.75,23361.1,23362.65,0.0
2026-09-15 10:30:00,23362.75,23365.25,23351.45,23365.25,0.0
2026-09-15 10:31:00,23365.15,23370.65,23361.85,23362.55,0.0
2026-09-15 10:32:00,23362.7,23363.95,23359.05,23363.5,0.0
2026-09-15 10:33:00,23363.7,23367.1,23362.9,23365.55,0.0
2026-09-15 10:34:00,23365.6,23367.45,23362.9,23365.6,0.0
2026-09-15 10:35:00,23365.1,23368.75,23364.25,23367.9,0.0
2026-09-15 10:36:00,23368.15,23374.35,23367.4,23373.2,0.0
2026-09-15 10:37:00,23373.0,23375.65,23369.95,23370.7,0.0
2026-09-15 10:38:00,23371.95,23374.05,23368.55,23369.6,0.0
2026-09-15 10:39:00,23369.8,23373.8,23366.7,23371.4,0.0
2026-09-15 10:40:00,23371.25,23372.15,23364.5,23364.9,0.0
2026-09-15 10:41:00,23365.05,23368.4,23361.1,23367.8,0.0
2026-09-15 10:42:00,23367.75,23368.7,23362.9,23364.4,0.0
2026-09-15 10:43:00,23363.85,23363.85,23348.4,23353.95,0.0
2026-09-15 10:44:00,23353.85,23357.45,23350.55,23351.2,0.0
2026-09-15 10:45:00,23351.05,23353.15,23349.0,23352.85,0.0
2026-09-15 10:46:00,23352.35,23352.4,23338.4,23339.6,0.0
2026-09-15 10:47:00,23339.5,23351.65,23338.7,23345.35,0.0
2026-09-15 10:48:00,23344.9,23351.25,23344.9,23348.0,0.0
2026-09-15 10:49:00,23347.75,23348.35,23339.2,23339.2,0.0
2026-09-15 10:50:00,23339.7,23349.35,23338.55,23345.8,0.0
2026-09-15 10:51:00,23345.6,23347.65,23332.8,23333.85,0.0
2026-09-15 10:52:00,23333.4,23335.4,23330.65,23334.65,0.0
2026-09-15 10:53:00,23334.9,23336.65,23333.0,23335.4,0.0
2026-09-15 10:54:00,23335.25,23338.9,23333.65,23336.0,0.0
2026-09-15 10:55:00,23335.9,23337.0,23328.3,23329.9,0.0
2026-09-15 10:56:00,23329.55,23332.45,23327.75,23328.6,0.0
2026-09-15 10:57:00,23328.8,23332.1,23328.2,23331.15,0.0
2026-09-15 10:58:00,23330.8,23333.4,23327.35,23332.7,0.0
2026-09-15 10:59:00,23332.8,23338.8,23331.65,23338.45,0.0
2026-09-15 11:00:00,23337.75,23340.15,23336.75,23338.25,0.0
2026-09-15 11:01:00,23338.3,23353.1,23336.8,23352.7,0.0
2026-09-15 11:02:00,23352.65,23360.45,23348.65,23359.65,0.0
2026-09-15 11:03:00,23359.45,23359.8,23350.45,23352.7,0.0
2026-09-15 11:04:00,23352.05,23360.45,23350.65,23360.45,0.0
2026-09-15 11:05:00,23359.95,23360.2,23350.05,23351.25,0.0
2026-09-15 11:06:00,23351.45,23351.7,23347.45,23350.15,0.0
2026-09-15 11:07:00,23350.05,23350.7,23335.85,23337.25,0.0
2026-09-15 11:08:00,23336.45,23339.55,23334.7,23337.95,0.0
2026-09-15 11:09:00,23337.9,23339.65,23332.85,23333.9,0.0
2026-09-15 11:10:00,23334.35,23336.0,23323.75,23334.95,0.0
2026-09-15 11:11:00,23334.9,23351.5,23334.45,23346.8,0.0
2026-09-15 11:12:00,23346.95,23348.65,23339.9,23344.5,0.0
2026-09-15 11:13:00,23344.65,23346.0,23337.0,23338.7,0.0
2026-09-15 11:14:00,23338.85,23349.2,23338.4,23345.4,0.0
2026-09-15 11:15:00,23345.45,23355.2,23344.1,23354.0,0.0
2026-09-15 11:16:00,23354.2,23355.9,23336.25,23337.15,0.0
2026-09-15 11:17:00,23337.0,23340.75,23333.2,23335.5,0.0
2026-09-15 11:18:00,23334.95,23337.7,23328.2,23328.4,0.0
2026-09-15 11:19:00,23328.1,23329.1,23317.75,23322.1,0.0
2026-09-15 11:20:00,23322.0,23322.95,23316.55,23318.45,0.0
2026-09-15 11:21:00,23317.95,23322.75,23316.5,23321.75,0.0
2026-09-15 11:22:00,23321.3,23333.85,23321.15,23328.9,0.0
2026-09-15 11:23:00,23328.55,23333.7,23328.45,23332.85,0.0
2026-09-15 11:24:00,23332.55,23336.2,23329.6,23331.35,0.0
2026-09-15 11:25:00,23330.55,23333.5,23321.7,23322.25,0.0
2026-09-15 11:26:00,23321.8,23326.3,23316.85,23318.1,0.0
2026-09-15 11:27:00,23317.65,23320.55,23316.15,23319.4,0.0
2026-09-15 11:28:00,23319.1,23321.75,23313.8,23313.8,0.0
2026-09-15 11:29:00,23313.6,23318.8,23313.15,23317.65,0.0
2026-09-15 11:30:00,23317.35,23321.8,23311.55,23313.2,0.0
2026-09-15 11:31:00,23313.0,23320.55,23312.85,23316.95,0.0
2026-09-15 11:32:00,23317.05,23328.35,23316.25,23324.9,0.0
2026-09-15 11:33:00,23324.8,23325.45,23321.7,23324.25,0.0
2026-09-15 11:34:00,23324.45,23328.55,23323.5,23323.9,0.0
2026-09-15 11:35:00,23324.25,23328.85,23323.65,23328.3,0.0
2026-09-15 11:36:00,23328.05,23339.9,23327.15,23336.25,0.0
2026-09-15 11:37:00,23336.05,23340.45,23335.3,23338.2,0.0
2026-09-15 11:38:00,23337.45,23344.95,23335.9,23342.55,0.0
2026-09-15 11:39:00,23341.9,23347.1,23340.6,23345.75,0.0
2026-09-15 11:40:00,23345.15,23348.5,23335.65,23336.5,0.0
2026-09-15 11:41:00,23335.75,23340.05,23335.75,23337.25,0.0
2026-09-15 11:42:00,23336.9,23340.35,23332.9,23333.15,0.0
2026-09-15 11:43:00,23332.95,23339.65,23331.35,23337.1,0.0
2026-09-15 11:44:00,23336.8,23343.45,23336.5,23342.05,0.0
2026-09-15 11:45:00,23342.1,23343.1,23338.45,23340.15,0.0
2026-09-15 11:46:00,23339.25,23342.4,23337.25,23337.5,0.0
2026-09-15 11:47:00,23337.55,23340.85,23337.0,23339.1,0.0
2026-09-15 11:48:00,23339.05,23343.25,23337.6,23340.6,0.0
2026-09-15 11:49:00,23340.7,23342.6,23329.15,23329.85,0.0
2026-09-15 11:50:00,23329.7,23332.8,23326.0,23327.35,0.0
2026-09-15 11:51:00,23327.1,23335.6,23326.75,23332.75,0.0
2026-09-15 11:52:00,23332.6,23336.15,23322.65,23323.35,0.0
2026-09-15 11:53:00,23323.15,23327.95,23319.95,23319.95,0.0
2026-09-15 11:54:00,23320.15,23325.7,23319.55,23322.95,0.0
2026-09-15 11:55:00,23322.45,23326.2,23319.85,23322.35,0.0
2026-09-15 11:56:00,23322.6,23328.45,23321.15,23326.5,0.0
2026-09-15 11:57:00,23326.2,23331.3,23325.95,23329.15,0.0
2026-09-15 11:58:00,23329.05,23338.1,23327.35,23335.85,0.0
2026-09-15 11:59:00,23335.15,23338.45,23332.95,23336.4,0.0
2026-09-15 12:00:00,23335.55,23340.25,23334.3,23335.65,0.0
2026-09-15 12:01:00,23335.75,23340.65,23334.7,23336.15,0.0
2026-09-15 12:02:00,23336.0,23345.2,23335.4,23342.0,0.0
2026-09-15 12:03:00,23341.45,23351.45,23341.45,23349.75,0.0
2026-09-15 12:04:00,23349.4,23351.65,23344.05,23345.3,0.0
2026-09-15 12:05:00,23345.45,23353.9,23345.45,23351.15,0.0
2026-09-15 12:06:00,23350.7,23351.6,23337.8,23338.7,0.0
2026-09-15 12:07:00,23338.5,23343.3,23336.15,23340.1,0.0
2026-09-15 12:08:00,23340.7,23349.25,23339.95,23345.85,0.0
2026-09-15 12:09:00,23346.5,23347.7,23338.25,23338.4,0.0
2026-09-15 12:10:00,23339.0,23342.8,23336.7,23339.4,0.0
2026-09-15 12:11:00,23338.95,23344.8,23338.65,23339.35,0.0
2026-09-15 12:12:00,23339.75,23342.6,23334.45,23334.95,0.0
2026-09-15 12:13:00,23335.0,23337.4,23330.2,23332.85,0.0
2026-09-15 12:14:00,23332.1,23338.95,23332.1,23335.85,0.0
2026-09-15 12:15:00,23335.9,23337.0,23330.65,23332.65,0.0
2026-09-15 12:16:00,23331.7,23339.2,23331.7,23335.15,0.0
2026-09-15 12:17:00,23335.85,23338.5,23333.15,23337.65,0.0
2026-09-15 12:18:00,23336.05,23336.25,23324.35,23326.55,0.0
2026-09-15 12:19:00,23326.05,23330.1,23325.05,23326.7,0.0
2026-09-15 12:20:00,23326.1,23330.65,23324.95,23326.2,0.0
2026-09-15 12:21:00,23325.9,23331.55,23325.6,23330.4,0.0
2026-09-15 12:22:00,23329.65,23331.35,23326.9,23327.4,0.0
2026-09-15 12:23:00,23327.6,23333.25,23326.85,23330.75,0.0
2026-09-15 12:24:00,23330.65,23335.35,23330.25,23332.4,0.0
2026-09-15 12:25:00,23332.15,23334.05,23329.9,23330.4,0.0
2026-09-15 12:26:00,23330.55,23332.7,23327.5,23330.4,0.0
2026-09-15 12:27:00,23330.35,23333.05,23328.25,23331.9,0.0
2026-09-15 12:28:00,23332.15,23336.35,23331.45,23335.3,0.0
2026-09-15 12:29:00,23334.65,23340.0,23333.1,23337.4,0.0
2026-09-15 12:30:00,23338.1,23338.1,23327.6,23330.8,0.0
2026-09-15 12:31:00,23330.75,23331.25,23313.8,23317.35,0.0
2026-09-15 12:32:00,23317.0,23321.25,23314.95,23319.55,0.0
2026-09-15 12:33:00,23319.2,23321.5,23316.55,23320.4,0.0
2026-09-15 12:34:00,23320.1,23324.0,23318.1,23320.55,0.0
2026-09-15 12:35:00,23320.3,23332.0,23316.0,23329.15,0.0
2026-09-15 12:36:00,23329.6,23332.1,23326.8,23329.15,0.0
2026-09-15 12:37:00,23328.6,23331.5,23324.3,23325.4,0.0
2026-09-15 12:38:00,23326.05,23326.9,23321.05,23322.8,0.0
2026-09-15 12:39:00,23322.6,23325.8,23320.85,23322.55,0.0
2026-09-15 12:40:00,23322.35,23326.35,23321.4,23324.35,0.0
2026-09-15 12:41:00,23325.1,23327.8,23322.5,23323.4,0.0
2026-09-15 12:42:00,23323.2,23326.7,23322.5,23323.8,0.0
2026-09-15 12:43:00,23323.45,23326.5,23321.45,23323.0,0.0
2026-09-15 12:44:00,23322.7,23323.9,23315.05,23315.05,0.0
2026-09-15 12:45:00,23315.3,23318.4,23312.7,23314.85,0.0
2026-09-15 12:46:00,23314.6,23320.2,23313.8,23317.45,0.0
2026-09-15 12:47:00,23317.3,23321.3,23315.0,23319.35,0.0
2026-09-15 12:48:00,23318.65,23326.85,23318.65,23323.4,0.0
2026-09-15 12:49:00,23324.0,23328.4,23323.2,23327.15,0.0
2026-09-15 12:50:00,23326.9,23337.25,23325.65,23336.3,0.0
2026-09-15 12:51:00,23336.55,23337.15,23331.8,23334.15,0.0
2026-09-15 12:52:00,23333.3,23335.35,23326.55,23326.8,0.0
2026-09-15 12:53:00,23326.9,23329.65,23323.35,23327.35,0.0
2026-09-15 12:54:00,23327.65,23331.25,23325.6,23328.9,0.0
2026-09-15 12:55:00,23328.7,23331.35,23324.9,23325.55,0.0
2026-09-15 12:56:00,23325.4,23328.15,23323.65,23325.4,0.0
2026-09-15 12:57:00,23325.0,23325.6,23319.55,23321.3,0.0
2026-09-15 12:58:00,23321.05,23322.5,23301.55,23304.3,0.0
2026-09-15 12:59:00,23304.0,23310.6,23303.75,23308.6,0.0
2026-09-15 13:00:00,23308.95,23313.25,23306.55,23311.0,0.0
2026-09-15 13:01:00,23310.6,23312.05,23303.05,23305.3,0.0
2026-09-15 13:02:00,23305.25,23308.55,23302.3,23304.0,0.0
2026-09-15 13:03:00,23303.55,23304.25,23296.7,23301.3,0.0
2026-09-15 13:04:00,23301.05,23310.55,23299.95,23308.6,0.0
2026-09-15 13:05:00,23308.9,23315.4,23307.85,23314.55,0.0
2026-09-15 13:06:00,23314.5,23315.75,23304.65,23305.35,0.0
2026-09-15 13:07:00,23304.8,23311.2,23303.45,23305.65,0.0
2026-09-15 13:08:00,23305.4,23308.2,23303.5,23306.4,0.0
2026-09-15 13:09:00,23306.0,23309.65,23304.05,23305.9,0.0
2026-09-15 13:10:00,23304.9,23310.85,23303.2,23303.25,0.0
2026-09-15 13:11:00,23303.0,23303.85,23288.45,23290.8,0.0
2026-09-15 13:12:00,23291.05,23298.8,23290.75,23295.9,0.0
2026-09-15 13:13:00,23295.15,23301.1,23294.35,23299.25,0.0
2026-09-15 13:14:00,23299.1,23303.05,23293.25,23294.95,0.0
2026-09-15 13:15:00,23295.1,23297.15,23287.6,23289.5,0.0
2026-09-15 13:16:00,23289.3,23294.25,23284.45,23285.05,0.0
2026-09-15 13:17:00,23284.85,23290.7,23280.8,23289.2,0.0
2026-09-15 13:18:00,23289.4,23295.0,23287.65,23294.1,0.0
2026-09-15 13:19:00,23293.8,23300.5,23292.55,23294.15,0.0
2026-09-15 13:20:00,23293.5,23296.55,23286.75,23288.25,0.0
2026-09-15 13:21:00,23288.15,23289.3,23282.25,23283.7,0.0
2026-09-15 13:22:00,23283.75,23287.45,23282.45,23283.55,0.0
2026-09-15 13:23:00,23283.15,23285.75,23279.55,23283.65,0.0
2026-09-15 13:24:00,23284.1,23287.95,23282.55,23285.4,0.0
2026-09-15 13:25:00,23285.1,23287.9,23282.5,23285.5,0.0
2026-09-15 13:26:00,23284.9,23291.2,23283.3,23290.75,0.0
2026-09-15 13:27:00,23290.55,23296.55,23288.75,23290.7,0.0
2026-09-15 13:28:00,23290.25,23293.75,23288.4,23289.75,0.0
2026-09-15 13:29:00,23289.85,23292.75,23279.95,23281.05,0.0
2026-09-15 13:30:00,23281.45,23285.05,23274.5,23275.4,0.0
2026-09-15 13:31:00,23275.65,23275.85,23263.0,23266.5,0.0
2026-09-15 13:32:00,23266.05,23271.25,23265.05,23268.05,0.0
2026-09-15 13:33:00,23267.9,23271.3,23265.8,23269.3,0.0
2026-09-15 13:34:00,23269.45,23273.85,23268.6,23272.05,0.0
2026-09-15 13:35:00,23271.55,23274.4,23267.75,23271.9,0.0
2026-09-15 13:36:00,23272.05,23282.2,23270.55,23279.65,0.0
2026-09-15 13:37:00,23279.0,23281.55,23273.2,23274.6,0.0
2026-09-15 13:38:00,23274.45,23277.4,23267.5,23269.0,0.0
2026-09-15 13:39:00,23269.05,23274.6,23267.1,23269.3,0.0
2026-09-15 13:40:00,23269.1,23269.25,23262.2,23264.2,0.0
2026-09-15 13:41:00,23264.05,23264.05,23251.75,23262.45,0.0
2026-09-15 13:42:00,23262.95,23264.95,23254.3,23256.1,0.0
2026-09-15 13:43:00,23255.8,23264.45,23255.45,23260.65,0.0
2026-09-15 13:44:00,23260.45,23265.05,23259.55,23263.25,0.0
2026-09-15 13:45:00,23263.35,23272.05,23262.0,23268.4,0.0
2026-09-15 13:46:00,23268.75,23270.2,23263.3,23266.3,0.0
2026-09-15 13:47:00,23265.95,23269.45,23263.85,23264.75,0.0
2026-09-15 13:48:00,23265.35,23269.0,23263.65,23265.1,0.0
2026-09-15 13:49:00,23265.6,23272.85,23265.2,23271.35,0.0
2026-09-15 13:50:00,23271.0,23276.0,23268.8,23274.2,0.0
2026-09-15 13:51:00,23274.35,23275.35,23269.75,23273.8,0.0
2026-09-15 13:52:00,23273.55,23275.7,23268.85,23273.9,0.0
2026-09-15 13:53:00,23274.25,23276.05,23269.05,23270.65,0.0
2026-09-15 13:54:00,23270.75,23273.5,23268.25,23269.1,0.0
2026-09-15 13:55:00,23269.5,23271.65,23263.45,23269.25,0.0
2026-09-15 13:56:00,23269.7,23271.0,23262.3,23267.15,0.0
2026-09-15 13:57:00,23266.55,23272.7,23262.4,23268.85,0.0
2026-09-15 13:58:00,23269.0,23274.9,23268.05,23271.65,0.0
2026-09-15 13:59:00,23271.15,23274.8,23269.1,23272.35,0.0
2026-09-15 14:00:00,23272.8,23277.15,23268.8,23274.3,0.0
2026-09-15 14:01:00,23273.95,23277.45,23268.7,23269.65,0.0
2026-09-15 14:02:00,23270.45,23274.65,23269.4,23272.4,0.0
2026-09-15 14:03:00,23272.05,23276.35,23270.6,23273.15,0.0
2026-09-15 14:04:00,23273.85,23276.95,23270.3,23271.45,0.0
2026-09-15 14:05:00,23270.9,23273.65,23265.0,23266.1,0.0
2026-09-15 14:06:00,23265.9,23276.1,23265.3,23274.2,0.0
2026-09-15 14:07:00,23273.65,23276.55,23269.6,23270.35,0.0
2026-09-15 14:08:00,23270.1,23271.55,23262.05,23263.55,0.0
2026-09-15 14:09:00,23263.65,23265.15,23258.7,23260.1,0.0
2026-09-15 14:10:00,23260.05,23260.95,23245.7,23246.55,0.0
2026-09-15 14:11:00,23245.9,23249.65,23238.3,23240.25,0.0
2026-09-15 14:12:00,23239.4,23239.8,23230.15,23234.8,0.0
2026-09-15 14:13:00,23235.0,23240.0,23232.9,23237.15,0.0
2026-09-15 14:14:00,23237.0,23237.55,23229.2,23230.2,0.0
2026-09-15 14:15:00,23228.0,23229.3,23207.95,23209.2,0.0
2026-09-15 14:16:00,23209.1,23215.8,23206.6,23209.4,0.0
2026-09-15 14:17:00,23209.85,23213.3,23205.15,23211.15,0.0
2026-09-15 14:18:00,23210.9,23213.45,23204.05,23206.35,0.0
2026-09-15 14:19:00,23206.55,23206.55,23195.3,23197.9,0.0
2026-09-15 14:20:00,23197.65,23210.0,23197.15,23203.35,0.0
2026-09-15 14:21:00,23203.45,23215.85,23203.45,23210.4,0.0
2026-09-15 14:22:00,23210.35,23218.85,23207.4,23216.3,0.0
2026-09-15 14:23:00,23215.9,23220.35,23212.4,23213.35,0.0
2026-09-15 14:24:00,23213.05,23214.55,23204.55,23206.25,0.0
2026-09-15 14:25:00,23206.35,23213.3,23204.1,23208.3,0.0
2026-09-15 14:26:00,23207.8,23211.75,23206.3,23208.6,0.0
2026-09-15 14:27:00,23208.05,23212.75,23204.3,23209.55,0.0
2026-09-15 14:28:00,23208.3,23211.75,23197.6,23198.9,0.0
2026-09-15 14:29:00,23198.8,23205.75,23197.95,23202.8,0.0
2026-09-15 14:30:00,23202.55,23207.75,23200.4,23202.4,0.0
2026-09-15 14:31:00,23202.5,23207.65,23199.95,23204.45,0.0
2026-09-15 14:32:00,23205.35,23207.95,23202.15,23206.5,0.0
2026-09-15 14:33:00,23206.85,23213.85,23206.85,23210.3,0.0
2026-09-15 14:34:00,23210.75,23213.95,23207.75,23210.2,0.0
2026-09-15 14:35:00,23210.4,23212.4,23206.45,23209.15,0.0
2026-09-15 14:36:00,23209.25,23215.35,23207.4,23211.75,0.0
2026-09-15 14:37:00,23211.9,23213.8,23206.65,23210.45,0.0
2026-09-15 14:38:00,23210.3,23215.6,23209.9,23215.6,0.0
2026-09-15 14:39:00,23216.5,23224.5,23214.65,23215.85,0.0
2026-09-15 14:40:00,23216.05,23221.7,23213.2,23215.75,0.0
2026-09-15 14:41:00,23216.45,23224.35,23216.45,23219.15,0.0
2026-09-15 14:42:00,23220.35,23225.2,23215.35,23216.75,0.0
2026-09-15 14:43:00,23217.15,23219.45,23212.45,23217.55,0.0
2026-09-15 14:44:00,23217.7,23223.4,23214.45,23215.75,0.0
2026-09-15 14:45:00,23216.05,23217.55,23206.7,23207.65,0.0
2026-09-15 14:46:00,23207.75,23208.1,23191.15,23191.45,0.0
2026-09-15 14:47:00,23190.7,23192.9,23170.9,23173.25,0.0
2026-09-15 14:48:00,23172.65,23173.7,23152.0,23162.2,0.0
2026-09-15 14:49:00,23161.65,23169.15,23159.0,23164.0,0.0
2026-09-15 14:50:00,23165.0,23184.55,23163.95,23183.95,0.0
2026-09-15 14:51:00,23183.45,23191.9,23182.35,23189.65,0.0
2026-09-15 14:52:00,23189.9,23195.55,23187.2,23188.25,0.0
2026-09-15 14:53:00,23188.6,23189.65,23177.65,23183.05,0.0
2026-09-15 14:54:00,23182.85,23184.9,23175.9,23177.75,0.0
2026-09-15 14:55:00,23178.45,23187.6,23177.3,23178.1,0.0
2026-09-15 14:56:00,23178.55,23185.6,23177.4,23184.2,0.0
2026-09-15 14:57:00,23184.05,23185.8,23181.1,23183.8,0.0
2026-09-15 14:58:00,23183.55,23185.15,23179.05,23179.7,0.0
2026-09-15 14:59:00,23180.15,23181.5,23173.6,23174.9,0.0
2026-09-15 15:00:00,23174.7,23175.9,23170.0,23172.15,0.0
2026-09-15 15:01:00,23172.3,23183.45,23169.3,23178.15,0.0
2026-09-15 15:02:00,23178.95,23182.2,23172.95,23175.35,0.0
2026-09-15 15:03:00,23175.95,23177.05,23171.95,23174.9,0.0
2026-09-15 15:04:00,23176.4,23185.15,23173.95,23182.75,0.0
2026-09-15 15:05:00,23184.35,23185.0,23171.9,23174.25,0.0
2026-09-15 15:06:00,23174.8,23175.7,23165.7,23172.15,0.0
2026-09-15 15:07:00,23173.45,23182.35,23172.7,23176.35,0.0
2026-09-15 15:08:00,23176.75,23177.75,23171.15,23173.7,0.0
2026-09-15 15:09:00,23174.1,23176.7,23166.4,23172.95,0.0
2026-09-15 15:10:00,23173.25,23175.85,23169.45,23173.0,0.0
2026-09-15 15:11:00,23173.2,23192.35,23172.45,23187.1,0.0
2026-09-15 15:12:00,23187.0,23189.1,23172.1,23178.95,0.0
2026-09-15 15:13:00,23178.1,23186.95,23175.0,23178.85,0.0
2026-09-15 15:14:00,23177.7,23182.1,23166.2,23172.25,0.0
2026-09-15 15:29:00,23118.6,23118.6,23118.6,23118.6,0.0
2026-09-16 09:15:00,23201.6,23239.15,23186.55,23229.25,0.0
2026-09-16 09:16:00,23229.45,23271.95,23214.65,23270.6,0.0
2026-09-16 09:17:00,23271.2,23280.7,23266.45,23277.6,0.0
2026-09-16 09:18:00,23277.2,23281.15,23242.3,23244.2,0.0
2026-09-16 09:19:00,23244.25,23250.4,23240.55,23247.25,0.0
2026-09-16 09:20:00,23247.65,23250.6,23236.45,23244.5,0.0
2026-09-16 09:21:00,23244.45,23251.05,23235.45,23245.4,0.0
2026-09-16 09:22:00,23245.9,23255.55,23238.75,23254.6,0.0
2026-09-16 09:23:00,23253.45,23255.9,23243.95,23245.85,0.0
2026-09-16 09:24:00,23245.95,23245.95,23228.2,23236.25,0.0
2026-09-16 09:25:00,23235.9,23240.4,23224.95,23226.0,0.0
2026-09-16 09:26:00,23225.85,23234.15,23219.65,23227.2,0.0
2026-09-16 09:27:00,23228.05,23231.55,23214.8,23220.6,0.0
2026-09-16 09:28:00,23220.85,23222.55,23196.95,23196.95,0.0
2026-09-16 09:29:00,23196.8,23206.0,23194.15,23204.2,0.0
2026-09-16 09:30:00,23204.0,23204.5,23180.55,23183.55,0.0
2026-09-16 09:31:00,23184.9,23202.5,23184.2,23188.2,0.0
2026-09-16 09:32:00,23188.35,23191.0,23175.95,23177.45,0.0
2026-09-16 09:33:00,23176.95,23198.45,23175.8,23198.3,0.0
2026-09-16 09:34:00,23198.0,23213.9,23197.8,23209.4,0.0
2026-09-16 09:35:00,23209.45,23209.45,23182.55,23182.55,0.0
2026-09-16 09:36:00,23183.15,23190.35,23180.6,23189.9,0.0
2026-09-16 09:37:00,23190.65,23192.4,23170.2,23171.5,0.0
2026-09-16 09:38:00,23170.7,23173.95,23154.1,23158.2,0.0
2026-09-16 09:39:00,23157.6,23164.05,23149.85,23151.3,0.0
2026-09-16 09:40:00,23150.65,23155.65,23141.3,23145.6,0.0
2026-09-16 09:41:00,23145.9,23146.65,23133.15,23137.3,0.0
2026-09-16 09:42:00,23137.5,23139.5,23127.0,23134.4,0.0
2026-09-16 09:43:00,23135.5,23137.35,23128.6,23130.45,0.0
2026-09-16 09:44:00,23130.4,23138.6,23120.95,23120.95,0.0
2026-09-16 09:45:00,23121.0,23131.8,23116.1,23129.05,0.0
2026-09-16 09:46:00,23129.1,23141.4,23128.1,23138.6,0.0
2026-09-16 09:47:00,23138.2,23143.25,23117.1,23119.55,0.0
2026-09-16 09:48:00,23120.0,23138.25,23119.2,23135.15,0.0
2026-09-16 09:49:00,23135.85,23153.2,23133.6,23152.2,0.0
2026-09-16 09:50:00,23152.6,23178.85,23150.35,23162.85,0.0
2026-09-16 09:51:00,23162.7,23166.55,23155.15,23165.75,0.0
2026-09-16 09:52:00,23166.2,23193.2,23166.2,23188.45,0.0
2026-09-16 09:53:00,23188.6,23191.3,23174.1,23191.15,0.0
2026-09-16 09:54:00,23191.25,23212.9,23190.8,23212.8,0.0
2026-09-16 09:55:00,23212.4,23228.0,23211.65,23226.85,0.0
2026-09-16 09:56:00,23227.4,23235.75,23218.95,23222.9,0.0
2026-09-16 09:57:00,23223.15,23230.45,23218.7,23221.6,0.0
2026-09-16 09:58:00,23221.95,23222.4,23202.1,23203.7,0.0
2026-09-16 09:59:00,23203.9,23225.1,23202.9,23224.6,0.0
2026-09-16 10:00:00,23224.5,23225.15,23208.45,23216.85,0.0
2026-09-16 10:01:00,23216.95,23222.5,23200.5,23201.65,0.0
2026-09-16 10:02:00,23202.45,23206.85,23190.2,23194.0,0.0
2026-09-16 10:03:00,23194.3,23207.65,23194.1,23199.95,0.0
2026-09-16 10:04:00,23199.75,23200.75,23183.0,23183.9,0.0
2026-09-16 10:05:00,23184.05,23184.25,23169.1,23171.15,0.0
2026-09-16 10:06:00,23171.05,23176.75,23163.4,23175.05,0.0
2026-09-16 10:07:00,23174.9,23185.6,23169.25,23185.6,0.0
2026-09-16 10:08:00,23186.45,23191.35,23172.6,23175.0,0.0
2026-09-16 10:09:00,23174.95,23180.45,23173.1,23178.15,0.0
2026-09-16 10:10:00,23178.1,23185.5,23178.0,23178.6,0.0
2026-09-16 10:11:00,23178.75,23188.3,23175.4,23186.3,0.0
2026-09-16 10:12:00,23186.85,23200.85,23186.55,23199.4,0.0
2026-09-16 10:13:00,23199.2,23200.45,23177.15,23177.4,0.0
2026-09-16 10:14:00,23177.25,23181.5,23175.6,23177.75,0.0
2026-09-16 10:15:00,23177.85,23184.25,23172.1,23183.5,0.0
2026-09-16 10:16:00,23183.2,23194.45,23182.7,23191.35,0.0
2026-09-16 10:17:00,23191.45,23212.75,23191.4,23210.75,0.0
2026-09-16 10:18:00,23210.45,23215.3,23202.9,23204.0,0.0
2026-09-16 10:19:00,23203.45,23207.75,23192.35,23193.1,0.0
2026-09-16 10:20:00,23193.4,23206.3,23192.45,23203.1,0.0
2026-09-16 10:21:00,23202.85,23204.7,23193.7,23198.85,0.0
2026-09-16 10:22:00,23198.95,23211.55,23198.6,23209.35,0.0
2026-09-16 10:23:00,23209.6,23223.1,23208.0,23221.35,0.0
2026-09-16 10:24:00,23221.55,23226.6,23209.3,23223.8,0.0
2026-09-16 10:25:00,23223.5,23231.9,23219.5,23230.25,0.0
2026-09-16 10:26:00,23229.85,23239.45,23221.25,23222.7,0.0
2026-09-16 10:27:00,23223.05,23226.75,23220.9,23224.4,0.0
2026-09-16 10:28:00,23225.1,23234.85,23222.55,23232.05,0.0
2026-09-16 10:29:00,23232.0,23235.7,23229.8,23229.8,0.0
2026-09-16 10:30:00,23229.55,23239.6,23229.35,23231.65,0.0
2026-09-16 10:31:00,23231.75,23233.5,23223.7,23226.65,0.0
2026-09-16 10:32:00,23226.75,23239.05,23225.95,23238.05,0.0
2026-09-16 10:33:00,23238.1,23238.1,23232.1,23235.5,0.0
2026-09-16 10:34:00,23235.65,23248.1,23235.65,23245.2,0.0
2026-09-16 10:35:00,23245.8,23249.0,23243.45,23244.1,0.0
2026-09-16 10:36:00,23243.95,23247.5,23239.85,23244.4,0.0
2026-09-16 10:37:00,23244.2,23244.85,23225.55,23225.85,0.0
2026-09-16 10:38:00,23226.05,23239.25,23226.0,23235.8,0.0
2026-09-16 10:39:00,23235.85,23241.05,23235.05,23240.05,0.0
2026-09-16 10:40:00,23239.6,23249.05,23239.2,23246.1,0.0
2026-09-16 10:41:00,23246.05,23250.0,23244.4,23245.4,0.0
2026-09-16 10:42:00,23245.2,23246.85,23237.7,23238.8,0.0
2026-09-16 10:43:00,23238.4,23249.1,23237.65,23247.75,0.0
2026-09-16 10:44:00,23247.6,23250.1,23240.7,23248.5,0.0
2026-09-16 10:45:00,23248.6,23254.8,23245.9,23246.85,0.0
2026-09-16 10:46:00,23247.1,23254.1,23244.75,23248.0,0.0
2026-09-16 10:47:00,23247.85,23252.3,23244.85,23246.05,0.0
2026-09-16 10:48:00,23246.15,23260.85,23245.9,23260.1,0.0
2026-09-16 10:49:00,23259.65,23266.1,23257.7,23260.1,0.0
2026-09-16 10:50:00,23260.05,23261.95,23246.6,23247.5,0.0
2026-09-16 10:51:00,23247.55,23258.9,23246.95,23255.65,0.0
2026-09-16 10:52:00,23255.6,23268.65,23255.25,23267.25,0.0
2026-09-16 10:53:00,23267.35,23267.95,23253.65,23254.15,0.0
2026-09-16 10:54:00,23254.95,23258.6,23253.0,23254.3,0.0
2026-09-16 10:55:00,23254.15,23254.45,23237.35,23237.35,0.0
2026-09-16 10:56:00,23237.3,23246.55,23236.95,23246.25,0.0
2026-09-16 10:57:00,23245.7,23252.45,23245.7,23251.65,0.0
2026-09-16 10:58:00,23250.9,23252.1,23244.8,23248.15,0.0
2026-09-16 10:59:00,23248.25,23252.85,23247.8,23252.0,0.0
2026-09-16 11:00:00,23251.9,23261.0,23251.9,23260.5,0.0
2026-09-16 11:01:00,23260.35,23266.7,23259.65,23264.8,0.0
2026-09-16 11:02:00,23264.85,23274.5,23264.15,23272.4,0.0
2026-09-16 11:03:00,23272.55,23278.75,23271.3,23277.65,0.0
2026-09-16 11:04:00,23277.8,23278.7,23271.75,23272.55,0.0
2026-09-16 11:05:00,23272.35,23273.35,23259.5,23262.75,0.0
2026-09-16 11:06:00,23263.55,23267.65,23260.6,23261.45,0.0
2026-09-16 11:07:00,23261.2,23264.8,23252.3,23253.5,0.0
2026-09-16 11:08:00,23253.55,23262.25,23253.55,23261.1,0.0
2026-09-16 11:09:00,23260.85,23261.75,23256.55,23257.85,0.0
2026-09-16 11:10:00,23258.05,23264.35,23256.2,23263.0,0.0
2026-09-16 11:11:00,23263.1,23265.7,23258.0,23258.9,0.0
2026-09-16 11:12:00,23258.65,23264.95,23258.3,23262.8,0.0
2026-09-16 11:13:00,23262.75,23263.25,23255.8,23256.25,0.0
2026-09-16 11:14:00,23256.15,23256.95,23248.4,23250.7,0.0
2026-09-16 11:15:00,23250.85,23259.55,23250.7,23258.7,0.0
2026-09-16 11:16:00,23258.8,23269.0,23258.5,23265.15,0.0
2026-09-16 11:17:00,23264.6,23265.65,23254.45,23255.8,0.0
2026-09-16 11:18:00,23255.7,23262.75,23254.05,23255.6,0.0
2026-09-16 11:19:00,23255.5,23255.55,23247.6,23248.5,0.0
2026-09-16 11:20:00,23248.45,23248.7,23238.95,23242.4,0.0
2026-09-16 11:21:00,23241.4,23242.2,23232.85,23237.05,0.0
2026-09-16 11:22:00,23236.9,23250.0,23236.1,23248.95,0.0
2026-09-16 11:23:00,23249.25,23263.55,23249.15,23258.3,0.0
2026-09-16 11:24:00,23258.2,23258.2,23243.4,23243.4,0.0
2026-09-16 11:25:00,23243.45,23246.25,23235.15,23236.1,0.0
2026-09-16 11:26:00,23236.25,23236.6,23229.4,23231.25,0.0
2026-09-16 11:27:00,23231.05,23234.6,23225.75,23226.45,0.0
2026-09-16 11:28:00,23226.4,23232.45,23224.65,23225.4,0.0
2026-09-16 11:29:00,23225.3,23227.35,23219.35,23220.25,0.0
2026-09-16 11:30:00,23220.2,23233.45,23219.95,23229.8,0.0
2026-09-16 11:31:00,23229.55,23234.25,23226.85,23230.85,0.0
2026-09-16 11:32:00,23230.8,23238.45,23229.8,23237.15,0.0
2026-09-16 11:33:00,23237.0,23241.45,23232.45,23233.4,0.0
2026-09-16 11:34:00,23232.75,23235.25,23224.8,23226.3,0.0
2026-09-16 11:35:00,23226.4,23231.35,23222.9,23226.2,0.0
2026-09-16 11:36:00,23226.1,23227.7,23222.8,23226.15,0.0
2026-09-16 11:37:00,23226.25,23227.95,23220.75,23227.2,0.0
2026-09-16 11:38:00,23227.3,23245.4,23227.25,23236.7,0.0
2026-09-16 11:39:00,23236.8,23239.65,23232.55,23234.5,0.0
2026-09-16 11:40:00,23233.9,23239.6,23231.0,23238.8,0.0
2026-09-16 11:41:00,23238.75,23238.95,23231.4,23233.25,0.0
2026-09-16 11:42:00,23233.45,23236.5,23230.65,23232.4,0.0
2026-09-16 11:43:00,23232.35,23237.55,23231.9,23235.35,0.0
2026-09-16 11:44:00,23235.0,23237.25,23232.8,23233.65,0.0
2026-09-16 11:45:00,23233.55,23234.7,23227.95,23228.0,0.0
2026-09-16 11:46:00,23227.95,23229.6,23226.05,23227.45,0.0
2026-09-16 11:47:00,23227.2,23227.6,23223.15,23224.2,0.0
2026-09-16 11:48:00,23224.15,23225.95,23222.45,23224.65,0.0
2026-09-16 11:49:00,23224.85,23230.05,23223.65,23226.3,0.0
2026-09-16 11:50:00,23226.55,23242.75,23225.3,23238.8,0.0
2026-09-16 11:51:00,23238.7,23242.05,23234.25,23235.8,0.0
2026-09-16 11:52:00,23235.85,23239.1,23227.3,23228.6,0.0
2026-09-16 11:53:00,23228.4,23229.5,23223.35,23226.65,0.0
2026-09-16 11:54:00,23226.8,23230.3,23226.2,23226.7,0.0
2026-09-16 11:55:00,23226.6,23228.05,23224.95,23226.0,0.0
2026-09-16 11:56:00,23226.35,23227.2,23214.55,23216.85,0.0
2026-09-16 11:57:00,23216.55,23219.95,23215.2,23217.15,0.0
2026-09-16 11:58:00,23217.5,23219.65,23213.85,23217.1,0.0
2026-09-16 11:59:00,23216.55,23218.85,23213.7,23214.85,0.0
2026-09-16 12:00:00,23215.95,23220.85,23214.6,23218.05,0.0
2026-09-16 12:01:00,23218.0,23219.55,23216.3,23218.15,0.0
2026-09-16 12:02:00,23217.95,23218.45,23206.75,23210.0,0.0
2026-09-16 12:03:00,23210.1,23212.5,23206.2,23209.45,0.0
2026-09-16 12:04:00,23209.5,23214.4,23209.3,23213.05,0.0
2026-09-16 12:05:00,23213.0,23218.6,23212.65,23218.3,0.0
2026-09-16 12:06:00,23218.1,23224.75,23217.65,23221.25,0.0
2026-09-16 12:07:00,23221.35,23230.3,23221.35,23229.9,0.0
2026-09-16 12:08:00,23229.25,23230.95,23224.1,23224.3,0.0
2026-09-16 12:09:00,23224.2,23224.35,23220.5,23223.25,0.0
2026-09-16 12:10:00,23223.3,23234.2,23222.5,23234.15,0.0
2026-09-16 12:11:00,23234.0,23239.1,23231.5,23232.25,0.0
2026-09-16 12:12:00,23232.2,23235.45,23230.1,23230.65,0.0
2026-09-16 12:13:00,23230.6,23246.85,23229.95,23246.75,0.0
2026-09-16 12:14:00,23246.4,23246.85,23233.0,23233.05,0.0
2026-09-16 12:15:00,23232.85,23233.15,23220.55,23223.0,0.0
2026-09-16 12:16:00,23223.05,23234.1,23221.45,23232.8,0.0
2026-09-16 12:17:00,23232.75,23246.8,23232.35,23242.05,0.0
2026-09-16 12:18:00,23242.0,23242.0,23235.95,23240.1,0.0
2026-09-16 12:19:00,23240.35,23242.9,23239.3,23240.4,0.0
2026-09-16 12:20:00,23240.3,23241.05,23230.9,23232.4,0.0
2026-09-16 12:21:00,23232.3,23236.7,23232.3,23234.8,0.0
2026-09-16 12:22:00,23234.7,23238.65,23233.7,23237.1,0.0
2026-09-16 12:23:00,23237.05,23241.75,23236.9,23240.15,0.0
2026-09-16 12:24:00,23239.75,23240.4,23235.0,23237.1,0.0
2026-09-16 12:25:00,23237.35,23238.7,23235.6,23237.6,0.0
2026-09-16 12:26:00,23237.65,23239.7,23234.85,23235.95,0.0
2026-09-16 12:27:00,23235.85,23236.8,23228.15,23228.8,0.0
2026-09-16 12:28:00,23228.1,23237.25,23227.8,23236.7,0.0
2026-09-16 12:29:00,23236.75,23238.05,23233.6,23234.15,0.0
2026-09-16 12:30:00,23234.4,23238.3,23234.15,23236.2,0.0
2026-09-16 12:31:00,23236.3,23247.55,23235.8,23246.6,0.0
2026-09-16 12:32:00,23246.7,23251.15,23246.45,23249.1,0.0
2026-09-16 12:33:00,23248.85,23264.45,23247.75,23260.1,0.0
2026-09-16 12:34:00,23259.95,23260.5,23249.25,23250.25,0.0
2026-09-16 12:35:00,23249.9,23260.15,23249.55,23259.3,0.0
2026-09-16 12:36:00,23259.1,23259.6,23247.35,23250.6,0.0
2026-09-16 12:37:00,23250.75,23250.75,23243.9,23245.4,0.0
2026-09-16 12:38:00,23245.25,23250.2,23244.5,23249.0,0.0
2026-09-16 12:39:00,23248.85,23250.5,23244.35,23246.35,0.0
2026-09-16 12:40:00,23246.9,23250.05,23243.8,23248.35,0.0
2026-09-16 12:41:00,23248.2,23250.55,23245.5,23245.75,0.0
2026-09-16 12:42:00,23245.85,23247.6,23244.2,23245.55,0.0
2026-09-16 12:43:00,23245.45,23259.95,23245.45,23257.35,0.0
2026-09-16 12:44:00,23257.7,23260.35,23257.0,23258.6,0.0
2026-09-16 12:45:00,23258.65,23259.05,23248.3,23248.9,0.0
2026-09-16 12:46:00,23249.05,23251.15,23244.6,23249.35,0.0
2026-09-16 12:47:00,23249.4,23254.75,23249.0,23254.05,0.0
2026-09-16 12:48:00,23254.15,23256.05,23251.1,23253.0,0.0
2026-09-16 12:49:00,23252.9,23255.35,23250.45,23253.75,0.0
2026-09-16 12:50:00,23253.9,23254.4,23250.05,23251.4,0.0
2026-09-16 12:51:00,23251.2,23252.7,23248.75,23249.7,0.0
2026-09-16 12:52:00,23249.75,23250.5,23246.8,23247.65,0.0
2026-09-16 12:53:00,23247.75,23256.45,23247.4,23255.2,0.0
2026-09-16 12:54:00,23255.25,23257.2,23251.95,23253.5,0.0
2026-09-16 12:55:00,23253.3,23256.2,23250.55,23252.3,0.0
2026-09-16 12:56:00,23252.05,23258.8,23252.0,23254.7,0.0
2026-09-16 12:57:00,23254.6,23258.25,23251.2,23255.4,0.0
2026-09-16 12:58:00,23255.75,23257.25,23246.3,23248.0,0.0
2026-09-16 12:59:00,23247.95,23249.9,23241.75,23242.1,0.0
2026-09-16 13:00:00,23242.8,23247.25,23240.55,23246.75,0.0
2026-09-16 13:01:00,23246.45,23252.7,23245.45,23247.6,0.0
2026-09-16 13:02:00,23247.55,23251.75,23246.7,23249.3,0.0
2026-09-16 13:03:00,23249.55,23250.4,23246.2,23247.9,0.0
2026-09-16 13:04:00,23247.95,23257.5,23247.4,23255.95,0.0
2026-09-16 13:05:00,23255.8,23259.85,23254.75,23258.7,0.0
2026-09-16 13:06:00,23258.65,23264.9,23257.6,23263.6,0.0
2026-09-16 13:07:00,23263.5,23274.5,23262.75,23271.95,0.0
2026-09-16 13:08:00,23273.8,23276.85,23270.5,23275.85,0.0
2026-09-16 13:09:00,23275.7,23284.75,23272.75,23274.05,0.0
2026-09-16 13:10:00,23274.25,23278.1,23273.9,23275.4,0.0
2026-09-16 13:11:00,23275.3,23278.15,23267.2,23267.45,0.0
2026-09-16 13:12:00,23267.15,23268.25,23264.5,23265.35,0.0
2026-09-16 13:13:00,23265.45,23267.45,23261.4,23261.95,0.0
2026-09-16 13:14:00,23262.05,23263.7,23256.85,23258.7,0.0
2026-09-16 13:15:00,23258.4,23258.7,23253.15,23254.45,0.0
2026-09-16 13:16:00,23254.4,23260.05,23253.35,23255.15,0.0
2026-09-16 13:17:00,23255.1,23261.3,23252.35,23260.6,0.0
2026-09-16 13:18:00,23260.45,23264.85,23260.45,23263.9,0.0
2026-09-16 13:19:00,23263.85,23271.3,23263.3,23269.55,0.0
2026-09-16 13:20:00,23269.25,23269.4,23260.65,23264.25,0.0
2026-09-16 13:21:00,23264.15,23265.45,23260.35,23262.1,0.0
2026-09-16 13:22:00,23261.6,23262.6,23257.45,23259.1,0.0
2026-09-16 13:23:00,23258.75,23261.7,23250.6,23251.35,0.0
2026-09-16 13:24:00,23251.6,23252.05,23244.0,23245.0,0.0
2026-09-16 13:25:00,23244.75,23247.3,23243.9,23244.75,0.0
2026-09-16 13:26:00,23244.9,23246.6,23241.3,23241.85,0.0
2026-09-16 13:27:00,23242.1,23243.15,23237.5,23238.15,0.0
2026-09-16 13:28:00,23238.1,23238.1,23223.55,23224.6,0.0
2026-09-16 13:29:00,23223.85,23227.85,23220.6,23220.85,0.0
2026-09-16 13:30:00,23220.8,23225.45,23220.15,23225.45,0.0
2026-09-16 13:31:00,23225.25,23232.9,23223.95,23231.3,0.0
2026-09-16 13:32:00,23230.75,23235.65,23230.75,23233.2,0.0
2026-09-16 13:33:00,23233.25,23233.75,23225.75,23226.55,0.0
2026-09-16 13:34:00,23226.25,23228.05,23220.15,23227.05,0.0
2026-09-16 13:35:00,23227.2,23236.5,23226.7,23236.0,0.0
2026-09-16 13:36:00,23235.85,23237.35,23227.2,23228.3,0.0
2026-09-16 13:37:00,23228.35,23229.9,23225.05,23226.05,0.0
2026-09-16 13:38:00,23226.2,23229.25,23219.0,23227.2,0.0
2026-09-16 13:39:00,23227.25,23230.0,23220.6,23222.25,0.0
2026-09-16 13:40:00,23222.2,23224.15,23214.7,23216.4,0.0
2026-09-16 13:41:00,23216.2,23224.3,23216.1,23224.1,0.0
2026-09-16 13:42:00,23223.95,23224.55,23219.1,23220.35,0.0
2026-09-16 13:43:00,23220.45,23221.55,23214.75,23216.0,0.0
2026-09-16 13:44:00,23216.1,23217.9,23209.8,23212.1,0.0
2026-09-16 13:45:00,23212.2,23225.1,23212.2,23221.6,0.0
2026-09-16 13:46:00,23221.35,23223.2,23216.0,23218.05,0.0
2026-09-16 13:47:00,23218.15,23224.8,23217.9,23224.25,0.0
2026-09-16 13:48:00,23224.1,23229.15,23221.25,23222.3,0.0
2026-09-16 13:49:00,23222.15,23223.75,23216.05,23217.45,0.0
2026-09-16 13:50:00,23217.25,23220.6,23215.75,23218.05,0.0
2026-09-16 13:51:00,23218.15,23220.3,23212.95,23218.8,0.0
2026-09-16 13:52:00,23218.85,23222.35,23214.0,23217.95,0.0
2026-09-16 13:53:00,23218.0,23224.3,23216.45,23221.95,0.0
2026-09-16 13:54:00,23222.05,23226.75,23221.05,23224.65,0.0
2026-09-16 13:55:00,23224.7,23225.15,23219.4,23222.55,0.0
2026-09-16 13:56:00,23222.6,23225.9,23221.25,23223.7,0.0
2026-09-16 13:57:00,23223.75,23225.3,23221.45,23222.0,0.0
2026-09-16 13:58:00,23221.75,23223.45,23217.15,23217.75,0.0
2026-09-16 13:59:00,23218.6,23222.25,23217.2,23221.5,0.0
2026-09-16 14:00:00,23221.05,23227.7,23220.45,23226.15,0.0
2026-09-16 14:01:00,23226.25,23233.35,23225.7,23231.05,0.0
2026-09-16 14:02:00,23230.8,23234.65,23229.0,23230.45,0.0
2026-09-16 14:03:00,23230.35,23235.75,23230.05,23232.5,0.0
2026-09-16 14:04:00,23232.55,23234.6,23231.75,23233.6,0.0
2026-09-16 14:05:00,23233.4,23236.75,23232.85,23234.65,0.0
2026-09-16 14:06:00,23234.55,23235.45,23229.95,23231.95,0.0
2026-09-16 14:07:00,23231.45,23231.85,23225.8,23226.85,0.0
2026-09-16 14:08:00,23226.9,23227.9,23219.35,23220.4,0.0
2026-09-16 14:09:00,23220.3,23223.2,23219.75,23222.7,0.0
2026-09-16 14:10:00,23222.65,23223.9,23219.75,23223.15,0.0
2026-09-16 14:11:00,23223.7,23228.7,23223.1,23227.75,0.0
2026-09-16 14:12:00,23227.8,23231.0,23226.6,23231.0,0.0
2026-09-16 14:13:00,23230.95,23236.75,23230.95,23235.3,0.0
2026-09-16 14:14:00,23235.15,23239.25,23234.35,23238.55,0.0
2026-09-16 14:15:00,23238.3,23243.25,23237.45,23239.0,0.0
2026-09-16 14:16:00,23238.4,23242.55,23236.5,23239.2,0.0
2026-09-16 14:17:00,23239.15,23244.7,23239.1,23242.55,0.0
2026-09-16 14:18:00,23242.75,23246.45,23242.05,23243.8,0.0
2026-09-16 14:19:00,23243.65,23246.0,23230.95,23231.3,0.0
2026-09-16 14:20:00,23231.2,23235.5,23229.9,23231.4,0.0
2026-09-16 14:21:00,23231.45,23236.0,23230.9,23234.35,0.0
2026-09-16 14:22:00,23233.9,23241.4,23233.2,23238.9,0.0
2026-09-16 14:23:00,23238.55,23242.65,23236.45,23237.75,0.0
2026-09-16 14:24:00,23237.7,23239.05,23233.3,23233.75,0.0
2026-09-16 14:25:00,23233.55,23237.6,23233.1,23236.25,0.0
2026-09-16 14:26:00,23235.7,23237.75,23233.25,23233.75,0.0
2026-09-16 14:27:00,23233.4,23234.35,23230.25,23231.1,0.0
2026-09-16 14:28:00,23230.95,23231.85,23224.4,23228.75,0.0
2026-09-16 14:29:00,23228.0,23236.1,23227.45,23232.4,0.0
2026-09-16 14:30:00,23231.75,23236.35,23229.75,23230.1,0.0
2026-09-16 14:31:00,23229.75,23232.1,23227.4,23230.7,0.0
2026-09-16 14:32:00,23230.75,23232.05,23227.45,23230.4,0.0
2026-09-16 14:33:00,23230.65,23232.85,23226.9,23229.45,0.0
2026-09-16 14:34:00,23229.0,23230.8,23225.5,23229.6,0.0
2026-09-16 14:35:00,23229.65,23237.2,23228.95,23234.45,0.0
2026-09-16 14:36:00,23234.2,23236.55,23230.25,23230.5,0.0
2026-09-16 14:37:00,23230.45,23231.7,23225.2,23228.0,0.0
2026-09-16 14:38:00,23228.05,23229.45,23221.85,23223.2,0.0
2026-09-16 14:39:00,23223.3,23230.3,23222.35,23228.45,0.0
2026-09-16 14:40:00,23228.2,23232.45,23228.1,23232.15,0.0
2026-09-16 14:41:00,23232.35,23236.8,23229.9,23234.5,0.0
2026-09-16 14:42:00,23234.6,23235.6,23226.1,23229.1,0.0
2026-09-16 14:43:00,23228.75,23231.7,23226.05,23231.7,0.0
2026-09-16 14:44:00,23231.65,23237.65,23231.35,23234.35,0.0
2026-09-16 14:45:00,23234.25,23237.1,23233.35,23235.2,0.0
2026-09-16 14:46:00,23234.65,23239.75,23234.5,23236.15,0.0
2026-09-16 14:47:00,23236.2,23238.1,23234.85,23238.1,0.0
2026-09-16 14:48:00,23237.6,23239.35,23230.7,23232.6,0.0
2026-09-16 14:49:00,23232.55,23238.55,23231.15,23236.65,0.0
2026-09-16 14:50:00,23237.15,23241.05,23232.9,23239.75,0.0
2026-09-16 14:51:00,23240.1,23244.55,23234.85,23235.45,0.0
2026-09-16 14:52:00,23235.3,23240.25,23234.6,23238.35,0.0
2026-09-16 14:53:00,23238.55,23242.5,23237.55,23240.2,0.0
2026-09-16 14:54:00,23240.1,23242.1,23235.3,23239.45,0.0
2026-09-16 14:55:00,23239.5,23245.15,23237.95,23243.75,0.0
2026-09-16 14:56:00,23243.9,23251.75,23243.15,23249.45,0.0
2026-09-16 14:57:00,23249.35,23261.4,23249.05,23254.05,0.0
2026-09-16 14:58:00,23252.5,23254.35,23242.45,23243.45,0.0
2026-09-16 14:59:00,23243.55,23247.0,23234.5,23235.8,0.0
2026-09-16 15:00:00,23236.35,23236.35,23221.75,23225.8,0.0
2026-09-16 15:01:00,23226.15,23231.55,23224.35,23230.1,0.0
2026-09-16 15:02:00,23229.85,23233.0,23228.2,23231.4,0.0
2026-09-16 15:03:00,23231.0,23232.7,23228.25,23230.1,0.0
2026-09-16 15:04:00,23229.9,23233.5,23228.75,23231.5,0.0
2026-09-16 15:05:00,23231.15,23232.7,23228.35,23228.8,0.0
2026-09-16 15:06:00,23228.5,23229.5,23221.25,23224.85,0.0
2026-09-16 15:07:00,23224.45,23232.1,23223.55,23230.45,0.0
2026-09-16 15:08:00,23230.3,23231.6,23226.6,23228.75,0.0
2026-09-16 15:09:00,23226.95,23230.05,23224.1,23229.9,0.0
2026-09-16 15:10:00,23229.25,23237.0,23228.3,23234.75,0.0
2026-09-16 15:11:00,23234.7,23235.75,23228.9,23231.0,0.0
2026-09-16 15:12:00,23230.35,23232.9,23215.85,23222.0,0.0
2026-09-16 15:13:00,23221.25,23226.8,23218.4,23225.5,0.0
2026-09-16 15:14:00,23225.55,23231.55,23219.8,23224.3,0.0
2026-09-16 15:29:00,23217.6,23217.6,23217.6,23217.6,0.0
2026-09-17 09:15:00,23195.25,23255.8,23193.65,23211.95,0.0
2026-09-17 09:16:00,23212.05,23228.25,23197.0,23218.65,0.0
2026-09-17 09:17:00,23220.3,23246.0,23217.0,23245.1,0.0
2026-09-17 09:18:00,23247.95,23261.1,23243.35,23256.3,0.0
2026-09-17 09:19:00,23259.2,23263.25,23253.3,23255.95,0.0
2026-09-17 09:20:00,23257.45,23267.7,23247.55,23254.95,0.0
2026-09-17 09:21:00,23257.1,23260.8,23245.05,23255.95,0.0
2026-09-17 09:22:00,23255.55,23256.45,23239.45,23240.75,0.0
2026-09-17 09:23:00,23241.65,23242.95,23236.95,23237.65,0.0
2026-09-17 09:24:00,23239.1,23240.1,23227.15,23228.7,0.0
2026-09-17 09:25:00,23230.45,23237.0,23227.45,23232.55,0.0
2026-09-17 09:26:00,23233.6,23240.0,23232.4,23237.45,0.0
2026-09-17 09:27:00,23239.8,23249.8,23233.9,23249.2,0.0
2026-09-17 09:28:00,23250.55,23259.75,23249.6,23257.35,0.0
2026-09-17 09:29:00,23258.3,23259.2,23246.9,23252.05,0.0
2026-09-17 09:30:00,23253.45,23264.85,23250.6,23262.65,0.0
2026-09-17 09:31:00,23264.65,23270.05,23259.5,23269.5,0.0
2026-09-17 09:32:00,23271.1,23284.8,23268.3,23280.7,0.0
2026-09-17 09:33:00,23281.3,23290.1,23277.25,23277.85,0.0
2026-09-17 09:34:00,23279.6,23286.8,23274.65,23284.45,0.0
2026-09-17 09:35:00,23285.15,23303.85,23283.65,23299.6,0.0
2026-09-17 09:36:00,23301.2,23303.0,23292.35,23292.85,0.0
2026-09-17 09:37:00,23294.5,23301.75,23291.15,23295.15,0.0
2026-09-17 09:38:00,23295.2,23295.5,23283.9,23284.4,0.0
2026-09-17 09:39:00,23284.9,23284.9,23272.4,23274.1,0.0
2026-09-17 09:40:00,23275.2,23275.8,23268.1,23272.7,0.0
2026-09-17 09:41:00,23274.55,23274.55,23260.5,23260.85,0.0
2026-09-17 09:42:00,23262.0,23262.1,23235.75,23236.15,0.0
2026-09-17 09:43:00,23237.25,23252.45,23229.45,23250.6,0.0
2026-09-17 09:44:00,23251.6,23253.55,23240.95,23252.3,0.0
2026-09-17 09:45:00,23254.6,23261.0,23245.05,23248.45,0.0
2026-09-17 09:46:00,23250.0,23252.5,23244.3,23251.95,0.0
2026-09-17 09:47:00,23253.4,23260.75,23251.45,23260.15,0.0
2026-09-17 09:48:00,23260.65,23268.05,23257.7,23261.95,0.0
2026-09-17 09:49:00,23263.2,23272.95,23262.3,23267.65,0.0
2026-09-17 09:50:00,23268.4,23268.4,23258.2,23263.05,0.0
2026-09-17 09:51:00,23265.8,23270.2,23263.55,23269.6,0.0
2026-09-17 09:52:00,23270.8,23280.1,23267.35,23277.7,0.0
2026-09-17 09:53:00,23279.6,23279.6,23273.75,23276.0,0.0
2026-09-17 09:54:00,23277.55,23286.7,23276.2,23282.9,0.0
2026-09-17 09:55:00,23283.75,23290.1,23281.15,23285.8,0.0
2026-09-17 09:56:00,23287.15,23287.85,23273.5,23274.8,0.0
2026-09-17 09:57:00,23276.35,23285.75,23273.4,23285.05,0.0
2026-09-17 09:58:00,23285.95,23289.05,23282.2,23285.5,0.0
2026-09-17 09:59:00,23286.45,23288.55,23282.3,23284.5,0.0
2026-09-17 10:00:00,23286.65,23286.65,23279.8,23282.75,0.0
2026-09-17 10:01:00,23284.1,23289.9,23281.95,23287.35,0.0
2026-09-17 10:02:00,23288.85,23295.0,23287.45,23293.9,0.0
2026-09-17 10:03:00,23294.35,23296.95,23290.9,23294.65,0.0
2026-09-17 10:04:00,23295.4,23297.2,23293.45,23293.9,0.0
2026-09-17 10:05:00,23295.2,23314.65,23293.6,23306.3,0.0
2026-09-17 10:06:00,23308.25,23312.1,23305.85,23310.15,0.0
2026-09-17 10:07:00,23311.05,23311.05,23299.35,23301.5,0.0
2026-09-17 10:08:00,23303.75,23308.65,23301.6,23307.35,0.0
2026-09-17 10:09:00,23308.15,23310.0,23302.8,23307.5,0.0
2026-09-17 10:10:00,23308.85,23316.15,23307.6,23315.6,0.0
2026-09-17 10:11:00,23317.65,23323.7,23313.75,23319.35,0.0
2026-09-17 10:12:00,23320.9,23325.4,23318.2,23318.55,0.0
2026-09-17 10:13:00,23320.05,23320.35,23315.3,23317.75,0.0
2026-09-17 10:14:00,23318.95,23318.95,23310.2,23311.1,0.0
2026-09-17 10:15:00,23313.3,23319.5,23311.05,23312.7,0.0
2026-09-17 10:16:00,23314.05,23314.05,23308.1,23308.95,0.0
2026-09-17 10:17:00,23311.0,23312.0,23302.8,23302.85,0.0
2026-09-17 10:18:00,23304.45,23304.45,23298.5,23300.85,0.0
2026-09-17 10:19:00,23302.2,23302.2,23295.65,23296.3,0.0
2026-09-17 10:20:00,23297.15,23303.15,23292.85,23299.8,0.0
2026-09-17 10:21:00,23301.95,23305.0,23300.55,23301.25,0.0
2026-09-17 10:22:00,23302.3,23302.55,23294.05,23294.05,0.0
2026-09-17 10:23:00,23298.2,23298.2,23290.1,23290.15,0.0
2026-09-17 10:24:00,23292.5,23298.15,23291.25,23293.35,0.0
2026-09-17 10:25:00,23294.6,23296.0,23286.85,23289.45,0.0
2026-09-17 10:26:00,23288.85,23293.15,23287.95,23290.6,0.0
2026-09-17 10:27:00,23292.2,23296.7,23290.6,23291.5,0.0
2026-09-17 10:28:00,23293.8,23296.65,23289.95,23290.45,0.0
2026-09-17 10:29:00,23292.35,23295.0,23288.55,23294.95,0.0
2026-09-17 10:30:00,23295.0,23297.0,23288.05,23289.7,0.0
2026-09-17 10:31:00,23291.65,23291.65,23275.15,23278.55,0.0
2026-09-17 10:32:00,23280.25,23283.5,23277.95,23279.65,0.0
2026-09-17 10:33:00,23279.5,23280.25,23276.15,23279.1,0.0
2026-09-17 10:34:00,23280.0,23281.55,23272.5,23273.6,0.0
2026-09-17 10:35:00,23274.45,23284.55,23270.2,23284.05,0.0
2026-09-17 10:36:00,23285.35,23296.05,23284.15,23294.45,0.0
2026-09-17 10:37:00,23295.95,23298.45,23287.4,23288.15,0.0
2026-09-17 10:38:00,23287.95,23288.7,23278.75,23280.9,0.0
2026-09-17 10:39:00,23281.5,23283.8,23279.5,23280.5,0.0
2026-09-17 10:40:00,23281.55,23281.65,23276.15,23276.4,0.0
2026-09-17 10:41:00,23278.8,23279.5,23274.55,23275.8,0.0
2026-09-17 10:42:00,23277.2,23277.2,23265.45,23267.9,0.0
2026-09-17 10:43:00,23269.2,23278.05,23267.95,23270.1,0.0
2026-09-17 10:44:00,23272.55,23272.55,23266.35,23266.8,0.0
2026-09-17 10:45:00,23268.85,23268.85,23260.6,23261.9,0.0
2026-09-17 10:46:00,23262.9,23270.5,23261.3,23269.6,0.0
2026-09-17 10:47:00,23270.95,23275.8,23269.45,23273.8,0.0
2026-09-17 10:48:00,23275.4,23275.4,23264.45,23265.05,0.0
2026-09-17 10:49:00,23267.2,23267.95,23263.9,23265.5,0.0
2026-09-17 10:50:00,23267.3,23271.5,23265.15,23270.05,0.0
2026-09-17 10:51:00,23271.7,23274.35,23267.1,23271.75,0.0
2026-09-17 10:52:00,23273.7,23276.3,23267.3,23270.4,0.0
2026-09-17 10:53:00,23271.25,23273.85,23269.1,23270.25,0.0
2026-09-17 10:54:00,23272.15,23272.15,23266.35,23270.5,0.0
2026-09-17 10:55:00,23272.25,23275.0,23266.95,23270.7,0.0
2026-09-17 10:56:00,23272.05,23277.1,23270.75,23276.75,0.0
2026-09-17 10:57:00,23277.6,23283.9,23275.15,23275.9,0.0
2026-09-17 10:58:00,23277.3,23277.7,23271.05,23272.05,0.0
2026-09-17 10:59:00,23272.85,23272.85,23267.25,23267.85,0.0
2026-09-17 11:00:00,23268.45,23268.9,23258.45,23259.0,0.0
2026-09-17 11:01:00,23260.15,23260.15,23250.25,23255.2,0.0
2026-09-17 11:02:00,23256.55,23258.85,23254.9,23255.6,0.0
2026-09-17 11:03:00,23257.4,23257.4,23235.95,23239.85,0.0
2026-09-17 11:04:00,23239.5,23243.65,23236.95,23238.4,0.0
2026-09-17 11:05:00,23239.55,23239.55,23235.2,23236.25,0.0
2026-09-17 11:06:00,23237.95,23237.95,23221.65,23229.0,0.0
2026-09-17 11:07:00,23230.5,23230.7,23218.95,23220.1,0.0
2026-09-17 11:08:00,23221.35,23221.35,23215.7,23217.45,0.0
2026-09-17 11:09:00,23218.65,23223.7,23214.25,23219.1,0.0
2026-09-17 11:10:00,23220.45,23220.45,23211.2,23211.75,0.0
2026-09-17 11:11:00,23213.15,23219.35,23210.3,23212.75,0.0
2026-09-17 11:12:00,23214.3,23222.65,23212.95,23221.6,0.0
2026-09-17 11:13:00,23223.2,23228.5,23222.35,23228.5,0.0
2026-09-17 11:14:00,23229.0,23231.85,23222.3,23224.05,0.0
2026-09-17 11:15:00,23226.05,23227.75,23222.6,23225.95,0.0
2026-09-17 11:16:00,23227.9,23229.95,23224.35,23229.2,0.0
2026-09-17 11:17:00,23230.1,23240.6,23228.95,23240.6,0.0
2026-09-17 11:18:00,23241.75,23245.7,23239.95,23245.2,0.0
2026-09-17 11:19:00,23246.5,23247.35,23243.65,23246.7,0.0
2026-09-17 11:20:00,23248.5,23250.2,23244.5,23249.05,0.0
2026-09-17 11:21:00,23250.1,23256.85,23247.9,23248.1,0.0
2026-09-17 11:22:00,23249.1,23249.1,23240.0,23241.05,0.0
2026-09-17 11:23:00,23241.45,23248.5,23240.9,23247.75,0.0
2026-09-17 11:24:00,23249.65,23251.3,23246.45,23248.8,0.0
2026-09-17 11:25:00,23249.9,23252.5,23248.75,23249.95,0.0
2026-09-17 11:26:00,23252.15,23254.35,23247.1,23247.35,0.0
2026-09-17 11:27:00,23249.9,23249.9,23241.35,23242.95,0.0
2026-09-17 11:28:00,23243.9,23245.75,23240.45,23244.1,0.0
2026-09-17 11:29:00,23245.8,23247.95,23243.5,23246.05,0.0
2026-09-17 11:30:00,23247.25,23247.25,23234.65,23238.3,0.0
2026-09-17 11:31:00,23239.85,23246.7,23237.45,23245.95,0.0
2026-09-17 11:32:00,23247.3,23256.75,23245.05,23255.95,0.0
2026-09-17 11:33:00,23256.95,23256.95,23245.55,23249.3,0.0
2026-09-17 11:34:00,23250.7,23255.4,23248.0,23253.0,0.0
2026-09-17 11:35:00,23254.95,23254.95,23244.7,23247.8,0.0
2026-09-17 11:36:00,23249.05,23252.75,23247.35,23251.3,0.0
2026-09-17 11:37:00,23252.95,23253.1,23247.3,23249.6,0.0
2026-09-17 11:38:00,23251.6,23254.45,23249.4,23251.35,0.0
2026-09-17 11:39:00,23252.8,23254.2,23249.4,23252.3,0.0
2026-09-17 11:40:00,23255.0,23259.45,23252.65,23257.6,0.0
2026-09-17 11:41:00,23259.05,23261.85,23256.85,23258.9,0.0
2026-09-17 11:42:00,23261.2,23267.7,23259.65,23267.2,0.0
2026-09-17 11:43:00,23269.15,23275.7,23266.95,23273.8,0.0
2026-09-17 11:44:00,23273.55,23276.65,23271.65,23276.15,0.0
2026-09-17 11:45:00,23276.75,23281.15,23271.7,23272.85,0.0
2026-09-17 11:46:00,23274.45,23275.0,23266.1,23267.5,0.0
2026-09-17 11:47:00,23268.65,23271.5,23264.8,23271.5,0.0
2026-09-17 11:48:00,23273.05,23275.0,23269.7,23272.2,0.0
2026-09-17 11:49:00,23274.25,23277.6,23271.5,23275.15,0.0
2026-09-17 11:50:00,23276.9,23277.75,23271.25,23277.4,0.0
2026-09-17 11:51:00,23279.15,23288.5,23278.15,23286.5,0.0
2026-09-17 11:52:00,23287.5,23294.15,23284.25,23292.2,0.0
2026-09-17 11:53:00,23293.7,23293.7,23277.25,23280.25,0.0
2026-09-17 11:54:00,23281.85,23288.8,23276.8,23288.05,0.0
2026-09-17 11:55:00,23288.3,23294.65,23287.65,23290.95,0.0
2026-09-17 11:56:00,23292.6,23299.8,23291.0,23299.1,0.0
2026-09-17 11:57:00,23301.05,23309.75,23299.9,23308.5,0.0
2026-09-17 11:58:00,23309.7,23311.55,23302.55,23308.65,0.0
2026-09-17 11:59:00,23310.6,23315.3,23306.9,23315.3,0.0
2026-09-17 12:00:00,23316.75,23320.5,23310.5,23310.5,0.0
2026-09-17 12:01:00,23313.1,23315.9,23305.6,23305.65,0.0
2026-09-17 12:02:00,23305.85,23310.35,23305.25,23307.75,0.0
2026-09-17 12:03:00,23309.55,23309.55,23298.7,23298.9,0.0
2026-09-17 12:04:00,23301.1,23302.45,23296.8,23300.15,0.0
2026-09-17 12:05:00,23301.6,23302.3,23297.55,23300.5,0.0
2026-09-17 12:06:00,23302.8,23317.15,23301.2,23315.55,0.0
2026-09-17 12:07:00,23316.35,23339.5,23316.3,23334.65,0.0
2026-09-17 12:08:00,23334.3,23335.85,23330.2,23334.65,0.0
2026-09-17 12:09:00,23336.4,23339.05,23331.9,23333.7,0.0
2026-09-17 12:10:00,23334.45,23337.25,23331.2,23333.2,0.0
2026-09-17 12:11:00,23335.8,23339.95,23330.6,23336.15,0.0
2026-09-17 12:12:00,23337.85,23340.3,23335.8,23336.1,0.0
2026-09-17 12:13:00,23337.85,23342.85,23332.5,23342.1,0.0
2026-09-17 12:14:00,23342.65,23346.35,23335.95,23337.9,0.0
2026-09-17 12:15:00,23340.65,23344.35,23334.8,23336.85,0.0
2026-09-17 12:16:00,23337.55,23341.7,23335.65,23340.95,0.0
2026-09-17 12:17:00,23342.15,23347.3,23340.25,23346.8,0.0
2026-09-17 12:18:00,23347.7,23352.05,23345.7,23348.35,0.0
2026-09-17 12:19:00,23349.6,23350.3,23345.6,23346.2,0.0
2026-09-17 12:20:00,23348.45,23348.6,23344.8,23345.65,0.0
2026-09-17 12:21:00,23347.5,23348.6,23344.75,23346.9,0.0
2026-09-17 12:22:00,23348.9,23355.55,23346.55,23354.95,0.0
2026-09-17 12:23:00,23356.15,23363.55,23355.55,23360.1,0.0
2026-09-17 12:24:00,23362.45,23362.45,23352.85,23354.25,0.0
2026-09-17 12:25:00,23355.55,23355.8,23348.5,23348.6,0.0
2026-09-17 12:26:00,23351.1,23351.75,23344.3,23344.55,0.0
2026-09-17 12:27:00,23347.0,23347.65,23341.95,23342.4,0.0
2026-09-17 12:28:00,23345.35,23347.55,23342.15,23345.65,0.0
2026-09-17 12:29:00,23347.5,23348.85,23343.45,23346.75,0.0
2026-09-17 12:30:00,23347.85,23348.2,23343.25,23343.9,0.0
2026-09-17 12:31:00,23345.55,23345.55,23338.35,23341.2,0.0
2026-09-17 12:32:00,23342.75,23346.65,23340.75,23343.3,0.0
2026-09-17 12:33:00,23345.1,23350.25,23342.5,23348.35,0.0
2026-09-17 12:34:00,23349.95,23349.95,23344.45,23345.2,0.0
2026-09-17 12:35:00,23348.8,23352.25,23345.7,23349.3,0.0
2026-09-17 12:36:00,23351.15,23354.45,23349.5,23352.9,0.0
2026-09-17 12:37:00,23355.25,23359.75,23353.1,23357.15,0.0
2026-09-17 12:38:00,23360.25,23361.4,23357.2,23358.2,0.0
2026-09-17 12:39:00,23360.15,23360.15,23354.95,23357.1,0.0
2026-09-17 12:40:00,23359.1,23361.4,23355.6,23356.75,0.0
2026-09-17 12:41:00,23359.35,23360.95,23355.65,23357.3,0.0
2026-09-17 12:42:00,23358.8,23360.1,23355.7,23357.9,0.0
2026-09-17 12:43:00,23359.6,23359.6,23353.45,23353.9,0.0
2026-09-17 12:44:00,23356.05,23356.05,23345.25,23346.85,0.0
2026-09-17 12:45:00,23348.6,23349.8,23345.6,23346.85,0.0
2026-09-17 12:46:00,23348.95,23350.3,23344.6,23344.9,0.0
2026-09-17 12:47:00,23347.45,23347.45,23341.5,23342.45,0.0
2026-09-17 12:48:00,23344.15,23344.15,23337.4,23338.65,0.0
2026-09-17 12:49:00,23339.9,23339.9,23335.3,23336.3,0.0
2026-09-17 12:50:00,23338.0,23338.3,23333.95,23337.3,0.0
2026-09-17 12:51:00,23340.05,23343.35,23336.7,23338.0,0.0
2026-09-17 12:52:00,23339.9,23344.0,23337.6,23340.1,0.0
2026-09-17 12:53:00,23341.5,23346.9,23339.55,23345.1,0.0
2026-09-17 12:54:00,23346.15,23349.4,23342.35,23342.45,0.0
2026-09-17 12:55:00,23345.3,23345.3,23339.0,23340.9,0.0
2026-09-17 12:56:00,23341.8,23343.6,23337.7,23338.25,0.0
2026-09-17 12:57:00,23339.25,23339.25,23335.6,23338.7,0.0
2026-09-17 12:58:00,23340.3,23343.55,23338.85,23339.4,0.0
2026-09-17 12:59:00,23340.65,23341.45,23338.2,23340.65,0.0
2026-09-17 13:00:00,23342.3,23345.2,23339.55,23344.1,0.0
2026-09-17 13:01:00,23345.7,23346.3,23336.85,23337.35,0.0
2026-09-17 13:02:00,23338.75,23338.75,23333.05,23338.4,0.0
2026-09-17 13:03:00,23339.45,23340.15,23333.65,23333.65,0.0
2026-09-17 13:04:00,23335.85,23335.85,23326.3,23326.9,0.0
2026-09-17 13:05:00,23328.45,23331.05,23327.4,23329.4,0.0
2026-09-17 13:06:00,23331.4,23331.4,23324.55,23324.8,0.0
2026-09-17 13:07:00,23327.15,23327.15,23320.2,23321.05,0.0
2026-09-17 13:08:00,23323.1,23325.1,23319.95,23323.55,0.0
2026-09-17 13:09:00,23324.85,23328.3,23322.5,23326.65,0.0
2026-09-17 13:10:00,23328.3,23328.3,23323.7,23324.3,0.0
2026-09-17 13:11:00,23326.2,23328.6,23323.7,23326.3,0.0
2026-09-17 13:12:00,23327.95,23329.8,23325.5,23327.95,0.0
2026-09-17 13:13:00,23329.3,23329.3,23322.4,23324.25,0.0
2026-09-17 13:14:00,23326.3,23326.3,23320.7,23321.65,0.0
2026-09-17 13:15:00,23322.5,23322.75,23317.0,23318.0,0.0
2026-09-17 13:16:00,23319.75,23325.0,23317.45,23322.7,0.0
2026-09-17 13:17:00,23325.15,23325.25,23316.2,23317.9,0.0
2026-09-17 13:18:00,23320.25,23320.6,23317.0,23320.0,0.0
2026-09-17 13:19:00,23322.75,23322.75,23316.95,23319.3,0.0
2026-09-17 13:20:00,23320.5,23322.4,23316.35,23320.3,0.0
2026-09-17 13:21:00,23322.1,23324.85,23321.0,23322.4,0.0
2026-09-17 13:22:00,23324.05,23324.05,23314.15,23314.55,0.0
2026-09-17 13:23:00,23316.3,23316.75,23313.65,23314.95,0.0
2026-09-17 13:24:00,23316.7,23316.7,23308.35,23309.4,0.0
2026-09-17 13:25:00,23312.35,23312.35,23296.75,23297.75,0.0
2026-09-17 13:26:00,23300.0,23300.0,23289.6,23290.5,0.0
2026-09-17 13:27:00,23291.8,23292.55,23273.5,23274.1,0.0
2026-09-17 13:28:00,23276.0,23278.7,23263.2,23268.55,0.0
2026-09-17 13:29:00,23270.2,23270.75,23263.3,23263.3,0.0
2026-09-17 13:30:00,23266.0,23266.0,23252.25,23257.75,0.0
2026-09-17 13:31:00,23259.65,23266.6,23257.25,23259.55,0.0
2026-09-17 13:32:00,23261.75,23270.15,23258.65,23264.85,0.0
2026-09-17 13:33:00,23266.35,23266.35,23253.95,23255.85,0.0
2026-09-17 13:34:00,23258.25,23261.7,23255.65,23257.8,0.0
2026-09-17 13:35:00,23260.45,23260.45,23244.35,23251.95,0.0
2026-09-17 13:36:00,23253.55,23253.55,23244.05,23247.2,0.0
2026-09-17 13:37:00,23249.0,23257.35,23245.5,23255.2,0.0
2026-09-17 13:38:00,23256.7,23258.3,23251.6,23257.15,0.0
2026-09-17 13:39:00,23258.45,23262.05,23257.05,23258.55,0.0
2026-09-17 13:40:00,23260.6,23269.5,23259.1,23268.15,0.0
2026-09-17 13:41:00,23270.05,23278.1,23266.25,23275.35,0.0
2026-09-17 13:42:00,23276.5,23277.15,23266.9,23267.5,0.0
2026-09-17 13:43:00,23269.7,23271.55,23265.55,23269.15,0.0
2026-09-17 13:44:00,23271.1,23271.1,23262.65,23263.85,0.0
2026-09-17 13:45:00,23265.95,23268.4,23261.8,23267.7,0.0
2026-09-17 13:46:00,23269.55,23273.85,23267.55,23269.4,0.0
2026-09-17 13:47:00,23272.25,23277.1,23270.0,23274.1,0.0
2026-09-17 13:48:00,23275.35,23275.75,23263.7,23266.0,0.0
2026-09-17 13:49:00,23268.8,23272.55,23265.95,23268.15,0.0
2026-09-17 13:50:00,23270.35,23270.35,23266.95,23269.75,0.0
2026-09-17 13:51:00,23270.75,23272.85,23268.15,23270.9,0.0
2026-09-17 13:52:00,23272.8,23277.15,23270.85,23271.55,0.0
2026-09-17 13:53:00,23272.85,23272.85,23262.4,23263.65,0.0
2026-09-17 13:54:00,23266.15,23268.25,23261.0,23267.0,0.0
2026-09-17 13:55:00,23269.25,23269.9,23262.35,23268.05,0.0
2026-09-17 13:56:00,23271.6,23271.6,23263.7,23264.9,0.0
2026-09-17 13:57:00,23269.75,23271.0,23265.9,23269.05,0.0
2026-09-17 13:58:00,23271.95,23273.2,23268.6,23269.4,0.0
2026-09-17 13:59:00,23271.7,23271.7,23263.05,23263.7,0.0
2026-09-17 14:00:00,23265.4,23267.45,23262.95,23264.25,0.0
2026-09-17 14:01:00,23266.3,23271.0,23263.7,23269.35,0.0
2026-09-17 14:02:00,23271.55,23271.55,23262.2,23263.75,0.0
2026-09-17 14:03:00,23265.45,23266.8,23262.1,23265.4,0.0
2026-09-17 14:04:00,23267.9,23272.6,23264.75,23269.85,0.0
2026-09-17 14:05:00,23271.3,23271.5,23268.8,23269.95,0.0
2026-09-17 14:06:00,23272.0,23275.4,23267.5,23271.3,0.0
2026-09-17 14:07:00,23272.6,23284.5,23271.7,23281.25,0.0
2026-09-17 14:08:00,23283.9,23286.25,23277.8,23277.95,0.0
2026-09-17 14:09:00,23280.2,23282.25,23277.55,23280.85,0.0
2026-09-17 14:10:00,23283.25,23287.15,23280.7,23284.4,0.0
2026-09-17 14:11:00,23285.5,23286.1,23275.35,23275.75,0.0
2026-09-17 14:12:00,23277.75,23278.55,23273.8,23277.2,0.0
2026-09-17 14:13:00,23279.55,23281.5,23275.5,23278.35,0.0
2026-09-17 14:14:00,23279.95,23281.45,23277.65,23277.7,0.0
2026-09-17 14:15:00,23279.55,23280.7,23275.8,23275.95,0.0
2026-09-17 14:16:00,23277.9,23277.9,23270.8,23271.2,0.0
2026-09-17 14:17:00,23273.05,23274.95,23269.45,23273.15,0.0
2026-09-17 14:18:00,23276.15,23285.05,23273.6,23283.85,0.0
2026-09-17 14:19:00,23285.3,23290.45,23280.35,23280.35,0.0
2026-09-17 14:20:00,23282.75,23284.4,23280.6,23281.8,0.0
2026-09-17 14:21:00,23284.25,23289.35,23281.55,23288.0,0.0
2026-09-17 14:22:00,23289.6,23291.75,23285.15,23287.0,0.0
2026-09-17 14:23:00,23288.95,23290.3,23286.75,23287.6,0.0
2026-09-17 14:24:00,23289.55,23290.25,23285.4,23285.5,0.0
2026-09-17 14:25:00,23287.5,23287.5,23276.95,23277.55,0.0
2026-09-17 14:26:00,23279.45,23279.45,23273.45,23274.9,0.0
2026-09-17 14:27:00,23276.75,23278.75,23271.85,23275.3,0.0
2026-09-17 14:28:00,23276.65,23276.65,23269.45,23271.3,0.0
2026-09-17 14:29:00,23273.2,23283.6,23270.9,23282.55,0.0
2026-09-17 14:30:00,23283.75,23285.9,23276.15,23282.75,0.0
2026-09-17 14:31:00,23285.1,23287.45,23281.15,23282.8,0.0
2026-09-17 14:32:00,23284.95,23284.95,23279.9,23281.35,0.0
2026-09-17 14:33:00,23283.4,23283.4,23276.4,23280.5,0.0
2026-09-17 14:34:00,23282.75,23282.75,23273.4,23276.15,0.0
2026-09-17 14:35:00,23278.1,23288.7,23273.65,23288.25,0.0
2026-09-17 14:36:00,23290.2,23293.65,23284.95,23285.95,0.0
2026-09-17 14:37:00,23288.35,23309.95,23286.55,23306.45,0.0
2026-09-17 14:38:00,23307.25,23307.25,23295.95,23300.7,0.0
2026-09-17 14:39:00,23301.1,23309.4,23300.15,23305.05,0.0
2026-09-17 14:40:00,23305.7,23306.3,23292.8,23299.2,0.0
2026-09-17 14:41:00,23300.35,23304.7,23296.0,23296.0,0.0
2026-09-17 14:42:00,23297.1,23298.25,23286.15,23288.7,0.0
2026-09-17 14:43:00,23290.25,23295.3,23288.8,23294.15,0.0
2026-09-17 14:44:00,23292.7,23293.25,23282.65,23286.8,0.0
2026-09-17 14:45:00,23286.75,23298.45,23286.75,23296.15,0.0
2026-09-17 14:46:00,23296.95,23299.6,23293.3,23298.85,0.0
2026-09-17 14:47:00,23299.95,23303.1,23294.7,23297.75,0.0
2026-09-17 14:48:00,23297.95,23309.3,23297.35,23306.35,0.0
2026-09-17 14:49:00,23307.0,23311.65,23300.9,23302.15,0.0
2026-09-17 14:50:00,23302.25,23306.05,23297.5,23301.7,0.0
2026-09-17 14:51:00,23302.5,23305.5,23299.2,23301.25,0.0
2026-09-17 14:52:00,23300.65,23306.15,23299.8,23301.6,0.0
2026-09-17 14:53:00,23302.65,23303.3,23298.05,23298.95,0.0
2026-09-17 14:54:00,23299.7,23300.25,23295.15,23297.45,0.0
2026-09-17 14:55:00,23297.25,23298.8,23292.15,23293.2,0.0
2026-09-17 14:56:00,23294.0,23296.45,23287.25,23287.65,0.0
2026-09-17 14:57:00,23288.8,23289.5,23283.75,23286.25,0.0
2026-09-17 14:58:00,23286.85,23289.1,23283.45,23286.35,0.0
2026-09-17 14:59:00,23286.6,23287.6,23283.85,23285.0,0.0
2026-09-17 15:00:00,23284.65,23289.7,23278.75,23286.95,0.0
2026-09-17 15:01:00,23286.5,23290.9,23286.35,23288.85,0.0
2026-09-17 15:02:00,23288.5,23290.85,23286.5,23288.6,0.0
2026-09-17 15:03:00,23287.8,23293.7,23285.8,23286.8,0.0
2026-09-17 15:04:00,23286.5,23290.5,23283.4,23284.4,0.0
2026-09-17 15:05:00,23285.25,23289.6,23284.8,23285.9,0.0
2026-09-17 15:06:00,23285.6,23287.85,23283.9,23286.6,0.0
2026-09-17 15:07:00,23285.6,23290.85,23283.65,23285.1,0.0
2026-09-17 15:08:00,23285.0,23286.65,23282.35,23284.15,0.0
2026-09-17 15:09:00,23284.25,23286.65,23280.9,23283.0,0.0
2026-09-17 15:10:00,23282.6,23286.9,23281.3,23282.85,0.0
2026-09-17 15:11:00,23282.05,23284.0,23278.95,23281.1,0.0
2026-09-17 15:12:00,23281.55,23288.2,23279.7,23280.7,0.0
2026-09-17 15:13:00,23282.75,23292.45,23280.95,23290.0,0.0
2026-09-17 15:14:00,23289.05,23298.15,23285.4,23294.5,0.0
2026-09-17 15:28:00,23270.6,23270.6,23270.6,23270.6,0.0
2026-09-18 09:15:00,23334.7,23360.55,23324.5,23335.25,0.0
2026-09-18 09:16:00,23334.4,23345.15,23323.8,23344.35,0.0
2026-09-18 09:17:00,23343.45,23349.8,23339.05,23343.5,0.0
2026-09-18 09:18:00,23343.05,23348.2,23319.3,23321.1,0.0
2026-09-18 09:19:00,23320.2,23325.65,23315.4,23323.45,0.0
2026-09-18 09:20:00,23323.8,23325.15,23305.05,23311.15,0.0
2026-09-18 09:21:00,23310.65,23312.75,23306.95,23310.85,0.0
2026-09-18 09:22:00,23309.9,23322.0,23309.1,23314.25,0.0
2026-09-18 09:23:00,23314.15,23329.1,23312.85,23327.45,0.0
2026-09-18 09:24:00,23326.8,23332.65,23324.35,23328.25,0.0
2026-09-18 09:25:00,23328.0,23328.0,23316.55,23316.85,0.0
2026-09-18 09:26:00,23317.0,23319.45,23309.05,23311.05,0.0
2026-09-18 09:27:00,23310.95,23310.95,23297.45,23298.0,0.0
2026-09-18 09:28:00,23297.65,23298.15,23291.8,23295.85,0.0
2026-09-18 09:29:00,23295.65,23305.05,23293.5,23300.95,0.0
2026-09-18 09:30:00,23300.75,23305.95,23291.95,23298.0,0.0
2026-09-18 09:31:00,23295.8,23303.65,23292.2,23297.1,0.0
2026-09-18 09:32:00,23296.8,23299.85,23290.85,23297.7,0.0
2026-09-18 09:33:00,23296.8,23299.3,23288.25,23292.9,0.0
2026-09-18 09:34:00,23292.6,23298.55,23288.7,23289.55,0.0
2026-09-18 09:35:00,23289.5,23296.9,23286.6,23295.35,0.0
2026-09-18 09:36:00,23294.75,23318.95,23294.75,23315.75,0.0
2026-09-18 09:37:00,23315.35,23315.65,23304.45,23308.85,0.0
2026-09-18 09:38:00,23308.25,23313.95,23308.25,23309.15,0.0
2026-09-18 09:39:00,23309.35,23320.75,23307.2,23317.9,0.0
2026-09-18 09:40:00,23317.0,23321.6,23313.4,23319.45,0.0
2026-09-18 09:41:00,23318.25,23319.6,23313.3,23317.25,0.0
2026-09-18 09:42:00,23316.65,23325.1,23315.75,23320.8,0.0
2026-09-18 09:43:00,23320.3,23320.75,23306.8,23307.9,0.0
2026-09-18 09:44:00,23307.75,23312.85,23302.05,23312.85,0.0
2026-09-18 09:45:00,23312.2,23315.2,23306.75,23308.15,0.0
2026-09-18 09:46:00,23307.8,23312.0,23305.0,23310.7,0.0
2026-09-18 09:47:00,23309.9,23313.8,23308.2,23313.7,0.0
2026-09-18 09:48:00,23313.35,23321.45,23313.2,23320.65,0.0
2026-09-18 09:49:00,23319.95,23323.5,23310.65,23312.3,0.0
2026-09-18 09:50:00,23311.75,23315.75,23308.45,23310.45,0.0
2026-09-18 09:51:00,23310.0,23315.05,23307.25,23313.1,0.0
2026-09-18 09:52:00,23312.45,23318.6,23311.0,23318.05,0.0
2026-09-18 09:53:00,23317.75,23323.65,23317.65,23322.0,0.0
2026-09-18 09:54:00,23321.8,23326.35,23321.55,23325.9,0.0
2026-09-18 09:55:00,23325.6,23332.8,23323.3,23324.95,0.0
2026-09-18 09:56:00,23324.5,23327.65,23318.8,23326.75,0.0
2026-09-18 09:57:00,23326.35,23338.4,23325.55,23329.05,0.0
2026-09-18 09:58:00,23328.7,23333.05,23326.5,23327.7,0.0
2026-09-18 09:59:00,23326.75,23332.85,23325.05,23328.75,0.0
2026-09-18 10:00:00,23328.35,23332.0,23325.0,23330.35,0.0
2026-09-18 10:01:00,23329.9,23332.95,23328.5,23328.95,0.0
2026-09-18 10:02:00,23328.45,23330.15,23324.95,23326.75,0.0
2026-09-18 10:03:00,23327.1,23327.25,23319.95,23320.0,0.0
2026-09-18 10:04:00,23319.8,23323.7,23318.05,23320.6,0.0
2026-09-18 10:05:00,23320.0,23329.05,23318.95,23326.45,0.0
2026-09-18 10:06:00,23326.25,23327.3,23312.65,23314.15,0.0
2026-09-18 10:07:00,23314.0,23319.65,23309.0,23318.6,0.0
2026-09-18 10:08:00,23318.55,23327.4,23317.45,23327.05,0.0
2026-09-18 10:09:00,23326.6,23332.35,23320.2,23325.05,0.0
2026-09-18 10:10:00,23324.25,23331.55,23324.2,23327.95,0.0
2026-09-18 10:11:00,23327.0,23329.8,23326.6,23328.5,0.0
2026-09-18 10:12:00,23327.9,23331.4,23325.15,23325.65,0.0
2026-09-18 10:13:00,23325.9,23330.95,23325.5,23329.4,0.0
2026-09-18 10:14:00,23328.65,23331.35,23326.25,23327.6,0.0
2026-09-18 10:15:00,23327.05,23332.0,23326.05,23327.0,0.0
2026-09-18 10:16:00,23326.55,23327.55,23322.5,23323.25,0.0
2026-09-18 10:17:00,23323.0,23328.0,23322.65,23325.6,0.0
2026-09-18 10:18:00,23324.8,23327.7,23322.55,23323.4,0.0
2026-09-18 10:19:00,23323.05,23324.85,23318.35,23319.55,0.0
2026-09-18 10:20:00,23319.1,23322.45,23317.1,23322.45,0.0
2026-09-18 10:21:00,23322.05,23325.85,23320.4,23322.05,0.0
2026-09-18 10:22:00,23322.0,23323.2,23316.25,23319.35,0.0
2026-09-18 10:23:00,23319.15,23320.2,23315.0,23315.35,0.0
2026-09-18 10:24:00,23315.2,23315.75,23304.3,23306.7,0.0
2026-09-18 10:25:00,23306.4,23312.9,23305.45,23308.25,0.0
2026-09-18 10:26:00,23308.05,23310.1,23303.65,23304.2,0.0
2026-09-18 10:27:00,23303.75,23306.8,23299.75,23304.8,0.0
2026-09-18 10:28:00,23304.4,23313.65,23304.1,23312.1,0.0
2026-09-18 10:29:00,23311.55,23314.2,23309.15,23312.55,0.0
2026-09-18 10:30:00,23312.25,23316.9,23312.05,23314.95,0.0
2026-09-18 10:31:00,23314.75,23317.3,23307.9,23308.6,0.0
2026-09-18 10:32:00,23308.75,23309.2,23300.15,23302.2,0.0
2026-09-18 10:33:00,23301.75,23305.1,23299.95,23300.0,0.0
2026-09-18 10:34:00,23299.55,23305.3,23299.15,23304.2,0.0
2026-09-18 10:35:00,23303.8,23307.3,23300.5,23302.85,0.0
2026-09-18 10:36:00,23303.2,23305.2,23300.85,23301.15,0.0
2026-09-18 10:37:00,23301.0,23306.65,23299.7,23306.0,0.0
2026-09-18 10:38:00,23306.45,23310.75,23304.35,23304.35,0.0
2026-09-18 10:39:00,23304.4,23310.15,23302.9,23302.9,0.0
2026-09-18 10:40:00,23302.5,23303.55,23294.0,23295.95,0.0
2026-09-18 10:41:00,23295.1,23299.75,23294.7,23298.5,0.0
2026-09-18 10:42:00,23297.95,23308.65,23297.95,23302.0,0.0
2026-09-18 10:43:00,23301.85,23306.95,23301.85,23305.4,0.0
2026-09-18 10:44:00,23304.95,23306.45,23300.95,23305.0,0.0
2026-09-18 10:45:00,23304.85,23306.5,23302.9,23306.35,0.0
2026-09-18 10:46:00,23305.85,23307.75,23303.85,23305.1,0.0
2026-09-18 10:47:00,23304.45,23305.5,23299.8,23302.45,0.0
2026-09-18 10:48:00,23302.2,23306.0,23301.45,23302.05,0.0
2026-09-18 10:49:00,23302.35,23303.4,23297.7,23302.25,0.0
2026-09-18 10:50:00,23301.2,23305.5,23300.9,23303.55,0.0
2026-09-18 10:51:00,23303.25,23311.3,23303.1,23310.25,0.0
2026-09-18 10:52:00,23309.8,23316.2,23308.85,23309.7,0.0
2026-09-18 10:53:00,23308.7,23310.65,23306.65,23308.6,0.0
2026-09-18 10:54:00,23308.5,23310.8,23307.9,23309.2,0.0
2026-09-18 10:55:00,23308.95,23314.6,23307.9,23312.45,0.0
2026-09-18 10:56:00,23311.75,23312.5,23308.3,23310.25,0.0
2026-09-18 10:57:00,23309.7,23313.85,23309.4,23311.65,0.0
2026-09-18 10:58:00,23310.95,23312.5,23305.25,23305.65,0.0
2026-09-18 10:59:00,23305.5,23312.45,23304.9,23309.15,0.0
2026-09-18 11:00:00,23309.0,23312.85,23308.65,23312.3,0.0
2026-09-18 11:01:00,23312.45,23313.3,23302.1,23303.1,0.0
2026-09-18 11:02:00,23302.9,23309.95,23300.45,23307.15,0.0
2026-09-18 11:03:00,23306.8,23309.4,23304.6,23305.6,0.0
2026-09-18 11:04:00,23305.85,23308.7,23299.65,23299.75,0.0
2026-09-18 11:05:00,23299.55,23300.45,23289.75,23292.55,0.0
2026-09-18 11:06:00,23292.35,23297.9,23291.65,23297.55,0.0
2026-09-18 11:07:00,23297.25,23302.15,23297.25,23299.65,0.0
2026-09-18 11:08:00,23299.55,23302.95,23299.5,23300.9,0.0
2026-09-18 11:09:00,23300.15,23304.9,23300.05,23302.6,0.0
2026-09-18 11:10:00,23302.45,23304.75,23299.9,23302.15,0.0
2026-09-18 11:11:00,23301.8,23309.65,23301.8,23306.8,0.0
2026-09-18 11:12:00,23306.3,23309.0,23300.1,23300.9,0.0
2026-09-18 11:13:00,23300.8,23303.4,23298.7,23301.95,0.0
2026-09-18 11:14:00,23301.8,23305.75,23301.75,23304.35,0.0
2026-09-18 11:15:00,23303.65,23306.6,23302.3,23302.35,0.0
2026-09-18 11:16:00,23302.25,23305.45,23300.95,23301.7,0.0
2026-09-18 11:17:00,23301.35,23302.15,23296.45,23296.9,0.0
2026-09-18 11:18:00,23296.75,23298.25,23292.55,23293.3,0.0
2026-09-18 11:19:00,23293.2,23297.0,23292.85,23295.6,0.0
2026-09-18 11:20:00,23295.1,23301.75,23295.05,23300.2,0.0
2026-09-18 11:21:00,23300.05,23303.4,23299.1,23300.0,0.0
2026-09-18 11:22:00,23298.65,23304.55,23298.65,23302.2,0.0
2026-09-18 11:23:00,23301.6,23305.0,23301.15,23302.5,0.0
2026-09-18 11:24:00,23302.15,23303.65,23300.0,23301.7,0.0
2026-09-18 11:25:00,23301.2,23301.9,23295.8,23296.7,0.0
2026-09-18 11:26:00,23296.1,23297.8,23294.3,23294.95,0.0
2026-09-18 11:27:00,23294.6,23299.45,23294.6,23298.5,0.0
2026-09-18 11:28:00,23298.15,23298.55,23294.15,23295.95,0.0
2026-09-18 11:29:00,23295.4,23297.75,23291.55,23294.75,0.0
2026-09-18 11:30:00,23294.5,23306.8,23293.35,23303.8,0.0
2026-09-18 11:31:00,23303.5,23303.7,23293.95,23295.95,0.0
2026-09-18 11:32:00,23295.55,23301.35,23295.55,23299.05,0.0
2026-09-18 11:33:00,23299.15,23301.15,23291.7,23294.5,0.0
2026-09-18 11:34:00,23294.3,23300.7,23293.25,23299.45,0.0
2026-09-18 11:35:00,23299.0,23301.6,23296.8,23298.65,0.0
2026-09-18 11:36:00,23298.35,23303.1,23297.95,23301.85,0.0
2026-09-18 11:37:00,23301.4,23304.15,23300.4,23300.95,0.0
2026-09-18 11:38:00,23300.45,23303.4,23297.65,23299.9,0.0
2026-09-18 11:39:00,23300.05,23303.1,23298.05,23301.6,0.0
2026-09-18 11:40:00,23301.2,23301.95,23296.35,23300.25,0.0
2026-09-18 11:41:00,23300.55,23303.7,23298.85,23302.15,0.0
2026-09-18 11:42:00,23301.95,23304.5,23300.9,23302.3,0.0
2026-09-18 11:43:00,23302.1,23303.45,23297.35,23299.35,0.0
2026-09-18 11:44:00,23298.65,23301.15,23297.5,23298.55,0.0
2026-09-18 11:45:00,23298.2,23307.6,23298.2,23307.6,0.0
2026-09-18 11:46:00,23305.35,23312.5,23304.85,23308.25,0.0
2026-09-18 11:47:00,23308.3,23310.05,23303.1,23306.15,0.0
2026-09-18 11:48:00,23305.7,23308.35,23304.1,23306.25,0.0
2026-09-18 11:49:00,23305.7,23313.15,23305.2,23310.6,0.0
2026-09-18 11:50:00,23310.35,23313.65,23309.5,23312.0,0.0
2026-09-18 11:51:00,23311.5,23312.85,23306.5,23311.85,0.0
2026-09-18 11:52:00,23311.5,23321.15,23311.45,23319.25,0.0
2026-09-18 11:53:00,23319.0,23324.9,23317.3,23322.1,0.0
2026-09-18 11:54:00,23321.8,23325.4,23320.15,23321.3,0.0
2026-09-18 11:55:00,23320.9,23323.25,23316.75,23318.0,0.0
2026-09-18 11:56:00,23317.25,23320.05,23315.8,23317.9,0.0
2026-09-18 11:57:00,23317.25,23327.45,23317.0,23325.6,0.0
2026-09-18 11:58:00,23325.5,23332.75,23321.25,23323.75,0.0
2026-09-18 11:59:00,23323.35,23324.75,23317.0,23317.5,0.0
2026-09-18 12:00:00,23317.7,23332.3,23316.7,23327.8,0.0
2026-09-18 12:01:00,23327.35,23330.85,23324.35,23324.5,0.0
2026-09-18 12:02:00,23323.95,23328.35,23322.8,23325.25,0.0
2026-09-18 12:03:00,23324.65,23326.15,23320.45,23321.8,0.0
2026-09-18 12:04:00,23322.15,23323.0,23312.3,23313.85,0.0
2026-09-18 12:05:00,23313.75,23315.55,23310.35,23311.5,0.0
2026-09-18 12:06:00,23311.1,23317.25,23307.45,23314.7,0.0
2026-09-18 12:07:00,23314.3,23318.65,23313.3,23315.65,0.0
2026-09-18 12:08:00,23315.1,23317.75,23309.9,23311.35,0.0
2026-09-18 12:09:00,23309.95,23314.25,23307.45,23311.45,0.0
2026-09-18 12:10:00,23311.35,23317.15,23311.3,23313.9,0.0
2026-09-18 12:11:00,23313.3,23318.7,23312.3,23317.9,0.0
2026-09-18 12:12:00,23317.6,23323.1,23316.4,23319.65,0.0
2026-09-18 12:13:00,23319.45,23323.55,23318.05,23322.8,0.0
2026-09-18 12:14:00,23322.3,23323.1,23319.15,23320.9,0.0
2026-09-18 12:15:00,23320.65,23321.4,23317.45,23318.6,0.0
2026-09-18 12:16:00,23317.8,23322.45,23317.7,23319.45,0.0
2026-09-18 12:17:00,23319.15,23320.9,23316.1,23316.65,0.0
2026-09-18 12:18:00,23316.25,23317.7,23313.7,23315.3,0.0
2026-09-18 12:19:00,23314.95,23316.65,23309.7,23311.35,0.0
2026-09-18 12:20:00,23310.9,23311.3,23305.95,23310.9,0.0
2026-09-18 12:21:00,23310.15,23313.75,23308.65,23312.2,0.0
2026-09-18 12:22:00,23311.9,23313.75,23309.15,23310.25,0.0
2026-09-18 12:23:00,23309.8,23316.15,23309.8,23313.55,0.0
2026-09-18 12:24:00,23313.4,23320.8,23313.05,23316.05,0.0
2026-09-18 12:25:00,23316.1,23318.35,23312.8,23313.6,0.0
2026-09-18 12:26:00,23313.05,23317.65,23311.5,23311.8,0.0
2026-09-18 12:27:00,23311.85,23316.45,23310.2,23314.75,0.0
2026-09-18 12:28:00,23314.5,23323.65,23313.8,23318.95,0.0
2026-09-18 12:29:00,23318.85,23323.55,23317.5,23322.2,0.0
2026-09-18 12:30:00,23322.05,23327.95,23321.05,23325.15,0.0
2026-09-18 12:31:00,23324.75,23328.65,23324.5,23325.5,0.0
2026-09-18 12:32:00,23325.1,23327.5,23324.25,23324.55,0.0
2026-09-18 12:33:00,23323.9,23327.3,23322.45,23323.3,0.0
2026-09-18 12:34:00,23322.8,23325.1,23321.85,23323.55,0.0
2026-09-18 12:35:00,23323.0,23327.6,23322.65,23325.95,0.0
2026-09-18 12:36:00,23325.65,23332.7,23325.6,23331.15,0.0
2026-09-18 12:37:00,23330.1,23334.25,23329.9,23332.5,0.0
2026-09-18 12:38:00,23332.2,23335.55,23327.45,23328.0,0.0
2026-09-18 12:39:00,23327.45,23330.05,23322.45,23325.95,0.0
2026-09-18 12:40:00,23325.4,23328.7,23324.5,23326.8,0.0
2026-09-18 12:41:00,23326.55,23330.45,23325.25,23328.05,0.0
2026-09-18 12:42:00,23328.15,23333.05,23327.85,23331.7,0.0
2026-09-18 12:43:00,23331.5,23336.65,23330.35,23334.15,0.0
2026-09-18 12:44:00,23333.95,23339.5,23330.55,23331.05,0.0
2026-09-18 12:45:00,23330.45,23332.05,23326.55,23331.1,0.0
2026-09-18 12:46:00,23330.2,23332.1,23328.35,23330.35,0.0
2026-09-18 12:47:00,23330.3,23333.7,23328.9,23330.4,0.0
2026-09-18 12:48:00,23329.6,23332.3,23326.15,23326.15,0.0
2026-09-18 12:49:00,23325.9,23328.4,23323.95,23325.6,0.0
2026-09-18 12:50:00,23325.15,23329.3,23325.15,23326.2,0.0
2026-09-18 12:51:00,23325.55,23328.8,23323.6,23324.45,0.0
2026-09-18 12:52:00,23324.15,23327.1,23323.45,23326.45,0.0
2026-09-18 12:53:00,23325.8,23330.15,23325.25,23326.45,0.0
2026-09-18 12:54:00,23325.7,23330.95,23325.5,23330.0,0.0
2026-09-18 12:55:00,23329.5,23331.1,23326.55,23327.85,0.0
2026-09-18 12:56:00,23327.3,23332.35,23327.05,23328.8,0.0
2026-09-18 12:57:00,23328.35,23329.2,23323.75,23325.6,0.0
2026-09-18 12:58:00,23325.45,23329.2,23322.75,23322.75,0.0
2026-09-18 12:59:00,23323.15,23331.8,23321.8,23329.6,0.0
2026-09-18 13:00:00,23329.3,23332.9,23328.9,23330.55,0.0
2026-09-18 13:01:00,23330.4,23335.45,23330.0,23334.2,0.0
2026-09-18 13:02:00,23333.45,23338.9,23332.1,23337.65,0.0
2026-09-18 13:03:00,23337.1,23338.7,23334.0,23335.85,0.0
2026-09-18 13:04:00,23335.8,23342.55,23335.75,23337.4,0.0
2026-09-18 13:05:00,23337.15,23339.4,23331.85,23333.5,0.0
2026-09-18 13:06:00,23333.45,23338.8,23332.05,23334.9,0.0
2026-09-18 13:07:00,23334.45,23337.4,23332.35,23336.25,0.0
2026-09-18 13:08:00,23335.4,23339.5,23333.25,23336.4,0.0
2026-09-18 13:09:00,23336.1,23337.65,23332.75,23333.55,0.0
2026-09-18 13:10:00,23333.5,23334.8,23331.0,23333.05,0.0
2026-09-18 13:11:00,23332.2,23334.95,23327.3,23328.2,0.0
2026-09-18 13:12:00,23328.0,23334.85,23327.3,23331.8,0.0
2026-09-18 13:13:00,23331.5,23335.25,23329.15,23329.45,0.0
2026-09-18 13:14:00,23329.55,23333.0,23327.65,23330.05,0.0
2026-09-18 13:15:00,23330.25,23331.95,23324.2,23325.25,0.0
2026-09-18 13:16:00,23324.25,23327.2,23323.4,23325.15,0.0
2026-09-18 13:17:00,23324.95,23330.4,23324.8,23326.6,0.0
2026-09-18 13:18:00,23326.45,23327.95,23321.9,23323.35,0.0
2026-09-18 13:19:00,23323.0,23325.85,23320.7,23323.6,0.0
2026-09-18 13:20:00,23323.45,23323.7,23319.65,23320.45,0.0
2026-09-18 13:21:00,23319.95,23324.7,23319.15,23323.75,0.0
2026-09-18 13:22:00,23323.2,23327.5,23322.35,23324.25,0.0
2026-09-18 13:23:00,23323.5,23328.15,23322.05,23323.7,0.0
2026-09-18 13:24:00,23323.3,23330.3,23321.3,23322.9,0.0
2026-09-18 13:25:00,23322.4,23325.6,23318.45,23322.2,0.0
2026-09-18 13:26:00,23321.8,23326.35,23321.55,23325.55,0.0
2026-09-18 13:27:00,23325.3,23327.45,23322.45,23323.5,0.0
2026-09-18 13:28:00,23323.35,23329.5,23320.3,23323.65,0.0
2026-09-18 13:29:00,23322.2,23325.75,23321.4,23323.7,0.0
2026-09-18 13:30:00,23323.6,23327.1,23323.15,23325.6,0.0
2026-09-18 13:31:00,23325.25,23326.8,23319.85,23324.6,0.0
2026-09-18 13:32:00,23324.05,23329.35,23323.4,23327.45,0.0
2026-09-18 13:33:00,23327.05,23330.2,23325.55,23329.3,0.0
2026-09-18 13:34:00,23328.95,23334.1,23326.3,23326.4,0.0
2026-09-18 13:35:00,23325.95,23328.3,23322.95,23323.7,0.0
2026-09-18 13:36:00,23323.65,23324.0,23319.1,23320.35,0.0
2026-09-18 13:37:00,23319.9,23326.95,23319.8,23326.35,0.0
2026-09-18 13:38:00,23326.1,23328.45,23324.15,23326.9,0.0
2026-09-18 13:39:00,23326.25,23329.6,23322.6,23322.8,0.0
2026-09-18 13:40:00,23322.15,23323.75,23318.1,23320.55,0.0
2026-09-18 13:41:00,23320.35,23322.0,23317.55,23318.55,0.0
2026-09-18 13:42:00,23317.9,23321.7,23315.4,23315.5,0.0
2026-09-18 13:43:00,23314.9,23317.35,23312.8,23313.5,0.0
2026-09-18 13:44:00,23313.35,23315.55,23309.4,23310.05,0.0
2026-09-18 13:45:00,23308.9,23310.3,23304.7,23309.1,0.0
2026-09-18 13:46:00,23309.15,23315.25,23309.15,23314.5,0.0
2026-09-18 13:47:00,23314.0,23322.4,23311.4,23318.6,0.0
2026-09-18 13:48:00,23317.65,23318.65,23311.55,23312.75,0.0
2026-09-18 13:49:00,23312.15,23315.2,23310.95,23313.75,0.0
2026-09-18 13:50:00,23313.5,23319.2,23312.9,23318.8,0.0
2026-09-18 13:51:00,23318.35,23330.5,23318.2,23327.05,0.0
2026-09-18 13:52:00,23327.2,23332.35,23327.15,23328.65,0.0
2026-09-18 13:53:00,23327.05,23330.05,23326.05,23328.85,0.0
2026-09-18 13:54:00,23329.2,23333.35,23328.05,23331.15,0.0
2026-09-18 13:55:00,23330.9,23335.3,23329.9,23332.05,0.0
2026-09-18 13:56:00,23331.1,23333.95,23328.45,23333.1,0.0
2026-09-18 13:57:00,23332.4,23335.1,23331.3,23333.75,0.0
2026-09-18 13:58:00,23332.8,23337.3,23332.35,23334.1,0.0
2026-09-18 13:59:00,23333.25,23334.7,23328.4,23329.5,0.0
2026-09-18 14:00:00,23328.65,23332.05,23328.0,23330.8,0.0
2026-09-18 14:01:00,23330.2,23332.65,23327.85,23330.0,0.0
2026-09-18 14:02:00,23329.25,23331.05,23327.25,23330.45,0.0
2026-09-18 14:03:00,23330.1,23334.6,23328.85,23333.25,0.0
2026-09-18 14:04:00,23332.4,23337.2,23330.6,23336.55,0.0
2026-09-18 14:05:00,23335.45,23343.5,23335.45,23342.9,0.0
2026-09-18 14:06:00,23341.6,23343.65,23336.7,23342.3,0.0
2026-09-18 14:07:00,23341.55,23347.0,23341.3,23345.7,0.0
2026-09-18 14:08:00,23345.2,23349.8,23344.05,23345.5,0.0
2026-09-18 14:09:00,23344.2,23357.95,23344.05,23355.8,0.0
2026-09-18 14:10:00,23354.9,23359.55,23354.7,23357.35,0.0
2026-09-18 14:11:00,23356.8,23359.5,23355.7,23357.75,0.0
2026-09-18 14:12:00,23356.25,23358.4,23353.45,23353.45,0.0
2026-09-18 14:13:00,23353.0,23354.45,23346.95,23347.55,0.0
2026-09-18 14:14:00,23347.0,23352.55,23347.0,23348.45,0.0
2026-09-18 14:15:00,23347.4,23354.15,23346.25,23350.3,0.0
2026-09-18 14:16:00,23350.65,23356.9,23349.55,23354.95,0.0
2026-09-18 14:17:00,23353.95,23357.1,23353.3,23354.95,0.0
2026-09-18 14:18:00,23354.15,23355.6,23350.0,23352.0,0.0
2026-09-18 14:19:00,23351.5,23356.05,23349.9,23352.9,0.0
2026-09-18 14:20:00,23351.7,23357.15,23351.7,23354.65,0.0
2026-09-18 14:21:00,23353.9,23358.8,23353.9,23356.4,0.0
2026-09-18 14:22:00,23355.8,23361.15,23355.75,23360.15,0.0
2026-09-18 14:23:00,23358.25,23362.0,23354.85,23356.55,0.0
2026-09-18 14:24:00,23355.35,23358.3,23352.7,23353.7,0.0
2026-09-18 14:25:00,23352.5,23356.25,23351.2,23352.65,0.0
2026-09-18 14:26:00,23352.6,23353.95,23350.9,23353.05,0.0
2026-09-18 14:27:00,23352.2,23360.4,23352.15,23359.45,0.0
2026-09-18 14:28:00,23358.65,23364.0,23357.55,23363.0,0.0
2026-09-18 14:29:00,23362.85,23366.4,23362.85,23365.95,0.0
2026-09-18 14:30:00,23364.65,23370.6,23364.65,23370.0,0.0
2026-09-18 14:31:00,23368.5,23371.15,23364.6,23366.4,0.0
2026-09-18 14:32:00,23365.35,23371.8,23365.35,23371.4,0.0
2026-09-18 14:33:00,23370.35,23376.25,23369.95,23370.3,0.0
2026-09-18 14:34:00,23369.1,23373.15,23368.4,23371.6,0.0
2026-09-18 14:35:00,23370.65,23371.95,23368.15,23370.65,0.0
2026-09-18 14:36:00,23370.4,23371.45,23368.3,23369.85,0.0
2026-09-18 14:37:00,23369.1,23370.8,23366.7,23368.75,0.0
2026-09-18 14:38:00,23367.85,23369.45,23365.8,23366.6,0.0
2026-09-18 14:39:00,23365.6,23369.55,23365.6,23366.5,0.0
2026-09-18 14:40:00,23365.35,23367.95,23363.15,23365.4,0.0
2026-09-18 14:41:00,23365.1,23368.7,23363.05,23363.6,0.0
2026-09-18 14:42:00,23362.5,23365.45,23361.85,23362.4,0.0
2026-09-18 14:43:00,23361.65,23362.85,23358.8,23359.15,0.0
2026-09-18 14:44:00,23358.5,23360.05,23353.65,23354.1,0.0
2026-09-18 14:45:00,23354.2,23361.3,23352.3,23361.1,0.0
2026-09-18 14:46:00,23359.6,23363.1,23359.1,23362.9,0.0
2026-09-18 14:47:00,23362.1,23365.55,23360.8,23365.35,0.0
2026-09-18 14:48:00,23364.95,23366.35,23361.65,23364.2,0.0
2026-09-18 14:49:00,23364.55,23368.55,23363.6,23367.5,0.0
2026-09-18 14:50:00,23367.45,23372.95,23366.8,23370.9,0.0
2026-09-18 14:51:00,23370.5,23377.1,23370.35,23373.0,0.0
2026-09-18 14:52:00,23372.45,23383.05,23372.4,23381.55,0.0
2026-09-18 14:53:00,23382.55,23385.85,23379.1,23381.2,0.0
2026-09-18 14:54:00,23381.3,23386.55,23381.25,23383.55,0.0
2026-09-18 14:55:00,23381.9,23386.65,23381.6,23383.4,0.0
2026-09-18 14:56:00,23383.75,23385.85,23382.6,23382.8,0.0
2026-09-18 14:57:00,23381.8,23382.9,23378.95,23380.4,0.0
2026-09-18 14:58:00,23379.7,23389.15,23379.0,23386.85,0.0
2026-09-18 14:59:00,23385.55,23388.3,23383.05,23384.15,0.0
2026-09-18 15:00:00,23383.8,23383.8,23368.0,23368.0,0.0
2026-09-18 15:01:00,23367.05,23368.55,23360.6,23363.5,0.0
2026-09-18 15:02:00,23362.95,23363.55,23355.25,23356.6,0.0
2026-09-18 15:03:00,23356.25,23363.9,23356.25,23358.35,0.0
2026-09-18 15:04:00,23356.4,23359.35,23351.7,23352.05,0.0
2026-09-18 15:05:00,23351.65,23354.05,23349.65,23354.05,0.0
2026-09-18 15:06:00,23352.7,23358.4,23352.1,23353.75,0.0
2026-09-18 15:07:00,23352.65,23353.95,23346.3,23348.3,0.0
2026-09-18 15:08:00,23347.65,23348.6,23341.2,23342.85,0.0
2026-09-18 15:09:00,23342.5,23345.75,23340.0,23343.75,0.0
2026-09-18 15:10:00,23343.4,23344.65,23339.65,23340.5,0.0
2026-09-18 15:11:00,23339.2,23344.85,23339.2,23344.0,0.0
2026-09-18 15:12:00,23343.75,23344.15,23333.45,23337.6,0.0
2026-09-18 15:13:00,23336.9,23347.25,23335.3,23343.35,0.0
2026-09-18 15:14:00,23345.05,23346.85,23332.4,23341.85,0.0
2026-09-18 15:28:00,23346.4,23346.4,23346.4,23346.4,0.0
2026-09-21 09:15:00,23330.2,23376.2,23314.8,23345.0,0.0
2026-09-21 09:16:00,23345.85,23364.0,23331.0,23361.75,0.0
2026-09-21 09:17:00,23362.6,23385.9,23361.25,23384.7,0.0
2026-09-21 09:18:00,23384.35,23396.7,23377.45,23388.25,0.0
2026-09-21 09:19:00,23387.95,23389.5,23379.8,23384.65,0.0
2026-09-21 09:20:00,23386.15,23391.3,23376.25,23381.0,0.0
2026-09-21 09:21:00,23381.8,23385.85,23376.5,23377.25,0.0
2026-09-21 09:22:00,23376.65,23382.1,23372.7,23376.15,0.0
2026-09-21 09:23:00,23376.3,23387.0,23374.55,23380.15,0.0
2026-09-21 09:24:00,23380.55,23383.55,23375.05,23376.8,0.0
2026-09-21 09:25:00,23376.65,23387.9,23375.25,23386.1,0.0
2026-09-21 09:26:00,23386.25,23391.3,23381.7,23391.15,0.0
2026-09-21 09:27:00,23390.4,23399.25,23389.8,23393.5,0.0
2026-09-21 09:28:00,23393.7,23398.6,23390.7,23392.85,0.0
2026-09-21 09:29:00,23393.25,23402.95,23391.95,23400.25,0.0
2026-09-21 09:30:00,23399.8,23406.25,23398.35,23402.9,0.0
2026-09-21 09:31:00,23402.45,23406.15,23397.15,23399.1,0.0
2026-09-21 09:32:00,23399.5,23403.3,23395.6,23397.2,0.0
2026-09-21 09:33:00,23397.35,23400.25,23395.25,23398.7,0.0
2026-09-21 09:34:00,23398.4,23398.4,23390.1,23395.85,0.0
2026-09-21 09:35:00,23396.0,23406.35,23395.75,23405.25,0.0
2026-09-21 09:36:00,23405.2,23407.8,23394.7,23396.7,0.0
2026-09-21 09:37:00,23397.6,23397.6,23389.0,23389.95,0.0
2026-09-21 09:38:00,23390.25,23396.05,23389.5,23392.35,0.0
2026-09-21 09:39:00,23392.55,23397.55,23391.3,23392.45,0.0
2026-09-21 09:40:00,23392.6,23393.9,23386.65,23387.3,0.0
2026-09-21 09:41:00,23387.7,23393.85,23385.8,23389.8,0.0
2026-09-21 09:42:00,23390.05,23393.55,23386.6,23387.05,0.0
2026-09-21 09:43:00,23387.2,23393.55,23387.2,23390.65,0.0
2026-09-21 09:44:00,23390.35,23396.95,23389.6,23393.2,0.0
2026-09-21 09:45:00,23392.6,23398.2,23392.6,23397.35,0.0
2026-09-21 09:46:00,23396.85,23401.45,23396.8,23400.8,0.0
2026-09-21 09:47:00,23400.5,23401.95,23392.9,23393.55,0.0
2026-09-21 09:48:00,23393.4,23404.35,23393.1,23402.95,0.0
2026-09-21 09:49:00,23402.45,23410.75,23400.5,23401.5,0.0
2026-09-21 09:50:00,23401.35,23405.0,23400.75,23401.3,0.0
2026-09-21 09:51:00,23401.65,23406.4,23401.65,23404.3,0.0
2026-09-21 09:52:00,23403.8,23404.85,23400.45,23402.3,0.0
2026-09-21 09:53:00,23402.35,23404.05,23397.65,23398.8,0.0
2026-09-21 09:54:00,23399.15,23400.1,23393.3,23394.55,0.0
2026-09-21 09:55:00,23394.7,23397.8,23393.6,23395.85,0.0
2026-09-21 09:56:00,23395.45,23398.3,23392.25,23393.15,0.0
2026-09-21 09:57:00,23393.05,23405.8,23392.9,23403.4,0.0
2026-09-21 09:58:00,23402.3,23403.0,23390.85,23391.95,0.0
2026-09-21 09:59:00,23390.95,23395.85,23389.55,23394.85,0.0
2026-09-21 10:00:00,23395.2,23398.9,23391.55,23392.0,0.0
2026-09-21 10:01:00,23393.2,23395.9,23391.1,23391.35,0.0
2026-09-21 10:02:00,23391.2,23392.3,23386.85,23387.45,0.0
2026-09-21 10:03:00,23387.8,23388.5,23383.55,23383.9,0.0
2026-09-21 10:04:00,23383.8,23385.4,23378.3,23382.9,0.0
2026-09-21 10:05:00,23382.5,23389.6,23381.4,23383.9,0.0
2026-09-21 10:06:00,23384.05,23385.3,23377.55,23379.9,0.0
2026-09-21 10:07:00,23380.35,23381.85,23377.2,23379.25,0.0
2026-09-21 10:08:00,23379.65,23384.65,23379.4,23383.45,0.0
2026-09-21 10:09:00,23383.75,23387.6,23383.5,23385.75,0.0
2026-09-21 10:10:00,23384.7,23388.1,23383.85,23387.1,0.0
2026-09-21 10:11:00,23387.35,23392.95,23386.45,23392.3,0.0
2026-09-21 10:12:00,23392.35,23393.25,23388.65,23389.35,0.0
2026-09-21 10:13:00,23389.55,23390.3,23378.2,23378.9,0.0
2026-09-21 10:14:00,23379.75,23379.9,23373.0,23373.65,0.0
2026-09-21 10:15:00,23374.05,23374.4,23371.45,23372.55,0.0
2026-09-21 10:16:00,23372.5,23379.45,23371.65,23378.9,0.0
2026-09-21 10:17:00,23379.4,23380.75,23374.55,23375.4,0.0
2026-09-21 10:18:00,23374.9,23381.8,23374.9,23378.0,0.0
2026-09-21 10:19:00,23378.3,23380.4,23373.55,23374.65,0.0
2026-09-21 10:20:00,23374.9,23378.25,23373.2,23373.35,0.0
2026-09-21 10:21:00,23373.3,23373.75,23369.7,23372.5,0.0
2026-09-21 10:22:00,23373.2,23376.55,23372.1,23374.4,0.0
2026-09-21 10:23:00,23374.3,23380.0,23371.3,23377.4,0.0
2026-09-21 10:24:00,23376.85,23379.75,23372.4,23373.0,0.0
2026-09-21 10:25:00,23373.05,23373.05,23366.1,23367.2,0.0
2026-09-21 10:26:00,23366.75,23370.2,23365.75,23367.9,0.0
2026-09-21 10:27:00,23367.6,23368.25,23358.75,23359.8,0.0
2026-09-21 10:28:00,23361.1,23368.35,23360.7,23367.55,0.0
2026-09-21 10:29:00,23367.5,23373.15,23366.9,23372.75,0.0
2026-09-21 10:30:00,23372.85,23373.7,23367.65,23368.1,0.0
2026-09-21 10:31:00,23368.05,23372.4,23367.75,23371.15,0.0
2026-09-21 10:32:00,23370.5,23371.35,23364.6,23366.25,0.0
2026-09-21 10:33:00,23366.75,23368.7,23360.8,23362.45,0.0
2026-09-21 10:34:00,23362.3,23363.3,23356.95,23362.2,0.0
2026-09-21 10:35:00,23361.4,23365.55,23361.3,23364.7,0.0
2026-09-21 10:36:00,23364.9,23368.9,23364.35,23366.65,0.0
2026-09-21 10:37:00,23367.65,23367.85,23364.1,23366.45,0.0
2026-09-21 10:38:00,23365.55,23370.25,23365.5,23368.15,0.0
2026-09-21 10:39:00,23367.35,23369.6,23363.75,23365.05,0.0
2026-09-21 10:40:00,23364.75,23368.2,23364.5,23365.1,0.0
2026-09-21 10:41:00,23366.25,23373.5,23365.7,23371.05,0.0
2026-09-21 10:42:00,23372.0,23377.4,23370.95,23374.05,0.0
2026-09-21 10:43:00,23373.7,23376.95,23373.45,23374.65,0.0
2026-09-21 10:44:00,23374.55,23378.35,23374.5,23376.6,0.0
2026-09-21 10:45:00,23377.05,23381.0,23375.9,23380.45,0.0
2026-09-21 10:46:00,23380.5,23383.4,23380.5,23381.05,0.0
2026-09-21 10:47:00,23382.05,23387.0,23378.15,23379.05,0.0
2026-09-21 10:48:00,23379.15,23381.1,23374.65,23374.9,0.0
2026-09-21 10:49:00,23375.9,23379.45,23375.25,23376.65,0.0
2026-09-21 10:50:00,23376.75,23380.75,23376.75,23378.25,0.0
2026-09-21 10:51:00,23379.3,23383.1,23379.0,23381.5,0.0
2026-09-21 10:52:00,23381.35,23384.5,23381.35,23383.45,0.0
2026-09-21 10:53:00,23384.25,23386.65,23383.05,23385.15,0.0
2026-09-21 10:54:00,23386.05,23389.0,23383.0,23386.75,0.0
2026-09-21 10:55:00,23386.85,23389.95,23379.55,23379.65,0.0
2026-09-21 10:56:00,23380.05,23384.45,23379.6,23382.95,0.0
2026-09-21 10:57:00,23382.3,23388.55,23382.1,23384.3,0.0
2026-09-21 10:58:00,23384.85,23387.3,23383.45,23384.85,0.0
2026-09-21 10:59:00,23384.5,23389.4,23383.75,23386.8,0.0
2026-09-21 11:00:00,23388.1,23390.9,23384.45,23385.05,0.0
2026-09-21 11:01:00,23385.3,23387.65,23381.95,23383.5,0.0
2026-09-21 11:02:00,23385.0,23388.3,23384.6,23385.8,0.0
2026-09-21 11:03:00,23385.95,23388.95,23384.4,23388.5,0.0
2026-09-21 11:04:00,23388.15,23393.65,23387.55,23389.35,0.0
2026-09-21 11:05:00,23388.4,23391.05,23384.95,23386.75,0.0
2026-09-21 11:06:00,23387.3,23392.0,23385.95,23388.9,0.0
2026-09-21 11:07:00,23389.55,23392.65,23388.8,23391.65,0.0
2026-09-21 11:08:00,23391.6,23395.2,23390.65,23391.1,0.0
2026-09-21 11:09:00,23391.9,23395.5,23391.3,23394.0,0.0
2026-09-21 11:10:00,23393.75,23395.3,23392.2,23394.05,0.0
2026-09-21 11:11:00,23393.8,23398.25,23393.3,23396.9,0.0
2026-09-21 11:12:00,23396.5,23398.7,23393.95,23395.3,0.0
2026-09-21 11:13:00,23395.85,23402.4,23395.6,23398.8,0.0
2026-09-21 11:14:00,23398.4,23400.0,23395.45,23397.45,0.0
2026-09-21 11:15:00,23397.65,23399.6,23394.35,23395.65,0.0
2026-09-21 11:16:00,23395.4,23396.8,23390.05,23391.9,0.0
2026-09-21 11:17:00,23391.75,23394.0,23389.3,23390.35,0.0
2026-09-21 11:18:00,23390.8,23392.95,23385.8,23388.05,0.0
2026-09-21 11:19:00,23388.1,23391.8,23387.45,23390.3,0.0
2026-09-21 11:20:00,23390.9,23394.5,23389.4,23390.15,0.0
2026-09-21 11:21:00,23391.0,23393.7,23387.65,23389.95,0.0
2026-09-21 11:22:00,23389.45,23393.35,23388.0,23392.25,0.0
2026-09-21 11:23:00,23392.45,23396.1,23391.7,23395.05,0.0
2026-09-21 11:24:00,23396.2,23397.1,23392.45,23393.55,0.0
2026-09-21 11:25:00,23393.35,23396.8,23391.6,23392.7,0.0
2026-09-21 11:26:00,23393.05,23394.9,23391.7,23393.15,0.0
2026-09-21 11:27:00,23393.95,23398.35,23393.25,23395.9,0.0
2026-09-21 11:28:00,23396.1,23400.25,23394.6,23398.1,0.0
2026-09-21 11:29:00,23398.95,23400.15,23396.65,23398.0,0.0
2026-09-21 11:30:00,23398.35,23402.15,23398.15,23399.55,0.0
2026-09-21 11:31:00,23399.75,23403.15,23398.65,23402.1,0.0
2026-09-21 11:32:00,23402.2,23403.15,23399.15,23402.5,0.0
2026-09-21 11:33:00,23401.95,23409.35,23399.1,23409.1,0.0
2026-09-21 11:34:00,23408.95,23410.75,23404.65,23405.05,0.0
2026-09-21 11:35:00,23405.1,23405.6,23397.6,23397.95,0.0
2026-09-21 11:36:00,23397.75,23402.95,23397.5,23400.9,0.0
2026-09-21 11:37:00,23400.6,23404.2,23399.1,23400.65,0.0
2026-09-21 11:38:00,23400.45,23401.95,23398.15,23398.85,0.0
2026-09-21 11:39:00,23399.2,23399.8,23397.55,23398.5,0.0
2026-09-21 11:40:00,23398.95,23400.1,23396.4,23397.2,0.0
2026-09-21 11:41:00,23397.5,23403.75,23397.4,23401.95,0.0
2026-09-21 11:42:00,23401.0,23405.15,23400.8,23402.0,0.0
2026-09-21 11:43:00,23402.05,23404.8,23401.4,23401.8,0.0
2026-09-21 11:44:00,23402.7,23405.25,23400.4,23403.65,0.0
2026-09-21 11:45:00,23402.5,23404.8,23400.95,23402.3,0.0
2026-09-21 11:46:00,23403.05,23403.75,23395.75,23398.55,0.0
2026-09-21 11:47:00,23397.55,23399.4,23394.5,23395.6,0.0
2026-09-21 11:48:00,23396.35,23402.6,23396.25,23398.95,0.0
2026-09-21 11:49:00,23399.25,23401.95,23397.7,23398.5,0.0
2026-09-21 11:50:00,23398.0,23400.4,23397.75,23399.75,0.0
2026-09-21 11:51:00,23399.8,23402.0,23398.4,23400.4,0.0
2026-09-21 11:52:00,23401.0,23406.7,23400.95,23405.1,0.0
2026-09-21 11:53:00,23405.5,23410.55,23404.75,23409.3,0.0
2026-09-21 11:54:00,23410.2,23416.85,23409.9,23416.25,0.0
2026-09-21 11:55:00,23417.2,23419.25,23414.2,23416.75,0.0
2026-09-21 11:56:00,23417.2,23421.65,23416.5,23419.9,0.0
2026-09-21 11:57:00,23420.35,23422.25,23418.7,23419.7,0.0
2026-09-21 11:58:00,23420.85,23430.75,23420.6,23426.9,0.0
2026-09-21 11:59:00,23427.8,23431.3,23423.65,23425.45,0.0
2026-09-21 12:00:00,23425.95,23434.05,23425.45,23430.25,0.0
2026-09-21 12:01:00,23430.8,23431.3,23425.0,23429.25,0.0
2026-09-21 12:02:00,23428.9,23430.1,23423.45,23424.3,0.0
2026-09-21 12:03:00,23425.25,23427.3,23419.5,23421.1,0.0
2026-09-21 12:04:00,23422.2,23426.3,23419.7,23425.05,0.0
2026-09-21 12:05:00,23424.8,23426.55,23421.6,23422.1,0.0
2026-09-21 12:06:00,23423.3,23427.0,23422.05,23423.0,0.0
2026-09-21 12:07:00,23423.75,23426.8,23418.8,23418.85,0.0
2026-09-21 12:08:00,23419.35,23424.7,23417.95,23420.7,0.0
2026-09-21 12:09:00,23420.55,23421.05,23414.25,23415.55,0.0
2026-09-21 12:10:00,23415.75,23417.1,23411.15,23412.9,0.0
2026-09-21 12:11:00,23413.9,23419.1,23413.5,23417.8,0.0
2026-09-21 12:12:00,23417.85,23419.15,23414.5,23416.55,0.0
2026-09-21 12:13:00,23416.05,23419.3,23415.55,23418.35,0.0
2026-09-21 12:14:00,23419.15,23419.85,23415.95,23417.55,0.0
2026-09-21 12:15:00,23418.4,23419.4,23414.55,23417.6,0.0
2026-09-21 12:16:00,23418.65,23419.95,23416.55,23417.95,0.0
2026-09-21 12:17:00,23418.35,23418.6,23414.9,23415.35,0.0
2026-09-21 12:18:00,23415.65,23419.1,23414.3,23415.65,0.0
2026-09-21 12:19:00,23415.6,23419.25,23414.9,23418.45,0.0
2026-09-21 12:20:00,23418.8,23419.55,23414.3,23415.8,0.0
2026-09-21 12:21:00,23416.7,23422.1,23416.0,23420.25,0.0
2026-09-21 12:22:00,23420.2,23421.5,23411.4,23412.35,0.0
2026-09-21 12:23:00,23412.05,23415.7,23409.65,23411.2,0.0
2026-09-21 12:24:00,23411.35,23415.1,23410.65,23413.95,0.0
2026-09-21 12:25:00,23414.65,23416.5,23413.4,23415.1,0.0
2026-09-21 12:26:00,23414.75,23420.65,23414.6,23416.1,0.0
2026-09-21 12:27:00,23416.25,23419.45,23415.1,23416.7,0.0
2026-09-21 12:28:00,23417.3,23420.65,23416.1,23417.5,0.0
2026-09-21 12:29:00,23419.1,23421.0,23418.25,23419.45,0.0
2026-09-21 12:30:00,23419.75,23423.0,23419.3,23422.85,0.0
2026-09-21 12:31:00,23424.0,23424.25,23418.6,23419.45,0.0
2026-09-21 12:32:00,23420.25,23422.6,23414.9,23415.75,0.0
2026-09-21 12:33:00,23416.05,23417.95,23409.95,23412.3,0.0
2026-09-21 12:34:00,23412.35,23415.7,23412.1,23414.9,0.0
2026-09-21 12:35:00,23415.8,23416.9,23412.4,23414.7,0.0
2026-09-21 12:36:00,23414.9,23416.55,23413.1,23414.4,0.0
2026-09-21 12:37:00,23414.65,23417.7,23414.15,23415.0,0.0
2026-09-21 12:38:00,23415.45,23417.5,23414.25,23415.55,0.0
2026-09-21 12:39:00,23416.55,23416.9,23411.1,23412.5,0.0
2026-09-21 12:40:00,23412.75,23414.6,23409.9,23413.05,0.0
2026-09-21 12:41:00,23413.35,23413.75,23407.95,23410.85,0.0
2026-09-21 12:42:00,23410.65,23413.2,23410.1,23410.8,0.0
2026-09-21 12:43:00,23411.65,23413.0,23410.15,23410.55,0.0
2026-09-21 12:44:00,23411.3,23415.75,23409.85,23414.45,0.0
2026-09-21 12:45:00,23414.65,23416.45,23413.2,23415.55,0.0
2026-09-21 12:46:00,23415.8,23417.25,23414.2,23414.7,0.0
2026-09-21 12:47:00,23415.7,23415.85,23412.05,23413.9,0.0
2026-09-21 12:48:00,23413.6,23414.7,23411.7,23413.0,0.0
2026-09-21 12:49:00,23413.3,23414.2,23411.25,23413.6,0.0
2026-09-21 12:50:00,23413.4,23414.15,23410.5,23413.45,0.0
2026-09-21 12:51:00,23413.1,23415.45,23411.05,23414.1,0.0
2026-09-21 12:52:00,23414.95,23415.6,23411.4,23412.55,0.0
2026-09-21 12:53:00,23411.45,23414.2,23410.6,23412.75,0.0
2026-09-21 12:54:00,23414.1,23417.55,23413.85,23415.1,0.0
2026-09-21 12:55:00,23416.4,23418.0,23414.1,23415.25,0.0
2026-09-21 12:56:00,23415.45,23417.25,23413.25,23415.3,0.0
2026-09-21 12:57:00,23416.05,23417.85,23413.65,23415.25,0.0
2026-09-21 12:58:00,23414.45,23417.25,23411.95,23414.1,0.0
2026-09-21 12:59:00,23414.45,23415.65,23411.95,23412.65,0.0
2026-09-21 13:00:00,23412.4,23413.55,23410.3,23410.4,0.0
2026-09-21 13:01:00,23410.05,23414.0,23409.95,23413.1,0.0
2026-09-21 13:02:00,23412.4,23415.45,23411.7,23414.1,0.0
2026-09-21 13:03:00,23412.95,23415.2,23406.4,23406.75,0.0
2026-09-21 13:04:00,23406.3,23407.95,23403.25,23405.75,0.0
2026-09-21 13:05:00,23404.8,23410.55,23403.35,23407.85,0.0
2026-09-21 13:06:00,23406.95,23410.95,23406.2,23409.95,0.0
2026-09-21 13:07:00,23408.35,23409.75,23401.75,23402.95,0.0
2026-09-21 13:08:00,23402.35,23405.2,23401.5,23404.05,0.0
2026-09-21 13:09:00,23403.05,23406.05,23400.7,23401.3,0.0
2026-09-21 13:10:00,23400.6,23404.7,23397.65,23402.6,0.0
2026-09-21 13:11:00,23402.0,23405.0,23400.0,23402.0,0.0
2026-09-21 13:12:00,23401.15,23406.35,23401.15,23404.45,0.0
2026-09-21 13:13:00,23403.55,23408.9,23403.55,23407.95,0.0
2026-09-21 13:14:00,23406.25,23411.45,23406.25,23409.2,0.0
2026-09-21 13:15:00,23409.05,23417.25,23409.05,23416.5,0.0
2026-09-21 13:16:00,23415.7,23419.65,23415.7,23419.1,0.0
2026-09-21 13:17:00,23418.35,23419.75,23416.7,23418.45,0.0
2026-09-21 13:18:00,23417.7,23420.95,23417.4,23419.8,0.0
2026-09-21 13:19:00,23419.5,23424.55,23419.5,23423.65,0.0
2026-09-21 13:20:00,23422.85,23427.75,23422.85,23426.55,0.0
2026-09-21 13:21:00,23425.15,23427.2,23420.65,23425.45,0.0
2026-09-21 13:22:00,23424.6,23428.3,23424.6,23425.9,0.0
2026-09-21 13:23:00,23425.6,23429.15,23425.1,23426.65,0.0
2026-09-21 13:24:00,23425.65,23428.05,23421.25,23425.0,0.0
2026-09-21 13:25:00,23424.9,23428.25,23424.25,23427.95,0.0
2026-09-21 13:26:00,23425.75,23430.1,23425.75,23429.15,0.0
2026-09-21 13:27:00,23428.4,23431.7,23428.35,23429.35,0.0
2026-09-21 13:28:00,23429.1,23432.25,23428.65,23431.65,0.0
2026-09-21 13:29:00,23430.9,23432.1,23427.25,23430.75,0.0
2026-09-21 13:30:00,23430.45,23432.3,23426.7,23426.8,0.0
2026-09-21 13:31:00,23426.9,23428.9,23425.35,23428.75,0.0
2026-09-21 13:32:00,23427.65,23431.7,23427.65,23431.55,0.0
2026-09-21 13:33:00,23430.6,23434.45,23430.2,23433.7,0.0
2026-09-21 13:34:00,23432.15,23437.65,23432.15,23436.95,0.0
2026-09-21 13:35:00,23435.9,23437.7,23433.45,23435.15,0.0
2026-09-21 13:36:00,23434.35,23437.3,23430.75,23434.5,0.0
2026-09-21 13:37:00,23432.95,23436.65,23432.85,23435.0,0.0
2026-09-21 13:38:00,23434.2,23435.9,23432.2,23433.0,0.0
2026-09-21 13:39:00,23432.0,23436.15,23432.0,23433.4,0.0
2026-09-21 13:40:00,23432.35,23433.85,23429.3,23429.45,0.0
2026-09-21 13:41:00,23428.7,23431.55,23428.7,23431.15,0.0
2026-09-21 13:42:00,23429.6,23433.15,23427.35,23427.5,0.0
2026-09-21 13:43:00,23426.7,23429.45,23423.35,23426.9,0.0
2026-09-21 13:44:00,23426.0,23431.2,23426.0,23427.9,0.0
2026-09-21 13:45:00,23427.2,23431.8,23427.2,23430.1,0.0
2026-09-21 13:46:00,23429.35,23432.45,23427.3,23429.6,0.0
2026-09-21 13:47:00,23428.9,23432.85,23428.9,23430.3,0.0
2026-09-21 13:48:00,23429.1,23432.95,23429.1,23431.95,0.0
2026-09-21 13:49:00,23431.15,23434.45,23427.45,23433.65,0.0
2026-09-21 13:50:00,23431.95,23437.2,23431.95,23436.35,0.0
2026-09-21 13:51:00,23435.6,23440.85,23435.6,23437.35,0.0
2026-09-21 13:52:00,23435.95,23440.15,23435.95,23438.4,0.0
2026-09-21 13:53:00,23437.55,23441.05,23436.45,23438.05,0.0
2026-09-21 13:54:00,23436.5,23439.25,23434.95,23436.9,0.0
2026-09-21 13:55:00,23435.9,23444.65,23435.9,23444.45,0.0
2026-09-21 13:56:00,23443.75,23447.4,23443.15,23445.6,0.0
2026-09-21 13:57:00,23444.35,23452.55,23444.35,23452.55,0.0
2026-09-21 13:58:00,23451.2,23457.15,23451.2,23455.95,0.0
2026-09-21 13:59:00,23454.95,23466.8,23454.95,23463.0,0.0
2026-09-21 14:00:00,23462.2,23466.6,23461.2,23462.35,0.0
2026-09-21 14:01:00,23462.1,23466.0,23460.25,23463.35,0.0
2026-09-21 14:02:00,23462.0,23465.3,23462.0,23464.75,0.0
2026-09-21 14:03:00,23463.25,23465.35,23461.6,23462.8,0.0
2026-09-21 14:04:00,23461.65,23463.95,23458.1,23460.0,0.0
2026-09-21 14:05:00,23459.0,23460.25,23455.65,23458.5,0.0
2026-09-21 14:06:00,23457.7,23460.65,23457.4,23459.8,0.0
2026-09-21 14:07:00,23458.9,23460.4,23455.25,23457.0,0.0
2026-09-21 14:08:00,23455.9,23459.4,23455.05,23455.3,0.0
2026-09-21 14:09:00,23454.6,23456.7,23451.9,23453.85,0.0
2026-09-21 14:10:00,23452.25,23455.85,23449.6,23452.05,0.0
2026-09-21 14:11:00,23450.95,23457.95,23450.8,23455.3,0.0
2026-09-21 14:12:00,23454.5,23457.8,23454.05,23457.1,0.0
2026-09-21 14:13:00,23456.4,23459.15,23453.7,23456.5,0.0
2026-09-21 14:14:00,23455.9,23459.1,23451.15,23452.7,0.0
2026-09-21 14:15:00,23451.7,23455.5,23451.7,23452.0,0.0
2026-09-21 14:16:00,23451.2,23454.05,23450.3,23453.6,0.0
2026-09-21 14:17:00,23453.05,23456.75,23452.4,23455.4,0.0
2026-09-21 14:18:00,23455.05,23460.65,23455.05,23459.7,0.0
2026-09-21 14:19:00,23459.5,23461.5,23456.35,23459.0,0.0
2026-09-21 14:20:00,23458.5,23463.25,23458.5,23462.15,0.0
2026-09-21 14:21:00,23461.25,23464.05,23456.1,23456.9,0.0
2026-09-21 14:22:00,23455.85,23458.05,23450.0,23453.05,0.0
2026-09-21 14:23:00,23452.55,23455.25,23452.2,23454.35,0.0
2026-09-21 14:24:00,23453.7,23456.9,23453.7,23455.2,0.0
2026-09-21 14:25:00,23454.8,23457.1,23452.8,23452.8,0.0
2026-09-21 14:26:00,23452.25,23457.05,23452.25,23456.05,0.0
2026-09-21 14:27:00,23455.4,23459.6,23455.1,23458.25,0.0
2026-09-21 14:28:00,23457.65,23462.0,23449.35,23450.2,0.0
2026-09-21 14:29:00,23449.6,23451.2,23445.3,23448.9,0.0
2026-09-21 14:30:00,23448.2,23449.8,23441.5,23445.0,0.0
2026-09-21 14:31:00,23443.95,23450.05,23443.95,23446.45,0.0
2026-09-21 14:32:00,23445.5,23449.3,23444.6,23447.9,0.0
2026-09-21 14:33:00,23447.0,23450.0,23446.6,23447.4,0.0
2026-09-21 14:34:00,23446.5,23449.7,23444.25,23446.35,0.0
2026-09-21 14:35:00,23446.2,23447.2,23441.7,23443.15,0.0
2026-09-21 14:36:00,23441.35,23448.55,23441.35,23445.75,0.0
2026-09-21 14:37:00,23445.1,23449.2,23444.8,23448.5,0.0
2026-09-21 14:38:00,23448.05,23453.05,23448.05,23452.15,0.0
2026-09-21 14:39:00,23451.45,23452.7,23446.9,23447.7,0.0
2026-09-21 14:40:00,23446.95,23452.0,23446.95,23450.1,0.0
2026-09-21 14:41:00,23450.55,23451.45,23447.75,23448.9,0.0
2026-09-21 14:42:00,23448.8,23451.45,23447.45,23451.0,0.0
2026-09-21 14:43:00,23450.8,23452.85,23449.85,23451.45,0.0
2026-09-21 14:44:00,23450.9,23452.9,23449.35,23450.3,0.0
2026-09-21 14:45:00,23450.25,23452.4,23449.6,23450.65,0.0
2026-09-21 14:46:00,23449.9,23451.55,23448.7,23448.95,0.0
2026-09-21 14:47:00,23447.6,23451.3,23447.05,23450.3,0.0
2026-09-21 14:48:00,23449.8,23453.05,23448.55,23450.1,0.0
2026-09-21 14:49:00,23450.85,23452.55,23449.15,23450.65,0.0
2026-09-21 14:50:00,23450.25,23456.0,23449.7,23450.7,0.0
2026-09-21 14:51:00,23450.55,23452.65,23447.45,23450.35,0.0
2026-09-21 14:52:00,23450.65,23453.15,23448.55,23450.7,0.0
2026-09-21 14:53:00,23450.2,23451.6,23446.95,23449.25,0.0
2026-09-21 14:54:00,23448.85,23453.35,23448.75,23453.2,0.0
2026-09-21 14:55:00,23452.3,23453.35,23448.7,23450.65,0.0
2026-09-21 14:56:00,23449.75,23453.65,23449.6,23450.45,0.0
2026-09-21 14:57:00,23450.05,23456.3,23450.05,23451.0,0.0
2026-09-21 14:58:00,23450.5,23453.15,23446.15,23446.9,0.0
2026-09-21 14:59:00,23446.45,23448.7,23444.15,23447.25,0.0
2026-09-21 15:00:00,23448.4,23448.9,23441.1,23447.65,0.0
2026-09-21 15:01:00,23448.5,23450.0,23444.35,23444.9,0.0
2026-09-21 15:02:00,23445.9,23446.2,23440.5,23442.5,0.0
2026-09-21 15:03:00,23442.8,23444.8,23439.55,23442.55,0.0
2026-09-21 15:04:00,23443.7,23443.7,23439.85,23441.15,0.0
2026-09-21 15:05:00,23442.1,23442.9,23439.2,23441.3,0.0
2026-09-21 15:06:00,23442.0,23443.3,23437.7,23438.25,0.0
2026-09-21 15:07:00,23440.1,23440.8,23434.45,23435.85,0.0
2026-09-21 15:08:00,23436.25,23437.45,23433.1,23436.0,0.0
2026-09-21 15:09:00,23436.6,23441.0,23433.25,23437.65,0.0
2026-09-21 15:10:00,23438.6,23441.3,23436.1,23437.15,0.0
2026-09-21 15:11:00,23437.85,23440.1,23434.3,23435.85,0.0
2026-09-21 15:12:00,23435.65,23439.05,23427.6,23429.3,0.0
2026-09-21 15:13:00,23431.35,23439.3,23427.8,23435.45,0.0
2026-09-21 15:14:00,23433.55,23437.1,23423.6,23428.9,0.0
2026-09-21 15:20:00,23366.1,23414.65,23362.35,23397.75,0.0
2026-09-21 15:21:00,23397.75,23411.55,23397.65,23411.1,0.0
2026-09-21 15:22:00,23411.1,23415.05,23411.1,23411.75,0.0
2026-09-21 15:23:00,23411.85,23411.85,23405.0,23406.9,0.0
2026-09-21 15:24:00,23406.9,23409.3,23406.6,23408.35,0.0
2026-09-21 15:25:00,23408.35,23411.85,23408.3,23411.85,0.0
2026-09-21 15:26:00,23411.85,23412.25,23410.4,23411.5,0.0
2026-09-21 15:27:00,23411.4,23411.8,23410.55,23411.8,0.0
2026-09-21 15:28:00,23414.3,23414.3,23414.3,23414.3,0.0
2026-09-22 09:15:00,23454.05,23489.0,23448.65,23451.85,0.0
2026-09-22 09:16:00,23454.5,23461.05,23434.05,23437.9,0.0
2026-09-22 09:17:00,23440.05,23443.15,23434.55,23442.35,0.0
2026-09-22 09:18:00,23442.95,23454.75,23441.4,23453.4,0.0
2026-09-22 09:19:00,23454.4,23456.0,23445.7,23446.5,0.0
2026-09-22 09:20:00,23446.9,23452.0,23436.45,23438.1,0.0
2026-09-22 09:21:00,23440.55,23447.75,23438.1,23446.25,0.0
2026-09-22 09:22:00,23448.05,23452.25,23445.15,23445.3,0.0
2026-09-22 09:23:00,23447.25,23451.45,23443.05,23448.0,0.0
2026-09-22 09:24:00,23449.95,23453.5,23446.95,23447.75,0.0
2026-09-22 09:25:00,23449.5,23449.5,23437.55,23439.3,0.0
2026-09-22 09:26:00,23441.1,23441.1,23431.45,23432.15,0.0
2026-09-22 09:27:00,23434.5,23434.5,23425.7,23431.8,0.0
2026-09-22 09:28:00,23433.55,23438.75,23431.65,23437.4,0.0
2026-09-22 09:29:00,23438.75,23447.25,23436.55,23445.95,0.0
2026-09-22 09:30:00,23447.95,23453.9,23444.75,23446.55,0.0
2026-09-22 09:31:00,23449.35,23452.8,23444.45,23450.85,0.0
2026-09-22 09:32:00,23451.65,23452.0,23438.4,23439.25,0.0
2026-09-22 09:33:00,23441.6,23443.6,23435.35,23435.35,0.0
2026-09-22 09:34:00,23437.75,23439.7,23434.5,23436.35,0.0
2026-09-22 09:35:00,23438.7,23438.7,23433.7,23434.35,0.0
2026-09-22 09:36:00,23436.35,23438.45,23433.2,23435.5,0.0
2026-09-22 09:37:00,23436.85,23445.05,23434.5,23444.4,0.0
2026-09-22 09:38:00,23446.15,23451.1,23442.55,23447.15,0.0
2026-09-22 09:39:00,23449.0,23453.75,23446.95,23451.7,0.0
2026-09-22 09:40:00,23453.1,23453.1,23442.95,23448.05,0.0
2026-09-22 09:41:00,23449.6,23454.65,23447.5,23452.35,0.0
2026-09-22 09:42:00,23454.25,23457.45,23451.3,23456.6,0.0
2026-09-22 09:43:00,23456.7,23459.55,23450.7,23453.85,0.0
2026-09-22 09:44:00,23454.0,23457.15,23451.95,23456.0,0.0
2026-09-22 09:45:00,23456.25,23460.25,23453.35,23455.35,0.0
2026-09-22 09:46:00,23455.1,23460.9,23454.9,23459.6,0.0
2026-09-22 09:47:00,23459.8,23461.6,23458.25,23460.0,0.0
2026-09-22 09:48:00,23460.05,23464.55,23454.65,23455.75,0.0
2026-09-22 09:49:00,23456.2,23456.65,23452.7,23455.45,0.0
2026-09-22 09:50:00,23455.25,23460.85,23453.3,23459.85,0.0
2026-09-22 09:51:00,23459.5,23460.6,23452.85,23453.4,0.0
2026-09-22 09:52:00,23454.0,23459.35,23452.05,23458.15,0.0
2026-09-22 09:53:00,23457.75,23460.2,23455.4,23457.95,0.0
2026-09-22 09:54:00,23459.05,23461.85,23455.85,23457.1,0.0
2026-09-22 09:55:00,23457.45,23457.95,23450.35,23453.65,0.0
2026-09-22 09:56:00,23454.0,23459.35,23452.6,23454.95,0.0
2026-09-22 09:57:00,23455.7,23456.4,23449.55,23451.8,0.0
2026-09-22 09:58:00,23451.35,23457.55,23450.45,23456.7,0.0
2026-09-22 09:59:00,23457.25,23458.4,23454.5,23457.2,0.0
2026-09-22 10:00:00,23457.25,23462.45,23456.35,23461.65,0.0
2026-09-22 10:01:00,23461.45,23464.05,23458.35,23459.5,0.0
2026-09-22 10:02:00,23459.55,23460.8,23453.8,23455.15,0.0
2026-09-22 10:03:00,23455.6,23461.5,23454.35,23460.75,0.0
2026-09-22 10:04:00,23460.95,23465.1,23458.55,23461.1,0.0
2026-09-22 10:05:00,23461.05,23463.95,23459.05,23460.9,0.0
2026-09-22 10:06:00,23460.8,23462.1,23454.0,23454.4,0.0
2026-09-22 10:07:00,23454.3,23461.95,23453.0,23459.65,0.0
2026-09-22 10:08:00,23459.45,23465.25,23458.35,23464.65,0.0
2026-09-22 10:09:00,23464.35,23469.9,23462.75,23467.05,0.0
2026-09-22 10:10:00,23466.9,23470.45,23463.1,23465.0,0.0
2026-09-22 10:11:00,23464.9,23470.6,23463.6,23465.3,0.0
2026-09-22 10:12:00,23465.2,23465.95,23459.45,23462.75,0.0
2026-09-22 10:13:00,23462.6,23462.9,23457.6,23462.0,0.0
2026-09-22 10:14:00,23461.85,23466.25,23461.3,23465.2,0.0
2026-09-22 10:15:00,23465.1,23465.95,23457.1,23458.05,0.0
2026-09-22 10:16:00,23458.8,23459.3,23453.15,23456.15,0.0
2026-09-22 10:17:00,23456.0,23460.95,23454.55,23460.25,0.0
2026-09-22 10:18:00,23460.2,23461.75,23455.75,23460.65,0.0
2026-09-22 10:19:00,23460.8,23461.9,23457.8,23458.5,0.0
2026-09-22 10:20:00,23458.8,23460.35,23453.8,23454.1,0.0
2026-09-22 10:21:00,23454.65,23457.0,23447.4,23448.0,0.0
2026-09-22 10:22:00,23448.3,23448.3,23435.75,23437.7,0.0
2026-09-22 10:23:00,23437.65,23448.75,23436.8,23445.55,0.0
2026-09-22 10:24:00,23445.4,23446.55,23442.55,23444.1,0.0
2026-09-22 10:25:00,23444.05,23444.25,23436.9,23437.8,0.0
2026-09-22 10:26:00,23437.75,23438.7,23432.5,23433.5,0.0
2026-09-22 10:27:00,23433.35,23439.3,23431.35,23437.05,0.0
2026-09-22 10:28:00,23437.0,23440.35,23435.05,23440.3,0.0
2026-09-22 10:29:00,23438.6,23444.35,23437.3,23437.35,0.0
2026-09-22 10:30:00,23437.2,23439.75,23428.5,23429.1,0.0
2026-09-22 10:31:00,23429.0,23429.0,23421.8,23426.9,0.0
2026-09-22 10:32:00,23426.6,23427.2,23419.75,23420.2,0.0
2026-09-22 10:33:00,23419.9,23420.9,23414.2,23415.65,0.0
2026-09-22 10:34:00,23415.8,23424.45,23415.3,23422.25,0.0
2026-09-22 10:35:00,23421.85,23421.85,23408.9,23409.25,0.0
2026-09-22 10:36:00,23409.7,23413.4,23407.2,23411.75,0.0
2026-09-22 10:37:00,23411.8,23414.1,23408.75,23413.6,0.0
2026-09-22 10:38:00,23413.55,23413.6,23404.8,23406.25,0.0
2026-09-22 10:39:00,23406.0,23406.3,23398.6,23400.15,0.0
2026-09-22 10:40:00,23399.25,23411.3,23399.05,23405.8,0.0
2026-09-22 10:41:00,23406.15,23406.7,23387.8,23387.8,0.0
2026-09-22 10:42:00,23388.2,23388.3,23368.2,23385.7,0.0
2026-09-22 10:43:00,23385.75,23394.05,23384.2,23392.4,0.0
2026-09-22 10:44:00,23393.25,23393.4,23382.3,23382.7,0.0
2026-09-22 10:45:00,23382.6,23383.3,23372.6,23374.65,0.0
2026-09-22 10:46:00,23374.7,23383.2,23374.1,23382.15,0.0
2026-09-22 10:47:00,23382.65,23385.7,23380.15,23384.45,0.0
2026-09-22 10:48:00,23384.9,23385.35,23378.0,23378.7,0.0
2026-09-22 10:49:00,23378.5,23383.1,23376.15,23376.75,0.0
2026-09-22 10:50:00,23377.1,23377.5,23366.9,23369.15,0.0
2026-09-22 10:51:00,23369.0,23373.0,23367.7,23371.7,0.0
2026-09-22 10:52:00,23371.8,23373.2,23363.5,23364.9,0.0
2026-09-22 10:53:00,23364.4,23367.3,23363.0,23366.15,0.0
2026-09-22 10:54:00,23366.05,23375.85,23365.6,23375.6,0.0
2026-09-22 10:55:00,23375.5,23378.8,23373.05,23378.25,0.0
2026-09-22 10:56:00,23378.3,23380.55,23375.2,23376.8,0.0
2026-09-22 10:57:00,23376.7,23384.45,23375.8,23381.85,0.0
2026-09-22 10:58:00,23382.75,23385.45,23378.2,23382.95,0.0
2026-09-22 10:59:00,23383.0,23390.75,23381.75,23388.55,0.0
2026-09-22 11:00:00,23389.0,23390.0,23381.4,23383.75,0.0
2026-09-22 11:01:00,23383.5,23385.2,23372.35,23376.35,0.0
2026-09-22 11:02:00,23376.1,23379.0,23374.55,23374.65,0.0
2026-09-22 11:03:00,23375.15,23376.9,23370.25,23374.7,0.0
2026-09-22 11:04:00,23375.25,23378.05,23373.65,23374.85,0.0
2026-09-22 11:05:00,23374.95,23376.7,23368.75,23371.75,0.0
2026-09-22 11:06:00,23372.2,23376.65,23371.3,23376.4,0.0
2026-09-22 11:07:00,23376.55,23377.4,23371.5,23374.75,0.0
2026-09-22 11:08:00,23374.65,23376.1,23370.6,23373.7,0.0
2026-09-22 11:09:00,23374.05,23379.0,23372.55,23377.75,0.0
2026-09-22 11:10:00,23378.3,23383.55,23376.8,23381.85,0.0
2026-09-22 11:11:00,23382.25,23384.75,23380.45,23382.2,0.0
2026-09-22 11:12:00,23382.35,23384.1,23381.2,23383.15,0.0
2026-09-22 11:13:00,23383.6,23390.45,23382.2,23387.95,0.0
2026-09-22 11:14:00,23388.6,23395.1,23386.9,23393.3,0.0
2026-09-22 11:15:00,23393.45,23393.7,23389.3,23391.35,0.0
2026-09-22 11:16:00,23391.25,23396.9,23388.75,23394.25,0.0
2026-09-22 11:17:00,23394.3,23399.15,23393.55,23396.35,0.0
2026-09-22 11:18:00,23396.85,23396.85,23390.9,23392.6,0.0
2026-09-22 11:19:00,23391.5,23391.85,23384.35,23385.2,0.0
2026-09-22 11:20:00,23385.55,23390.45,23384.5,23390.35,0.0
2026-09-22 11:21:00,23390.5,23394.25,23387.75,23392.4,0.0
2026-09-22 11:22:00,23392.45,23397.75,23392.15,23396.4,0.0
2026-09-22 11:23:00,23396.5,23398.8,23393.8,23394.75,0.0
2026-09-22 11:24:00,23395.15,23401.1,23394.2,23399.65,0.0
2026-09-22 11:25:00,23399.55,23404.0,23398.35,23399.65,0.0
2026-09-22 11:26:00,23400.3,23400.3,23395.35,23395.85,0.0
2026-09-22 11:27:00,23396.2,23398.9,23393.7,23394.7,0.0
2026-09-22 11:28:00,23394.5,23398.4,23392.95,23394.4,0.0
2026-09-22 11:29:00,23395.35,23397.15,23391.25,23392.15,0.0
2026-09-22 11:30:00,23392.85,23393.65,23384.55,23386.15,0.0
2026-09-22 11:31:00,23386.6,23388.5,23381.45,23382.55,0.0
2026-09-22 11:32:00,23382.5,23382.75,23378.35,23382.55,0.0
2026-09-22 11:33:00,23382.2,23386.15,23380.65,23382.35,0.0
2026-09-22 11:34:00,23381.55,23384.65,23380.5,23380.65,0.0
2026-09-22 11:35:00,23380.7,23380.85,23372.7,23377.9,0.0
2026-09-22 11:36:00,23378.1,23380.9,23375.9,23379.35,0.0
2026-09-22 11:37:00,23380.1,23380.35,23375.3,23378.75,0.0
2026-09-22 11:38:00,23378.85,23381.45,23377.9,23378.95,0.0
2026-09-22 11:39:00,23379.35,23380.65,23369.95,23370.7,0.0
2026-09-22 11:40:00,23371.45,23375.8,23366.55,23373.7,0.0
2026-09-22 11:41:00,23374.35,23377.15,23372.75,23373.6,0.0
2026-09-22 11:42:00,23373.85,23375.35,23366.75,23367.9,0.0
2026-09-22 11:43:00,23368.05,23369.25,23365.85,23368.45,0.0
2026-09-22 11:44:00,23368.9,23373.85,23367.45,23371.4,0.0
2026-09-22 11:45:00,23371.8,23373.05,23369.8,23370.95,0.0
2026-09-22 11:46:00,23371.15,23371.2,23359.4,23361.2,0.0
2026-09-22 11:47:00,23361.3,23362.7,23357.1,23360.4,0.0
2026-09-22 11:48:00,23359.4,23369.8,23358.85,23365.8,0.0
2026-09-22 11:49:00,23365.95,23367.0,23362.0,23363.8,0.0
2026-09-22 11:50:00,23363.95,23365.05,23360.5,23362.4,0.0
2026-09-22 11:51:00,23362.7,23363.3,23355.9,23357.35,0.0
2026-09-22 11:52:00,23357.45,23364.7,23355.3,23363.6,0.0
2026-09-22 11:53:00,23363.25,23363.55,23357.65,23359.15,0.0
2026-09-22 11:54:00,23359.35,23359.9,23351.95,23351.95,0.0
2026-09-22 11:55:00,23352.4,23352.4,23345.75,23348.6,0.0
2026-09-22 11:56:00,23348.85,23354.4,23341.5,23354.25,0.0
2026-09-22 11:57:00,23353.9,23355.7,23350.35,23354.1,0.0
2026-09-22 11:58:00,23354.45,23358.45,23352.05,23358.45,0.0
2026-09-22 11:59:00,23358.35,23361.15,23356.6,23361.05,0.0
2026-09-22 12:00:00,23360.85,23362.25,23356.1,23357.5,0.0
2026-09-22 12:01:00,23357.8,23358.4,23353.55,23356.0,0.0
2026-09-22 12:02:00,23356.1,23359.7,23354.45,23356.0,0.0
2026-09-22 12:03:00,23356.1,23361.35,23354.8,23361.1,0.0
2026-09-22 12:04:00,23361.15,23362.45,23358.25,23359.4,0.0
2026-09-22 12:05:00,23359.45,23362.45,23358.3,23362.45,0.0
2026-09-22 12:06:00,23362.35,23363.2,23357.6,23360.6,0.0
2026-09-22 12:07:00,23360.7,23360.7,23355.25,23358.0,0.0
2026-09-22 12:08:00,23358.05,23364.4,23356.55,23363.05,0.0
2026-09-22 12:09:00,23363.25,23365.65,23361.7,23365.15,0.0
2026-09-22 12:10:00,23365.1,23367.25,23361.75,23363.4,0.0
2026-09-22 12:11:00,23363.55,23363.7,23357.5,23359.55,0.0
2026-09-22 12:12:00,23359.3,23361.2,23358.1,23359.85,0.0
2026-09-22 12:13:00,23359.9,23361.65,23354.35,23355.4,0.0
2026-09-22 12:14:00,23355.95,23359.75,23354.5,23356.9,0.0
2026-09-22 12:15:00,23356.95,23357.05,23350.0,23351.0,0.0
2026-09-22 12:16:00,23351.5,23356.55,23350.5,23355.9,0.0
2026-09-22 12:17:00,23356.15,23359.8,23355.45,23359.75,0.0
2026-09-22 12:18:00,23359.7,23362.4,23358.15,23360.3,0.0
2026-09-22 12:19:00,23360.2,23367.25,23358.5,23366.65,0.0
2026-09-22 12:20:00,23366.85,23368.1,23361.65,23361.85,0.0
2026-09-22 12:21:00,23362.15,23366.75,23361.4,23366.6,0.0
2026-09-22 12:22:00,23366.75,23367.2,23361.5,23363.3,0.0
2026-09-22 12:23:00,23363.8,23367.2,23361.45,23363.8,0.0
2026-09-22 12:24:00,23364.2,23364.45,23358.85,23360.85,0.0
2026-09-22 12:25:00,23361.05,23362.95,23358.9,23361.35,0.0
2026-09-22 12:26:00,23361.6,23365.7,23360.5,23363.6,0.0
2026-09-22 12:27:00,23363.75,23367.3,23356.25,23361.7,0.0
2026-09-22 12:28:00,23361.65,23365.4,23357.6,23363.9,0.0
2026-09-22 12:29:00,23364.0,23364.75,23356.25,23358.2,0.0
2026-09-22 12:30:00,23358.25,23358.4,23352.6,23353.85,0.0
2026-09-22 12:31:00,23353.95,23357.3,23352.15,23356.5,0.0
2026-09-22 12:32:00,23357.15,23361.75,23355.85,23360.6,0.0
2026-09-22 12:33:00,23360.65,23363.2,23358.7,23359.15,0.0
2026-09-22 12:34:00,23359.35,23363.85,23357.9,23363.55,0.0
2026-09-22 12:35:00,23362.75,23365.4,23361.2,23363.55,0.0
2026-09-22 12:36:00,23363.2,23363.25,23357.05,23359.75,0.0
2026-09-22 12:37:00,23360.25,23360.45,23356.5,23359.25,0.0
2026-09-22 12:38:00,23357.8,23361.3,23357.8,23359.05,0.0
2026-09-22 12:39:00,23359.5,23361.15,23355.7,23358.0,0.0
2026-09-22 12:40:00,23358.7,23363.2,23355.15,23362.05,0.0
2026-09-22 12:41:00,23362.45,23362.6,23357.45,23359.65,0.0
2026-09-22 12:42:00,23359.7,23362.05,23357.6,23359.15,0.0
2026-09-22 12:43:00,23359.35,23361.6,23351.1,23352.4,0.0
2026-09-22 12:44:00,23353.45,23354.5,23344.45,23345.95,0.0
2026-09-22 12:45:00,23346.45,23347.1,23340.55,23342.85,0.0
2026-09-22 12:46:00,23342.8,23349.35,23341.45,23346.3,0.0
2026-09-22 12:47:00,23347.0,23350.15,23344.4,23347.55,0.0
2026-09-22 12:48:00,23347.65,23351.85,23346.45,23351.15,0.0
2026-09-22 12:49:00,23351.1,23353.65,23340.7,23342.75,0.0
2026-09-22 12:50:00,23342.8,23343.5,23333.55,23335.85,0.0
2026-09-22 12:51:00,23336.0,23339.65,23331.35,23334.5,0.0
2026-09-22 12:52:00,23334.8,23345.65,23333.2,23341.95,0.0
2026-09-22 12:53:00,23342.1,23343.0,23337.45,23338.35,0.0
2026-09-22 12:54:00,23338.5,23340.2,23333.8,23334.2,0.0
2026-09-22 12:55:00,23334.8,23335.2,23324.55,23325.8,0.0
2026-09-22 12:56:00,23326.0,23338.25,23325.1,23338.25,0.0
2026-09-22 12:57:00,23338.1,23339.1,23333.05,23334.1,0.0
2026-09-22 12:58:00,23334.35,23336.35,23332.0,23332.75,0.0
2026-09-22 12:59:00,23332.4,23334.4,23331.35,23332.1,0.0
2026-09-22 13:00:00,23332.3,23333.05,23319.1,23323.2,0.0
2026-09-22 13:01:00,23323.15,23334.45,23320.15,23333.25,0.0
2026-09-22 13:02:00,23333.75,23334.45,23323.75,23324.95,0.0
2026-09-22 13:03:00,23325.1,23325.1,23320.85,23323.0,0.0
2026-09-22 13:04:00,23323.4,23326.75,23322.15,23325.1,0.0
2026-09-22 13:05:00,23325.05,23329.0,23324.0,23328.75,0.0
2026-09-22 13:06:00,23328.25,23333.65,23327.2,23332.9,0.0
2026-09-22 13:07:00,23333.3,23339.9,23331.75,23338.3,0.0
2026-09-22 13:08:00,23338.7,23339.5,23335.45,23339.15,0.0
2026-09-22 13:09:00,23338.8,23341.75,23337.1,23340.9,0.0
2026-09-22 13:10:00,23341.25,23343.0,23339.35,23340.55,0.0
2026-09-22 13:11:00,23340.95,23341.55,23337.25,23337.8,0.0
2026-09-22 13:12:00,23337.95,23340.3,23336.6,23339.75,0.0
2026-09-22 13:13:00,23339.7,23339.7,23335.1,23336.9,0.0
2026-09-22 13:14:00,23336.7,23341.1,23336.2,23339.15,0.0
2026-09-22 13:15:00,23339.55,23344.05,23338.15,23339.8,0.0
2026-09-22 13:16:00,23339.45,23340.8,23336.25,23338.65,0.0
2026-09-22 13:17:00,23339.0,23339.7,23331.95,23333.1,0.0
2026-09-22 13:18:00,23333.5,23334.75,23329.25,23332.45,0.0
2026-09-22 13:19:00,23332.6,23336.85,23331.5,23334.65,0.0
2026-09-22 13:20:00,23335.1,23335.95,23329.35,23329.65,0.0
2026-09-22 13:21:00,23330.05,23331.95,23326.85,23328.65,0.0
2026-09-22 13:22:00,23328.55,23329.65,23326.05,23327.45,0.0
2026-09-22 13:23:00,23327.9,23329.35,23325.95,23327.3,0.0
2026-09-22 13:24:00,23327.15,23332.1,23325.7,23331.8,0.0
2026-09-22 13:25:00,23331.7,23334.0,23330.0,23332.6,0.0
2026-09-22 13:26:00,23332.3,23334.95,23329.15,23331.0,0.0
2026-09-22 13:27:00,23330.85,23336.25,23329.35,23335.5,0.0
2026-09-22 13:28:00,23335.65,23340.95,23335.2,23338.3,0.0
2026-09-22 13:29:00,23338.5,23341.0,23336.3,23339.85,0.0
2026-09-22 13:30:00,23339.95,23343.0,23338.35,23341.7,0.0
2026-09-22 13:31:00,23341.65,23344.95,23340.95,23343.1,0.0
2026-09-22 13:32:00,23342.85,23345.0,23340.35,23341.25,0.0
2026-09-22 13:33:00,23340.95,23344.35,23339.5,23342.45,0.0
2026-09-22 13:34:00,23342.25,23347.4,23342.25,23343.55,0.0
2026-09-22 13:35:00,23344.2,23347.1,23341.55,23345.55,0.0
2026-09-22 13:36:00,23345.65,23348.55,23343.0,23345.35,0.0
2026-09-22 13:37:00,23345.3,23347.0,23343.3,23345.95,0.0
2026-09-22 13:38:00,23346.2,23347.35,23342.1,23343.7,0.0
2026-09-22 13:39:00,23343.45,23346.75,23341.2,23344.85,0.0
2026-09-22 13:40:00,23344.9,23348.2,23343.8,23345.95,0.0
2026-09-22 13:41:00,23346.0,23348.65,23344.4,23345.55,0.0
2026-09-22 13:42:00,23345.85,23355.35,23345.25,23352.45,0.0
2026-09-22 13:43:00,23352.55,23353.05,23343.7,23346.4,0.0
2026-09-22 13:44:00,23346.05,23346.65,23338.4,23339.35,0.0
2026-09-22 13:45:00,23339.3,23339.3,23330.5,23331.6,0.0
2026-09-22 13:46:00,23332.05,23333.45,23328.55,23329.9,0.0
2026-09-22 13:47:00,23329.75,23336.8,23329.45,23334.25,0.0
2026-09-22 13:48:00,23334.2,23336.1,23327.9,23328.5,0.0
2026-09-22 13:49:00,23328.6,23329.25,23321.35,23328.8,0.0
2026-09-22 13:50:00,23328.6,23329.2,23323.85,23325.0,0.0
2026-09-22 13:51:00,23325.1,23326.7,23319.45,23320.4,0.0
2026-09-22 13:52:00,23321.1,23328.2,23319.3,23326.95,0.0
2026-09-22 13:53:00,23326.75,23327.8,23307.55,23308.1,0.0
2026-09-22 13:54:00,23308.15,23310.25,23299.25,23307.5,0.0
2026-09-22 13:55:00,23308.0,23319.85,23306.4,23311.05,0.0
2026-09-22 13:56:00,23310.85,23311.05,23304.2,23305.9,0.0
2026-09-22 13:57:00,23305.25,23308.5,23304.2,23305.8,0.0
2026-09-22 13:58:00,23305.5,23310.15,23303.1,23306.25,0.0
2026-09-22 13:59:00,23306.9,23309.8,23302.45,23305.2,0.0
2026-09-22 14:00:00,23305.05,23305.8,23285.75,23288.65,0.0
2026-09-22 14:01:00,23288.7,23302.1,23287.6,23302.1,0.0
2026-09-22 14:02:00,23301.95,23304.75,23296.45,23298.8,0.0
2026-09-22 14:03:00,23298.5,23303.4,23296.4,23297.65,0.0
2026-09-22 14:04:00,23298.0,23308.8,23295.7,23308.45,0.0
2026-09-22 14:05:00,23308.1,23311.8,23298.55,23299.55,0.0
2026-09-22 14:06:00,23300.05,23309.0,23296.1,23306.6,0.0
2026-09-22 14:07:00,23307.15,23308.5,23298.3,23298.4,0.0
2026-09-22 14:08:00,23298.2,23302.95,23297.35,23302.15,0.0
2026-09-22 14:09:00,23301.95,23313.05,23301.8,23312.85,0.0
2026-09-22 14:10:00,23313.25,23321.3,23312.8,23317.45,0.0
2026-09-22 14:11:00,23317.4,23326.2,23312.4,23325.75,0.0
2026-09-22 14:12:00,23325.95,23340.05,23322.5,23339.4,0.0
2026-09-22 14:13:00,23339.7,23340.75,23331.75,23333.5,0.0
2026-09-22 14:14:00,23334.25,23383.9,23330.45,23382.6,0.0
2026-09-22 14:15:00,23383.6,23402.3,23373.05,23373.95,0.0
2026-09-22 14:16:00,23374.4,23376.55,23359.6,23376.55,0.0
2026-09-22 14:17:00,23376.3,23386.5,23375.25,23385.45,0.0
2026-09-22 14:18:00,23385.25,23388.5,23377.6,23385.0,0.0
2026-09-22 14:19:00,23385.3,23386.8,23379.1,23384.45,0.0
2026-09-22 14:20:00,23383.3,23396.95,23383.0,23393.95,0.0
2026-09-22 14:21:00,23393.7,23403.1,23391.8,23393.35,0.0
2026-09-22 14:22:00,23393.7,23400.9,23391.55,23395.7,0.0
2026-09-22 14:23:00,23395.5,23399.9,23388.7,23389.4,0.0
2026-09-22 14:24:00,23390.1,23393.2,23377.05,23379.05,0.0
2026-09-22 14:25:00,23379.2,23392.35,23378.1,23390.9,0.0
2026-09-22 14:26:00,23390.75,23394.85,23385.3,23393.1,0.0
2026-09-22 14:27:00,23393.7,23396.55,23386.35,23391.4,0.0
2026-09-22 14:28:00,23391.65,23391.85,23383.55,23391.35,0.0
2026-09-22 14:29:00,23391.15,23395.65,23388.6,23389.8,0.0
2026-09-22 14:30:00,23390.25,23392.95,23384.35,23390.5,0.0
2026-09-22 14:31:00,23390.25,23393.75,23386.0,23392.3,0.0
2026-09-22 14:32:00,23392.8,23397.65,23388.7,23394.1,0.0
2026-09-22 14:33:00,23394.6,23396.2,23385.25,23388.3,0.0
2026-09-22 14:34:00,23388.95,23388.95,23377.15,23381.3,0.0
2026-09-22 14:35:00,23381.2,23392.05,23379.95,23391.35,0.0
2026-09-22 14:36:00,23391.05,23396.45,23388.55,23394.9,0.0
2026-09-22 14:37:00,23395.45,23395.45,23383.35,23390.9,0.0
2026-09-22 14:38:00,23391.0,23392.05,23381.5,23384.1,0.0
2026-09-22 14:39:00,23384.35,23386.9,23382.7,23384.4,0.0
2026-09-22 14:40:00,23385.75,23389.4,23379.65,23380.8,0.0
2026-09-22 14:41:00,23381.05,23381.05,23373.4,23380.1,0.0
2026-09-22 14:42:00,23380.55,23380.55,23359.9,23367.65,0.0
2026-09-22 14:43:00,23368.55,23372.15,23366.6,23369.65,0.0
2026-09-22 14:44:00,23370.55,23376.35,23368.15,23369.0,0.0
2026-09-22 14:45:00,23369.15,23381.95,23367.6,23380.15,0.0
2026-09-22 14:46:00,23379.4,23380.85,23373.7,23378.1,0.0
2026-09-22 14:47:00,23378.35,23379.5,23373.3,23376.35,0.0
2026-09-22 14:48:00,23376.2,23379.2,23371.05,23375.0,0.0
2026-09-22 14:49:00,23374.55,23376.5,23371.2,23372.25,0.0
2026-09-22 14:50:00,23372.15,23382.4,23368.45,23382.3,0.0
2026-09-22 14:51:00,23382.05,23383.5,23373.05,23373.5,0.0
2026-09-22 14:52:00,23374.05,23379.9,23367.75,23379.05,0.0
2026-09-22 14:53:00,23379.2,23380.4,23371.25,23372.75,0.0
2026-09-22 14:54:00,23372.35,23381.05,23372.35,23378.3,0.0
2026-09-22 14:55:00,23378.55,23379.3,23368.1,23376.5,0.0
2026-09-22 14:56:00,23375.95,23377.7,23367.45,23370.25,0.0
2026-09-22 14:57:00,23370.65,23371.1,23365.9,23366.65,0.0
2026-09-22 14:58:00,23366.4,23367.45,23357.9,23360.0,0.0
2026-09-22 14:59:00,23359.25,23359.25,23350.75,23357.7,0.0
2026-09-22 15:00:00,23358.05,23362.05,23355.1,23356.1,0.0
2026-09-22 15:01:00,23357.1,23364.2,23353.4,23361.45,0.0
2026-09-22 15:02:00,23361.1,23365.3,23358.55,23359.0,0.0
2026-09-22 15:03:00,23360.1,23360.4,23353.05,23359.25,0.0
2026-09-22 15:04:00,23359.05,23362.7,23357.1,23358.25,0.0
2026-09-22 15:05:00,23357.7,23363.8,23356.5,23358.35,0.0
2026-09-22 15:06:00,23357.95,23359.2,23352.0,23356.9,0.0
2026-09-22 15:07:00,23356.4,23358.4,23351.6,23353.8,0.0
2026-09-22 15:08:00,23353.95,23356.0,23349.7,23350.45,0.0
2026-09-22 15:09:00,23350.75,23358.05,23348.55,23356.85,0.0
2026-09-22 15:10:00,23357.4,23358.9,23352.4,23358.9,0.0
2026-09-22 15:11:00,23358.6,23363.5,23356.1,23362.4,0.0
2026-09-22 15:12:00,23362.05,23363.15,23350.65,23360.5,0.0
2026-09-22 15:13:00,23361.0,23361.2,23349.7,23353.8,0.0
2026-09-22 15:14:00,23353.45,23358.25,23346.7,23349.55,0.0
2026-09-22 15:28:00,23329.0,23329.0,23329.0,23329.0,0.0
